----------------------------------------------------------------------------------------------------
Namespace(dataset='Cora', pretrain_datasets=['Citeseer', 'Pubmed', 'Photo', 'Computers', 'FacebookPagePage', 'LastFMAsia'], downstream_task='node', gpu=0, pretrain_method='GRAPHCL', aug_type='edge', drop_percent=0.1, seed=39, combinetype='mul', graphId=[1], alpha=1.0, beta=1.0, negative_samples_num=40, skip_pretrain=0, ablation_pre='all', ablation_down='all', unify_dim=50, shot_num=1, lr=0.001, hid_units=256, layers_num=3, backbone='gcn', reliability_loss=1, reliability_mode='descriptor', reliability_visualize=1, reliability_visual_interval=1000, reliability_log_interval=500)
----------------------------------------------------------------------------------------------------
2263880
CUDA Available: True
gpu: 0
['Citeseer', 'Pubmed', 'Photo', 'Computers', 'FacebookPagePage', 'LastFMAsia']
0
pretrain checkpoint load failed, start pretraining: try to use trained models
step 0
Using CUDA
[ReliabilityLoss] step=1 mode=descriptor pos(mean/min/max)=0.9645/0.2441/1.0000 neg(mean/min/max)=0.6134/0.3093/0.9185 base_bce=0.910633 weighted_bce=0.734119 weighted/base=0.8062
Loss:[4.40471172]
Loading 0th epoch
Loss:[12.23412800]
Loading 0th epoch
Loss:[15.11317825]
Loading 0th epoch
Loss:[14.31950951]
Loading 0th epoch
Loss:[11.91762161]
Loading 0th epoch
Loss:[8.94488239]
Loading 0th epoch
Loss:[6.07690811]
Loading 0th epoch
Loss:[4.34687281]
Loading 7th epoch
Loss:[5.77288485]
Loading 7th epoch
Loss:[5.20502806]
Loading 7th epoch
Loss:[4.19094086]
Loading 10th epoch
Loss:[4.12884569]
Loading 11th epoch
Loss:[4.20688295]
Loading 11th epoch
Loss:[4.17891121]
Loading 11th epoch
Loss:[4.00866508]
Loading 14th epoch
Loss:[3.68958044]
Loading 15th epoch
Loss:[3.31277943]
Loading 16th epoch
Loss:[3.00575686]
Loading 17th epoch
Loss:[2.81123114]
Loading 18th epoch
Loss:[2.73647761]
Loading 19th epoch
Loss:[2.73089218]
Loading 20th epoch
Loss:[2.58974361]
Loading 21th epoch
Loss:[2.48289967]
Loading 22th epoch
Loss:[2.46823764]
Loading 23th epoch
Loss:[2.46633458]
Loading 24th epoch
Loss:[2.41841793]
Loading 25th epoch
Loss:[2.33328605]
Loading 26th epoch
Loss:[2.26669788]
Loading 27th epoch
Loss:[2.18976974]
Loading 28th epoch
Loss:[2.11587787]
Loading 29th epoch
Loss:[2.05691266]
Loading 30th epoch
Loss:[2.02813435]
Loading 31th epoch
Loss:[2.00423455]
Loading 32th epoch
Loss:[1.98182714]
Loading 33th epoch
Loss:[1.94188821]
Loading 34th epoch
Loss:[1.89090335]
Loading 35th epoch
Loss:[1.83332920]
Loading 36th epoch
Loss:[1.80446792]
Loading 37th epoch
Loss:[1.78400660]
Loading 38th epoch
Loss:[1.76239944]
Loading 39th epoch
Loss:[1.72160256]
Loading 40th epoch
Loss:[1.67976880]
Loading 41th epoch
Loss:[1.64031827]
Loading 42th epoch
Loss:[1.61386323]
Loading 43th epoch
Loss:[1.58401000]
Loading 44th epoch
Loss:[1.54907775]
Loading 45th epoch
Loss:[1.51056039]
Loading 46th epoch
Loss:[1.47616482]
Loading 47th epoch
Loss:[1.44258153]
Loading 48th epoch
Loss:[1.40836883]
Loading 49th epoch
Loss:[1.37693059]
Loading 50th epoch
Loss:[1.34430587]
Loading 51th epoch
Loss:[1.31106532]
Loading 52th epoch
Loss:[1.27600634]
Loading 53th epoch
Loss:[1.24201417]
Loading 54th epoch
Loss:[1.20532346]
Loading 55th epoch
Loss:[1.16935360]
Loading 56th epoch
Loss:[1.13377774]
Loading 57th epoch
Loss:[1.09893978]
Loading 58th epoch
Loss:[1.06309271]
Loading 59th epoch
Loss:[1.02890396]
Loading 60th epoch
Loss:[0.99521506]
Loading 61th epoch
Loss:[0.96101743]
Loading 62th epoch
Loss:[0.92578530]
Loading 63th epoch
Loss:[0.89131707]
Loading 64th epoch
Loss:[0.85739154]
Loading 65th epoch
Loss:[0.82405412]
Loading 66th epoch
Loss:[0.79113764]
Loading 67th epoch
Loss:[0.75917947]
Loading 68th epoch
Loss:[0.72743201]
Loading 69th epoch
Loss:[0.69626778]
Loading 70th epoch
Loss:[0.66578561]
Loading 71th epoch
Loss:[0.63637364]
Loading 72th epoch
Loss:[0.60768569]
Loading 73th epoch
Loss:[0.57976121]
Loading 74th epoch
Loss:[0.55283296]
Loading 75th epoch
Loss:[0.52687383]
Loading 76th epoch
Loss:[0.50189704]
Loading 77th epoch
Loss:[0.47771999]
Loading 78th epoch
Loss:[0.45450869]
Loading 79th epoch
Loss:[0.43229952]
Loading 80th epoch
Loss:[0.41103113]
Loading 81th epoch
Loss:[0.39073393]
Loading 82th epoch
Loss:[0.37135768]
Loading 83th epoch
Loss:[0.35294354]
Loading 84th epoch
Loss:[0.33546194]
Loading 85th epoch
Loss:[0.31881255]
Loading 86th epoch
Loss:[0.30299836]
Loading 87th epoch
Loss:[0.28801158]
Loading 88th epoch
Loss:[0.27382326]
Loading 89th epoch
Loss:[0.26042446]
Loading 90th epoch
Loss:[0.24777111]
Loading 91th epoch
Loss:[0.23581640]
Loading 92th epoch
Loss:[0.22454309]
Loading 93th epoch
Loss:[0.21391577]
Loading 94th epoch
Loss:[0.20389096]
Loading 95th epoch
Loss:[0.19443499]
Loading 96th epoch
Loss:[0.18552133]
Loading 97th epoch
Loss:[0.17711131]
Loading 98th epoch
Loss:[0.16917577]
Loading 99th epoch
Loss:[0.16169323]
Loading 100th epoch
Loss:[0.15463778]
Loading 101th epoch
Loss:[0.14797737]
Loading 102th epoch
Loss:[0.14168356]
Loading 103th epoch
Loss:[0.13573253]
Loading 104th epoch
Loss:[0.13010290]
Loading 105th epoch
Loss:[0.12477800]
Loading 106th epoch
Loss:[0.11973930]
Loading 107th epoch
Loss:[0.11497195]
Loading 108th epoch
Loss:[0.11045976]
Loading 109th epoch
Loss:[0.10618801]
Loading 110th epoch
Loss:[0.10214310]
Loading 111th epoch
Loss:[0.09831198]
Loading 112th epoch
Loss:[0.09468113]
Loading 113th epoch
Loss:[0.09123693]
Loading 114th epoch
Loss:[0.08796714]
Loading 115th epoch
Loss:[0.08486243]
Loading 116th epoch
Loss:[0.08191381]
Loading 117th epoch
Loss:[0.07911111]
Loading 118th epoch
Loss:[0.07644565]
Loading 119th epoch
Loss:[0.07390916]
Loading 120th epoch
Loss:[0.07149416]
Loading 121th epoch
Loss:[0.06919242]
Loading 122th epoch
Loss:[0.06699624]
Loading 123th epoch
Loss:[0.06489857]
Loading 124th epoch
Loss:[0.06289230]
Loading 125th epoch
Loss:[0.06097275]
Loading 126th epoch
Loss:[0.05913499]
Loading 127th epoch
Loss:[0.05737428]
Loading 128th epoch
Loss:[0.05568597]
Loading 129th epoch
Loss:[0.05406553]
Loading 130th epoch
Loss:[0.05250971]
Loading 131th epoch
Loss:[0.05101418]
Loading 132th epoch
Loss:[0.04957520]
Loading 133th epoch
Loss:[0.04818961]
Loading 134th epoch
Loss:[0.04685488]
Loading 135th epoch
Loss:[0.04556892]
Loading 136th epoch
Loss:[0.04432990]
Loading 137th epoch
Loss:[0.04313565]
Loading 138th epoch
Loss:[0.04198498]
Loading 139th epoch
Loss:[0.04087646]
Loading 140th epoch
Loss:[0.03980681]
Loading 141th epoch
Loss:[0.03877356]
Loading 142th epoch
Loss:[0.03777508]
Loading 143th epoch
Loss:[0.03680959]
Loading 144th epoch
Loss:[0.03587520]
Loading 145th epoch
Loss:[0.03497053]
Loading 146th epoch
Loss:[0.03409438]
Loading 147th epoch
Loss:[0.03324589]
Loading 148th epoch
Loss:[0.03242474]
Loading 149th epoch
Loss:[0.03162901]
Loading 150th epoch
Loss:[0.03085826]
Loading 151th epoch
Loss:[0.03011156]
Loading 152th epoch
Loss:[0.02938805]
Loading 153th epoch
Loss:[0.02868681]
Loading 154th epoch
Loss:[0.02800700]
Loading 155th epoch
Loss:[0.02734785]
Loading 156th epoch
Loss:[0.02670838]
Loading 157th epoch
Loss:[0.02608790]
Loading 158th epoch
Loss:[0.02548552]
Loading 159th epoch
Loss:[0.02490082]
Loading 160th epoch
Loss:[0.02433313]
Loading 161th epoch
Loss:[0.02378175]
Loading 162th epoch
Loss:[0.02324602]
Loading 163th epoch
Loss:[0.02272537]
Loading 164th epoch
Loss:[0.02221930]
Loading 165th epoch
Loss:[0.02172722]
Loading 166th epoch
Loss:[0.02124890]
Loading 167th epoch
Loss:[0.02078386]
Loading 168th epoch
Loss:[0.02033165]
Loading 169th epoch
Loss:[0.01989212]
Loading 170th epoch
Loss:[0.01946510]
Loading 171th epoch
Loss:[0.01905046]
Loading 172th epoch
Loss:[0.01864793]
Loading 173th epoch
Loss:[0.01825744]
Loading 174th epoch
Loss:[0.01787863]
Loading 175th epoch
Loss:[0.01751109]
Loading 176th epoch
Loss:[0.01715417]
Loading 177th epoch
Loss:[0.01680729]
Loading 178th epoch
Loss:[0.01646992]
Loading 179th epoch
Loss:[0.01614159]
Loading 180th epoch
Loss:[0.01582202]
Loading 181th epoch
Loss:[0.01551085]
Loading 182th epoch
Loss:[0.01520776]
Loading 183th epoch
Loss:[0.01491243]
Loading 184th epoch
Loss:[0.01462475]
Loading 185th epoch
Loss:[0.01434450]
Loading 186th epoch
Loss:[0.01407145]
Loading 187th epoch
Loss:[0.01380557]
Loading 188th epoch
Loss:[0.01354666]
Loading 189th epoch
Loss:[0.01329457]
Loading 190th epoch
Loss:[0.01304908]
Loading 191th epoch
Loss:[0.01281006]
Loading 192th epoch
Loss:[0.01257734]
Loading 193th epoch
Loss:[0.01235076]
Loading 194th epoch
Loss:[0.01213012]
Loading 195th epoch
Loss:[0.01191528]
Loading 196th epoch
Loss:[0.01170608]
Loading 197th epoch
Loss:[0.01150234]
Loading 198th epoch
Loss:[0.01130392]
Loading 199th epoch
Loss:[0.01111060]
Loading 200th epoch
Loss:[0.01092225]
Loading 201th epoch
Loss:[0.01073868]
Loading 202th epoch
Loss:[0.01055967]
Loading 203th epoch
Loss:[0.01038515]
Loading 204th epoch
Loss:[0.01021496]
Loading 205th epoch
Loss:[0.01004894]
Loading 206th epoch
Loss:[0.00988698]
Loading 207th epoch
Loss:[0.00972894]
Loading 208th epoch
Loss:[0.00957467]
Loading 209th epoch
Loss:[0.00942404]
Loading 210th epoch
Loss:[0.00927697]
Loading 211th epoch
Loss:[0.00913336]
Loading 212th epoch
Loss:[0.00899307]
Loading 213th epoch
Loss:[0.00885597]
Loading 214th epoch
Loss:[0.00872192]
Loading 215th epoch
Loss:[0.00859088]
Loading 216th epoch
Loss:[0.00846274]
Loading 217th epoch
Loss:[0.00833743]
Loading 218th epoch
Loss:[0.00821486]
Loading 219th epoch
Loss:[0.00809492]
Loading 220th epoch
Loss:[0.00797755]
Loading 221th epoch
Loss:[0.00786269]
Loading 222th epoch
Loss:[0.00775022]
Loading 223th epoch
Loss:[0.00764013]
Loading 224th epoch
Loss:[0.00753233]
Loading 225th epoch
Loss:[0.00742676]
Loading 226th epoch
Loss:[0.00732338]
Loading 227th epoch
Loss:[0.00722215]
Loading 228th epoch
Loss:[0.00712299]
Loading 229th epoch
Loss:[0.00702585]
Loading 230th epoch
Loss:[0.00693069]
Loading 231th epoch
Loss:[0.00683747]
Loading 232th epoch
Loss:[0.00674614]
Loading 233th epoch
Loss:[0.00665666]
Loading 234th epoch
Loss:[0.00656899]
Loading 235th epoch
Loss:[0.00648307]
Loading 236th epoch
Loss:[0.00639884]
Loading 237th epoch
Loss:[0.00631628]
Loading 238th epoch
Loss:[0.00623538]
Loading 239th epoch
Loss:[0.00615607]
Loading 240th epoch
Loss:[0.00607832]
Loading 241th epoch
Loss:[0.00600210]
Loading 242th epoch
Loss:[0.00592736]
Loading 243th epoch
Loss:[0.00585410]
Loading 244th epoch
Loss:[0.00578227]
Loading 245th epoch
Loss:[0.00571182]
Loading 246th epoch
Loss:[0.00564275]
Loading 247th epoch
Loss:[0.00557501]
Loading 248th epoch
Loss:[0.00550858]
Loading 249th epoch
Loss:[0.00544343]
Loading 250th epoch
Loss:[0.00537953]
Loading 251th epoch
Loss:[0.00531684]
Loading 252th epoch
Loss:[0.00525533]
Loading 253th epoch
Loss:[0.00519497]
Loading 254th epoch
Loss:[0.00513573]
Loading 255th epoch
Loss:[0.00507759]
Loading 256th epoch
Loss:[0.00502052]
Loading 257th epoch
Loss:[0.00496452]
Loading 258th epoch
Loss:[0.00490952]
Loading 259th epoch
Loss:[0.00485553]
Loading 260th epoch
Loss:[0.00480251]
Loading 261th epoch
Loss:[0.00475044]
Loading 262th epoch
Loss:[0.00469930]
Loading 263th epoch
Loss:[0.00464906]
Loading 264th epoch
Loss:[0.00459968]
Loading 265th epoch
Loss:[0.00455117]
Loading 266th epoch
Loss:[0.00450349]
Loading 267th epoch
Loss:[0.00445661]
Loading 268th epoch
Loss:[0.00441053]
Loading 269th epoch
Loss:[0.00436522]
Loading 270th epoch
Loss:[0.00432066]
Loading 271th epoch
Loss:[0.00427683]
Loading 272th epoch
Loss:[0.00423372]
Loading 273th epoch
Loss:[0.00419131]
Loading 274th epoch
Loss:[0.00414957]
Loading 275th epoch
Loss:[0.00410851]
Loading 276th epoch
Loss:[0.00406809]
Loading 277th epoch
Loss:[0.00402831]
Loading 278th epoch
Loss:[0.00398917]
Loading 279th epoch
Loss:[0.00395064]
Loading 280th epoch
Loss:[0.00391270]
Loading 281th epoch
Loss:[0.00387534]
Loading 282th epoch
Loss:[0.00383854]
Loading 283th epoch
Loss:[0.00380229]
Loading 284th epoch
Loss:[0.00376659]
Loading 285th epoch
Loss:[0.00373141]
Loading 286th epoch
Loss:[0.00369676]
Loading 287th epoch
Loss:[0.00366262]
Loading 288th epoch
Loss:[0.00362898]
Loading 289th epoch
Loss:[0.00359583]
Loading 290th epoch
Loss:[0.00356315]
Loading 291th epoch
Loss:[0.00353094]
Loading 292th epoch
Loss:[0.00349919]
Loading 293th epoch
Loss:[0.00346789]
Loading 294th epoch
Loss:[0.00343703]
Loading 295th epoch
Loss:[0.00340660]
Loading 296th epoch
Loss:[0.00337660]
Loading 297th epoch
Loss:[0.00334701]
Loading 298th epoch
Loss:[0.00331783]
Loading 299th epoch
Loss:[0.00328906]
Loading 300th epoch
Loss:[0.00326068]
Loading 301th epoch
Loss:[0.00323268]
Loading 302th epoch
Loss:[0.00320506]
Loading 303th epoch
Loss:[0.00317782]
Loading 304th epoch
Loss:[0.00315095]
Loading 305th epoch
Loss:[0.00312444]
Loading 306th epoch
Loss:[0.00309829]
Loading 307th epoch
Loss:[0.00307249]
Loading 308th epoch
Loss:[0.00304705]
Loading 309th epoch
Loss:[0.00302196]
Loading 310th epoch
Loss:[0.00299721]
Loading 311th epoch
Loss:[0.00297279]
Loading 312th epoch
Loss:[0.00294869]
Loading 313th epoch
Loss:[0.00292492]
Loading 314th epoch
Loss:[0.00290146]
Loading 315th epoch
Loss:[0.00287832]
Loading 316th epoch
Loss:[0.00285549]
Loading 317th epoch
Loss:[0.00283297]
Loading 318th epoch
Loss:[0.00281075]
Loading 319th epoch
Loss:[0.00278882]
Loading 320th epoch
Loss:[0.00276719]
Loading 321th epoch
Loss:[0.00274584]
Loading 322th epoch
Loss:[0.00272477]
Loading 323th epoch
Loss:[0.00270399]
Loading 324th epoch
Loss:[0.00268347]
Loading 325th epoch
Loss:[0.00266322]
Loading 326th epoch
Loss:[0.00264324]
Loading 327th epoch
Loss:[0.00262352]
Loading 328th epoch
Loss:[0.00260405]
Loading 329th epoch
Loss:[0.00258483]
Loading 330th epoch
Loss:[0.00256585]
Loading 331th epoch
Loss:[0.00254712]
Loading 332th epoch
Loss:[0.00252862]
Loading 333th epoch
Loss:[0.00251035]
Loading 334th epoch
Loss:[0.00249231]
Loading 335th epoch
Loss:[0.00247449]
Loading 336th epoch
Loss:[0.00245688]
Loading 337th epoch
Loss:[0.00243949]
Loading 338th epoch
Loss:[0.00242231]
Loading 339th epoch
Loss:[0.00240534]
Loading 340th epoch
Loss:[0.00238856]
Loading 341th epoch
Loss:[0.00237198]
Loading 342th epoch
Loss:[0.00235560]
Loading 343th epoch
Loss:[0.00233941]
Loading 344th epoch
Loss:[0.00232340]
Loading 345th epoch
Loss:[0.00230758]
Loading 346th epoch
Loss:[0.00229194]
Loading 347th epoch
Loss:[0.00227647]
Loading 348th epoch
Loss:[0.00226117]
Loading 349th epoch
Loss:[0.00224606]
Loading 350th epoch
Loss:[0.00223110]
Loading 351th epoch
Loss:[0.00221631]
Loading 352th epoch
Loss:[0.00220169]
Loading 353th epoch
Loss:[0.00218721]
Loading 354th epoch
Loss:[0.00217290]
Loading 355th epoch
Loss:[0.00215874]
Loading 356th epoch
Loss:[0.00214473]
Loading 357th epoch
Loss:[0.00213087]
Loading 358th epoch
Loss:[0.00211716]
Loading 359th epoch
Loss:[0.00210359]
Loading 360th epoch
Loss:[0.00209017]
Loading 361th epoch
Loss:[0.00207688]
Loading 362th epoch
Loss:[0.00206373]
Loading 363th epoch
Loss:[0.00205072]
Loading 364th epoch
Loss:[0.00203784]
Loading 365th epoch
Loss:[0.00202510]
Loading 366th epoch
Loss:[0.00201249]
Loading 367th epoch
Loss:[0.00200000]
Loading 368th epoch
Loss:[0.00198764]
Loading 369th epoch
Loss:[0.00197540]
Loading 370th epoch
Loss:[0.00196328]
Loading 371th epoch
Loss:[0.00195129]
Loading 372th epoch
Loss:[0.00193941]
Loading 373th epoch
Loss:[0.00192765]
Loading 374th epoch
Loss:[0.00191601]
Loading 375th epoch
Loss:[0.00190449]
Loading 376th epoch
Loss:[0.00189307]
Loading 377th epoch
Loss:[0.00188176]
Loading 378th epoch
Loss:[0.00187057]
Loading 379th epoch
Loss:[0.00185948]
Loading 380th epoch
Loss:[0.00184850]
Loading 381th epoch
Loss:[0.00183762]
Loading 382th epoch
Loss:[0.00182685]
Loading 383th epoch
Loss:[0.00181617]
Loading 384th epoch
Loss:[0.00180560]
Loading 385th epoch
Loss:[0.00179513]
Loading 386th epoch
Loss:[0.00178474]
Loading 387th epoch
Loss:[0.00177446]
Loading 388th epoch
Loss:[0.00176428]
Loading 389th epoch
Loss:[0.00175419]
Loading 390th epoch
Loss:[0.00174419]
Loading 391th epoch
Loss:[0.00173428]
Loading 392th epoch
Loss:[0.00172446]
Loading 393th epoch
Loss:[0.00171473]
Loading 394th epoch
Loss:[0.00170509]
Loading 395th epoch
Loss:[0.00169553]
Loading 396th epoch
Loss:[0.00168606]
Loading 397th epoch
Loss:[0.00167668]
Loading 398th epoch
Loss:[0.00166737]
Loading 399th epoch
Loss:[0.00165816]
Loading 400th epoch
Loss:[0.00164902]
Loading 401th epoch
Loss:[0.00163997]
Loading 402th epoch
Loss:[0.00163099]
Loading 403th epoch
Loss:[0.00162209]
Loading 404th epoch
Loss:[0.00161327]
Loading 405th epoch
Loss:[0.00160452]
Loading 406th epoch
Loss:[0.00159585]
Loading 407th epoch
Loss:[0.00158725]
Loading 408th epoch
Loss:[0.00157874]
Loading 409th epoch
Loss:[0.00157029]
Loading 410th epoch
Loss:[0.00156191]
Loading 411th epoch
Loss:[0.00155361]
Loading 412th epoch
Loss:[0.00154537]
Loading 413th epoch
Loss:[0.00153721]
Loading 414th epoch
Loss:[0.00152911]
Loading 415th epoch
Loss:[0.00152108]
Loading 416th epoch
Loss:[0.00151312]
Loading 417th epoch
Loss:[0.00150522]
Loading 418th epoch
Loss:[0.00149739]
Loading 419th epoch
Loss:[0.00148963]
Loading 420th epoch
Loss:[0.00148192]
Loading 421th epoch
Loss:[0.00147429]
Loading 422th epoch
Loss:[0.00146671]
Loading 423th epoch
Loss:[0.00145919]
Loading 424th epoch
Loss:[0.00145174]
Loading 425th epoch
Loss:[0.00144435]
Loading 426th epoch
Loss:[0.00143701]
Loading 427th epoch
Loss:[0.00142974]
Loading 428th epoch
Loss:[0.00142253]
Loading 429th epoch
Loss:[0.00141537]
Loading 430th epoch
Loss:[0.00140827]
Loading 431th epoch
Loss:[0.00140123]
Loading 432th epoch
Loss:[0.00139424]
Loading 433th epoch
Loss:[0.00138731]
Loading 434th epoch
Loss:[0.00138043]
Loading 435th epoch
Loss:[0.00137360]
Loading 436th epoch
Loss:[0.00136683]
Loading 437th epoch
Loss:[0.00136012]
Loading 438th epoch
Loss:[0.00135345]
Loading 439th epoch
Loss:[0.00134683]
Loading 440th epoch
Loss:[0.00134027]
Loading 441th epoch
Loss:[0.00133376]
Loading 442th epoch
Loss:[0.00132730]
Loading 443th epoch
Loss:[0.00132089]
Loading 444th epoch
Loss:[0.00131453]
Loading 445th epoch
Loss:[0.00130821]
Loading 446th epoch
Loss:[0.00130195]
Loading 447th epoch
Loss:[0.00129573]
Loading 448th epoch
Loss:[0.00128956]
Loading 449th epoch
Loss:[0.00128343]
Loading 450th epoch
Loss:[0.00127735]
Loading 451th epoch
Loss:[0.00127132]
Loading 452th epoch
Loss:[0.00126533]
Loading 453th epoch
Loss:[0.00125939]
Loading 454th epoch
Loss:[0.00125349]
Loading 455th epoch
Loss:[0.00124763]
Loading 456th epoch
Loss:[0.00124182]
Loading 457th epoch
Loss:[0.00123605]
Loading 458th epoch
Loss:[0.00123032]
Loading 459th epoch
Loss:[0.00122464]
Loading 460th epoch
Loss:[0.00121900]
Loading 461th epoch
Loss:[0.00121340]
Loading 462th epoch
Loss:[0.00120784]
Loading 463th epoch
Loss:[0.00120232]
Loading 464th epoch
Loss:[0.00119684]
Loading 465th epoch
Loss:[0.00119139]
Loading 466th epoch
Loss:[0.00118599]
Loading 467th epoch
Loss:[0.00118063]
Loading 468th epoch
Loss:[0.00117531]
Loading 469th epoch
Loss:[0.00117002]
Loading 470th epoch
Loss:[0.00116477]
Loading 471th epoch
Loss:[0.00115955]
Loading 472th epoch
Loss:[0.00115438]
Loading 473th epoch
Loss:[0.00114924]
Loading 474th epoch
Loss:[0.00114413]
Loading 475th epoch
Loss:[0.00113907]
Loading 476th epoch
Loss:[0.00113403]
Loading 477th epoch
Loss:[0.00112903]
Loading 478th epoch
Loss:[0.00112408]
Loading 479th epoch
Loss:[0.00111914]
Loading 480th epoch
Loss:[0.00111425]
Loading 481th epoch
Loss:[0.00110939]
Loading 482th epoch
Loss:[0.00110456]
Loading 483th epoch
Loss:[0.00109977]
Loading 484th epoch
Loss:[0.00109500]
Loading 485th epoch
Loss:[0.00109027]
Loading 486th epoch
Loss:[0.00108558]
Loading 487th epoch
Loss:[0.00108091]
Loading 488th epoch
Loss:[0.00107628]
Loading 489th epoch
Loss:[0.00107167]
Loading 490th epoch
Loss:[0.00106710]
Loading 491th epoch
Loss:[0.00106256]
Loading 492th epoch
Loss:[0.00105805]
Loading 493th epoch
Loss:[0.00105357]
Loading 494th epoch
Loss:[0.00104912]
Loading 495th epoch
Loss:[0.00104470]
Loading 496th epoch
Loss:[0.00104030]
Loading 497th epoch
Loss:[0.00103594]
Loading 498th epoch
[ReliabilityLoss] step=500 mode=descriptor pos(mean/min/max)=0.9645/0.2441/1.0000 neg(mean/min/max)=0.6037/0.3045/0.9203 base_bce=0.000252 weighted_bce=0.000172 weighted/base=0.6833
Loss:[0.00103160]
Loading 499th epoch
Loss:[0.00102730]
Loading 500th epoch
Loss:[0.00102302]
Loading 501th epoch
Loss:[0.00101877]
Loading 502th epoch
Loss:[0.00101455]
Loading 503th epoch
Loss:[0.00101035]
Loading 504th epoch
Loss:[0.00100618]
Loading 505th epoch
Loss:[0.00100204]
Loading 506th epoch
Loss:[0.00099793]
Loading 507th epoch
Loss:[0.00099384]
Loading 508th epoch
Loss:[0.00098978]
Loading 509th epoch
Loss:[0.00098575]
Loading 510th epoch
Loss:[0.00098174]
Loading 511th epoch
Loss:[0.00097775]
Loading 512th epoch
Loss:[0.00097380]
Loading 513th epoch
Loss:[0.00096986]
Loading 514th epoch
Loss:[0.00096595]
Loading 515th epoch
Loss:[0.00096207]
Loading 516th epoch
Loss:[0.00095821]
Loading 517th epoch
Loss:[0.00095437]
Loading 518th epoch
Loss:[0.00095056]
Loading 519th epoch
Loss:[0.00094677]
Loading 520th epoch
Loss:[0.00094301]
Loading 521th epoch
Loss:[0.00093927]
Loading 522th epoch
Loss:[0.00093555]
Loading 523th epoch
Loss:[0.00093185]
Loading 524th epoch
Loss:[0.00092818]
Loading 525th epoch
Loss:[0.00092453]
Loading 526th epoch
Loss:[0.00092090]
Loading 527th epoch
Loss:[0.00091730]
Loading 528th epoch
Loss:[0.00091372]
Loading 529th epoch
Loss:[0.00091015]
Loading 530th epoch
Loss:[0.00090661]
Loading 531th epoch
Loss:[0.00090309]
Loading 532th epoch
Loss:[0.00089959]
Loading 533th epoch
Loss:[0.00089612]
Loading 534th epoch
Loss:[0.00089266]
Loading 535th epoch
Loss:[0.00088923]
Loading 536th epoch
Loss:[0.00088581]
Loading 537th epoch
Loss:[0.00088242]
Loading 538th epoch
Loss:[0.00087905]
Loading 539th epoch
Loss:[0.00087569]
Loading 540th epoch
Loss:[0.00087236]
Loading 541th epoch
Loss:[0.00086904]
Loading 542th epoch
Loss:[0.00086575]
Loading 543th epoch
Loss:[0.00086247]
Loading 544th epoch
Loss:[0.00085922]
Loading 545th epoch
Loss:[0.00085598]
Loading 546th epoch
Loss:[0.00085276]
Loading 547th epoch
Loss:[0.00084956]
Loading 548th epoch
Loss:[0.00084638]
Loading 549th epoch
Loss:[0.00084322]
Loading 550th epoch
Loss:[0.00084008]
Loading 551th epoch
Loss:[0.00083695]
Loading 552th epoch
Loss:[0.00083384]
Loading 553th epoch
Loss:[0.00083075]
Loading 554th epoch
Loss:[0.00082768]
Loading 555th epoch
Loss:[0.00082463]
Loading 556th epoch
Loss:[0.00082159]
Loading 557th epoch
Loss:[0.00081857]
Loading 558th epoch
Loss:[0.00081557]
Loading 559th epoch
Loss:[0.00081259]
Loading 560th epoch
Loss:[0.00080962]
Loading 561th epoch
Loss:[0.00080667]
Loading 562th epoch
Loss:[0.00080373]
Loading 563th epoch
Loss:[0.00080082]
Loading 564th epoch
Loss:[0.00079791]
Loading 565th epoch
Loss:[0.00079503]
Loading 566th epoch
Loss:[0.00079216]
Loading 567th epoch
Loss:[0.00078931]
Loading 568th epoch
Loss:[0.00078647]
Loading 569th epoch
Loss:[0.00078365]
Loading 570th epoch
Loss:[0.00078084]
Loading 571th epoch
Loss:[0.00077805]
Loading 572th epoch
Loss:[0.00077528]
Loading 573th epoch
Loss:[0.00077252]
Loading 574th epoch
Loss:[0.00076978]
Loading 575th epoch
Loss:[0.00076705]
Loading 576th epoch
Loss:[0.00076434]
Loading 577th epoch
Loss:[0.00076164]
Loading 578th epoch
Loss:[0.00075896]
Loading 579th epoch
Loss:[0.00075629]
Loading 580th epoch
Loss:[0.00075363]
Loading 581th epoch
Loss:[0.00075100]
Loading 582th epoch
Loss:[0.00074837]
Loading 583th epoch
Loss:[0.00074576]
Loading 584th epoch
Loss:[0.00074316]
Loading 585th epoch
Loss:[0.00074057]
Loading 586th epoch
Loss:[0.00073801]
Loading 587th epoch
Loss:[0.00073545]
Loading 588th epoch
Loss:[0.00073291]
Loading 589th epoch
Loss:[0.00073038]
Loading 590th epoch
Loss:[0.00072786]
Loading 591th epoch
Loss:[0.00072536]
Loading 592th epoch
Loss:[0.00072288]
Loading 593th epoch
Loss:[0.00072040]
Loading 594th epoch
Loss:[0.00071794]
Loading 595th epoch
Loss:[0.00071549]
Loading 596th epoch
Loss:[0.00071305]
Loading 597th epoch
Loss:[0.00071063]
Loading 598th epoch
Loss:[0.00070822]
Loading 599th epoch
Loss:[0.00070582]
Loading 600th epoch
Loss:[0.00070344]
Loading 601th epoch
Loss:[0.00070107]
Loading 602th epoch
Loss:[0.00069870]
Loading 603th epoch
Loss:[0.00069636]
Loading 604th epoch
Loss:[0.00069402]
Loading 605th epoch
Loss:[0.00069170]
Loading 606th epoch
Loss:[0.00068939]
Loading 607th epoch
Loss:[0.00068709]
Loading 608th epoch
Loss:[0.00068480]
Loading 609th epoch
Loss:[0.00068252]
Loading 610th epoch
Loss:[0.00068026]
Loading 611th epoch
Loss:[0.00067801]
Loading 612th epoch
Loss:[0.00067576]
Loading 613th epoch
Loss:[0.00067353]
Loading 614th epoch
Loss:[0.00067132]
Loading 615th epoch
Loss:[0.00066911]
Loading 616th epoch
Loss:[0.00066691]
Loading 617th epoch
Loss:[0.00066473]
Loading 618th epoch
Loss:[0.00066255]
Loading 619th epoch
Loss:[0.00066039]
Loading 620th epoch
Loss:[0.00065824]
Loading 621th epoch
Loss:[0.00065610]
Loading 622th epoch
Loss:[0.00065397]
Loading 623th epoch
Loss:[0.00065185]
Loading 624th epoch
Loss:[0.00064974]
Loading 625th epoch
Loss:[0.00064764]
Loading 626th epoch
Loss:[0.00064556]
Loading 627th epoch
Loss:[0.00064348]
Loading 628th epoch
Loss:[0.00064142]
Loading 629th epoch
Loss:[0.00063936]
Loading 630th epoch
Loss:[0.00063731]
Loading 631th epoch
Loss:[0.00063527]
Loading 632th epoch
Loss:[0.00063325]
Loading 633th epoch
Loss:[0.00063123]
Loading 634th epoch
Loss:[0.00062922]
Loading 635th epoch
Loss:[0.00062723]
Loading 636th epoch
Loss:[0.00062524]
Loading 637th epoch
Loss:[0.00062326]
Loading 638th epoch
Loss:[0.00062129]
Loading 639th epoch
Loss:[0.00061933]
Loading 640th epoch
Loss:[0.00061739]
Loading 641th epoch
Loss:[0.00061545]
Loading 642th epoch
Loss:[0.00061352]
Loading 643th epoch
Loss:[0.00061160]
Loading 644th epoch
Loss:[0.00060968]
Loading 645th epoch
Loss:[0.00060778]
Loading 646th epoch
Loss:[0.00060589]
Loading 647th epoch
Loss:[0.00060401]
Loading 648th epoch
Loss:[0.00060213]
Loading 649th epoch
Loss:[0.00060027]
Loading 650th epoch
Loss:[0.00059841]
Loading 651th epoch
Loss:[0.00059656]
Loading 652th epoch
Loss:[0.00059472]
Loading 653th epoch
Loss:[0.00059289]
Loading 654th epoch
Loss:[0.00059107]
Loading 655th epoch
Loss:[0.00058925]
Loading 656th epoch
Loss:[0.00058745]
Loading 657th epoch
Loss:[0.00058565]
Loading 658th epoch
Loss:[0.00058386]
Loading 659th epoch
Loss:[0.00058208]
Loading 660th epoch
Loss:[0.00058031]
Loading 661th epoch
Loss:[0.00057855]
Loading 662th epoch
Loss:[0.00057680]
Loading 663th epoch
Loss:[0.00057505]
Loading 664th epoch
Loss:[0.00057331]
Loading 665th epoch
Loss:[0.00057158]
Loading 666th epoch
Loss:[0.00056986]
Loading 667th epoch
Loss:[0.00056815]
Loading 668th epoch
Loss:[0.00056644]
Loading 669th epoch
Loss:[0.00056474]
Loading 670th epoch
Loss:[0.00056305]
Loading 671th epoch
Loss:[0.00056137]
Loading 672th epoch
Loss:[0.00055969]
Loading 673th epoch
Loss:[0.00055802]
Loading 674th epoch
Loss:[0.00055636]
Loading 675th epoch
Loss:[0.00055471]
Loading 676th epoch
Loss:[0.00055307]
Loading 677th epoch
Loss:[0.00055143]
Loading 678th epoch
Loss:[0.00054980]
Loading 679th epoch
Loss:[0.00054818]
Loading 680th epoch
Loss:[0.00054656]
Loading 681th epoch
Loss:[0.00054495]
Loading 682th epoch
Loss:[0.00054335]
Loading 683th epoch
Loss:[0.00054176]
Loading 684th epoch
Loss:[0.00054017]
Loading 685th epoch
Loss:[0.00053859]
Loading 686th epoch
Loss:[0.00053702]
Loading 687th epoch
Loss:[0.00053546]
Loading 688th epoch
Loss:[0.00053390]
Loading 689th epoch
Loss:[0.00053235]
Loading 690th epoch
Loss:[0.00053080]
Loading 691th epoch
Loss:[0.00052927]
Loading 692th epoch
Loss:[0.00052773]
Loading 693th epoch
Loss:[0.00052621]
Loading 694th epoch
Loss:[0.00052469]
Loading 695th epoch
Loss:[0.00052319]
Loading 696th epoch
Loss:[0.00052168]
Loading 697th epoch
Loss:[0.00052018]
Loading 698th epoch
Loss:[0.00051870]
Loading 699th epoch
Loss:[0.00051721]
Loading 700th epoch
Loss:[0.00051573]
Loading 701th epoch
Loss:[0.00051426]
Loading 702th epoch
Loss:[0.00051280]
Loading 703th epoch
Loss:[0.00051134]
Loading 704th epoch
Loss:[0.00050989]
Loading 705th epoch
Loss:[0.00050844]
Loading 706th epoch
Loss:[0.00050700]
Loading 707th epoch
Loss:[0.00050557]
Loading 708th epoch
Loss:[0.00050414]
Loading 709th epoch
Loss:[0.00050272]
Loading 710th epoch
Loss:[0.00050131]
Loading 711th epoch
Loss:[0.00049990]
Loading 712th epoch
Loss:[0.00049850]
Loading 713th epoch
Loss:[0.00049710]
Loading 714th epoch
Loss:[0.00049571]
Loading 715th epoch
Loss:[0.00049433]
Loading 716th epoch
Loss:[0.00049295]
Loading 717th epoch
Loss:[0.00049158]
Loading 718th epoch
Loss:[0.00049021]
Loading 719th epoch
Loss:[0.00048885]
Loading 720th epoch
Loss:[0.00048749]
Loading 721th epoch
Loss:[0.00048614]
Loading 722th epoch
Loss:[0.00048480]
Loading 723th epoch
Loss:[0.00048346]
Loading 724th epoch
Loss:[0.00048213]
Loading 725th epoch
Loss:[0.00048080]
Loading 726th epoch
Loss:[0.00047948]
Loading 727th epoch
Loss:[0.00047816]
Loading 728th epoch
Loss:[0.00047685]
Loading 729th epoch
Loss:[0.00047555]
Loading 730th epoch
Loss:[0.00047425]
Loading 731th epoch
Loss:[0.00047296]
Loading 732th epoch
Loss:[0.00047167]
Loading 733th epoch
Loss:[0.00047039]
Loading 734th epoch
Loss:[0.00046911]
Loading 735th epoch
Loss:[0.00046783]
Loading 736th epoch
Loss:[0.00046657]
Loading 737th epoch
Loss:[0.00046531]
Loading 738th epoch
Loss:[0.00046405]
Loading 739th epoch
Loss:[0.00046280]
Loading 740th epoch
Loss:[0.00046155]
Loading 741th epoch
Loss:[0.00046031]
Loading 742th epoch
Loss:[0.00045908]
Loading 743th epoch
Loss:[0.00045784]
Loading 744th epoch
Loss:[0.00045662]
Loading 745th epoch
Loss:[0.00045540]
Loading 746th epoch
Loss:[0.00045418]
Loading 747th epoch
Loss:[0.00045297]
Loading 748th epoch
Loss:[0.00045176]
Loading 749th epoch
Loss:[0.00045056]
Loading 750th epoch
Loss:[0.00044937]
Loading 751th epoch
Loss:[0.00044818]
Loading 752th epoch
Loss:[0.00044699]
Loading 753th epoch
Loss:[0.00044581]
Loading 754th epoch
Loss:[0.00044463]
Loading 755th epoch
Loss:[0.00044346]
Loading 756th epoch
Loss:[0.00044229]
Loading 757th epoch
Loss:[0.00044112]
Loading 758th epoch
Loss:[0.00043996]
Loading 759th epoch
Loss:[0.00043881]
Loading 760th epoch
Loss:[0.00043766]
Loading 761th epoch
Loss:[0.00043652]
Loading 762th epoch
Loss:[0.00043538]
Loading 763th epoch
Loss:[0.00043424]
Loading 764th epoch
Loss:[0.00043311]
Loading 765th epoch
Loss:[0.00043198]
Loading 766th epoch
Loss:[0.00043086]
Loading 767th epoch
Loss:[0.00042974]
Loading 768th epoch
Loss:[0.00042863]
Loading 769th epoch
Loss:[0.00042752]
Loading 770th epoch
Loss:[0.00042642]
Loading 771th epoch
Loss:[0.00042532]
Loading 772th epoch
Loss:[0.00042422]
Loading 773th epoch
Loss:[0.00042313]
Loading 774th epoch
Loss:[0.00042204]
Loading 775th epoch
Loss:[0.00042096]
Loading 776th epoch
Loss:[0.00041987]
Loading 777th epoch
Loss:[0.00041880]
Loading 778th epoch
Loss:[0.00041773]
Loading 779th epoch
Loss:[0.00041666]
Loading 780th epoch
Loss:[0.00041560]
Loading 781th epoch
Loss:[0.00041454]
Loading 782th epoch
Loss:[0.00041349]
Loading 783th epoch
Loss:[0.00041244]
Loading 784th epoch
Loss:[0.00041139]
Loading 785th epoch
Loss:[0.00041035]
Loading 786th epoch
Loss:[0.00040931]
Loading 787th epoch
Loss:[0.00040828]
Loading 788th epoch
Loss:[0.00040725]
Loading 789th epoch
Loss:[0.00040622]
Loading 790th epoch
Loss:[0.00040520]
Loading 791th epoch
Loss:[0.00040418]
Loading 792th epoch
Loss:[0.00040317]
Loading 793th epoch
Loss:[0.00040216]
Loading 794th epoch
Loss:[0.00040115]
Loading 795th epoch
Loss:[0.00040015]
Loading 796th epoch
Loss:[0.00039914]
Loading 797th epoch
Loss:[0.00039815]
Loading 798th epoch
Loss:[0.00039716]
Loading 799th epoch
Loss:[0.00039617]
Loading 800th epoch
Loss:[0.00039519]
Loading 801th epoch
Loss:[0.00039421]
Loading 802th epoch
Loss:[0.00039323]
Loading 803th epoch
Loss:[0.00039225]
Loading 804th epoch
Loss:[0.00039129]
Loading 805th epoch
Loss:[0.00039032]
Loading 806th epoch
Loss:[0.00038936]
Loading 807th epoch
Loss:[0.00038840]
Loading 808th epoch
Loss:[0.00038745]
Loading 809th epoch
Loss:[0.00038650]
Loading 810th epoch
Loss:[0.00038555]
Loading 811th epoch
Loss:[0.00038460]
Loading 812th epoch
Loss:[0.00038366]
Loading 813th epoch
Loss:[0.00038272]
Loading 814th epoch
Loss:[0.00038179]
Loading 815th epoch
Loss:[0.00038086]
Loading 816th epoch
Loss:[0.00037993]
Loading 817th epoch
Loss:[0.00037901]
Loading 818th epoch
Loss:[0.00037809]
Loading 819th epoch
Loss:[0.00037717]
Loading 820th epoch
Loss:[0.00037626]
Loading 821th epoch
Loss:[0.00037535]
Loading 822th epoch
Loss:[0.00037444]
Loading 823th epoch
Loss:[0.00037354]
Loading 824th epoch
Loss:[0.00037264]
Loading 825th epoch
Loss:[0.00037174]
Loading 826th epoch
Loss:[0.00037085]
Loading 827th epoch
Loss:[0.00036996]
Loading 828th epoch
Loss:[0.00036907]
Loading 829th epoch
Loss:[0.00036818]
Loading 830th epoch
Loss:[0.00036730]
Loading 831th epoch
Loss:[0.00036642]
Loading 832th epoch
Loss:[0.00036555]
Loading 833th epoch
Loss:[0.00036468]
Loading 834th epoch
Loss:[0.00036381]
Loading 835th epoch
Loss:[0.00036295]
Loading 836th epoch
Loss:[0.00036208]
Loading 837th epoch
Loss:[0.00036123]
Loading 838th epoch
Loss:[0.00036037]
Loading 839th epoch
Loss:[0.00035952]
Loading 840th epoch
Loss:[0.00035867]
Loading 841th epoch
Loss:[0.00035782]
Loading 842th epoch
Loss:[0.00035698]
Loading 843th epoch
Loss:[0.00035614]
Loading 844th epoch
Loss:[0.00035530]
Loading 845th epoch
Loss:[0.00035446]
Loading 846th epoch
Loss:[0.00035363]
Loading 847th epoch
Loss:[0.00035280]
Loading 848th epoch
Loss:[0.00035198]
Loading 849th epoch
Loss:[0.00035115]
Loading 850th epoch
Loss:[0.00035033]
Loading 851th epoch
Loss:[0.00034951]
Loading 852th epoch
Loss:[0.00034870]
Loading 853th epoch
Loss:[0.00034789]
Loading 854th epoch
Loss:[0.00034708]
Loading 855th epoch
Loss:[0.00034628]
Loading 856th epoch
Loss:[0.00034547]
Loading 857th epoch
Loss:[0.00034467]
Loading 858th epoch
Loss:[0.00034387]
Loading 859th epoch
Loss:[0.00034308]
Loading 860th epoch
Loss:[0.00034229]
Loading 861th epoch
Loss:[0.00034150]
Loading 862th epoch
Loss:[0.00034071]
Loading 863th epoch
Loss:[0.00033993]
Loading 864th epoch
Loss:[0.00033915]
Loading 865th epoch
Loss:[0.00033837]
Loading 866th epoch
Loss:[0.00033759]
Loading 867th epoch
Loss:[0.00033682]
Loading 868th epoch
Loss:[0.00033605]
Loading 869th epoch
Loss:[0.00033528]
Loading 870th epoch
Loss:[0.00033452]
Loading 871th epoch
Loss:[0.00033375]
Loading 872th epoch
Loss:[0.00033300]
Loading 873th epoch
Loss:[0.00033224]
Loading 874th epoch
Loss:[0.00033148]
Loading 875th epoch
Loss:[0.00033073]
Loading 876th epoch
Loss:[0.00032998]
Loading 877th epoch
Loss:[0.00032924]
Loading 878th epoch
Loss:[0.00032849]
Loading 879th epoch
Loss:[0.00032775]
Loading 880th epoch
Loss:[0.00032701]
Loading 881th epoch
Loss:[0.00032627]
Loading 882th epoch
Loss:[0.00032554]
Loading 883th epoch
Loss:[0.00032481]
Loading 884th epoch
Loss:[0.00032408]
Loading 885th epoch
Loss:[0.00032335]
Loading 886th epoch
Loss:[0.00032263]
Loading 887th epoch
Loss:[0.00032191]
Loading 888th epoch
Loss:[0.00032119]
Loading 889th epoch
Loss:[0.00032047]
Loading 890th epoch
Loss:[0.00031976]
Loading 891th epoch
Loss:[0.00031904]
Loading 892th epoch
Loss:[0.00031833]
Loading 893th epoch
Loss:[0.00031763]
Loading 894th epoch
Loss:[0.00031692]
Loading 895th epoch
Loss:[0.00031622]
Loading 896th epoch
Loss:[0.00031552]
Loading 897th epoch
Loss:[0.00031482]
Loading 898th epoch
Loss:[0.00031412]
Loading 899th epoch
Loss:[0.00031343]
Loading 900th epoch
Loss:[0.00031274]
Loading 901th epoch
Loss:[0.00031205]
Loading 902th epoch
Loss:[0.00031136]
Loading 903th epoch
Loss:[0.00031068]
Loading 904th epoch
Loss:[0.00031000]
Loading 905th epoch
Loss:[0.00030932]
Loading 906th epoch
Loss:[0.00030864]
Loading 907th epoch
Loss:[0.00030797]
Loading 908th epoch
Loss:[0.00030729]
Loading 909th epoch
Loss:[0.00030662]
Loading 910th epoch
Loss:[0.00030595]
Loading 911th epoch
Loss:[0.00030529]
Loading 912th epoch
Loss:[0.00030462]
Loading 913th epoch
Loss:[0.00030396]
Loading 914th epoch
Loss:[0.00030330]
Loading 915th epoch
Loss:[0.00030264]
Loading 916th epoch
Loss:[0.00030198]
Loading 917th epoch
Loss:[0.00030133]
Loading 918th epoch
Loss:[0.00030068]
Loading 919th epoch
Loss:[0.00030003]
Loading 920th epoch
Loss:[0.00029938]
Loading 921th epoch
Loss:[0.00029874]
Loading 922th epoch
Loss:[0.00029809]
Loading 923th epoch
Loss:[0.00029745]
Loading 924th epoch
Loss:[0.00029681]
Loading 925th epoch
Loss:[0.00029618]
Loading 926th epoch
Loss:[0.00029554]
Loading 927th epoch
Loss:[0.00029491]
Loading 928th epoch
Loss:[0.00029428]
Loading 929th epoch
Loss:[0.00029365]
Loading 930th epoch
Loss:[0.00029302]
Loading 931th epoch
Loss:[0.00029240]
Loading 932th epoch
Loss:[0.00029177]
Loading 933th epoch
Loss:[0.00029115]
Loading 934th epoch
Loss:[0.00029053]
Loading 935th epoch
Loss:[0.00028992]
Loading 936th epoch
Loss:[0.00028930]
Loading 937th epoch
Loss:[0.00028869]
Loading 938th epoch
Loss:[0.00028808]
Loading 939th epoch
Loss:[0.00028747]
Loading 940th epoch
Loss:[0.00028686]
Loading 941th epoch
Loss:[0.00028626]
Loading 942th epoch
Loss:[0.00028565]
Loading 943th epoch
Loss:[0.00028505]
Loading 944th epoch
Loss:[0.00028445]
Loading 945th epoch
Loss:[0.00028385]
Loading 946th epoch
Loss:[0.00028326]
Loading 947th epoch
Loss:[0.00028266]
Loading 948th epoch
Loss:[0.00028207]
Loading 949th epoch
Loss:[0.00028148]
Loading 950th epoch
Loss:[0.00028089]
Loading 951th epoch
Loss:[0.00028031]
Loading 952th epoch
Loss:[0.00027972]
Loading 953th epoch
Loss:[0.00027914]
Loading 954th epoch
Loss:[0.00027856]
Loading 955th epoch
Loss:[0.00027798]
Loading 956th epoch
Loss:[0.00027740]
Loading 957th epoch
Loss:[0.00027683]
Loading 958th epoch
Loss:[0.00027625]
Loading 959th epoch
Loss:[0.00027568]
Loading 960th epoch
Loss:[0.00027511]
Loading 961th epoch
Loss:[0.00027454]
Loading 962th epoch
Loss:[0.00027398]
Loading 963th epoch
Loss:[0.00027341]
Loading 964th epoch
Loss:[0.00027284]
Loading 965th epoch
Loss:[0.00027228]
Loading 966th epoch
Loss:[0.00027173]
Loading 967th epoch
Loss:[0.00027117]
Loading 968th epoch
Loss:[0.00027061]
Loading 969th epoch
Loss:[0.00027005]
Loading 970th epoch
Loss:[0.00026950]
Loading 971th epoch
Loss:[0.00026895]
Loading 972th epoch
Loss:[0.00026840]
Loading 973th epoch
Loss:[0.00026785]
Loading 974th epoch
Loss:[0.00026731]
Loading 975th epoch
Loss:[0.00026676]
Loading 976th epoch
Loss:[0.00026622]
Loading 977th epoch
Loss:[0.00026568]
Loading 978th epoch
Loss:[0.00026514]
Loading 979th epoch
Loss:[0.00026460]
Loading 980th epoch
Loss:[0.00026406]
Loading 981th epoch
Loss:[0.00026353]
Loading 982th epoch
Loss:[0.00026299]
Loading 983th epoch
Loss:[0.00026246]
Loading 984th epoch
Loss:[0.00026193]
Loading 985th epoch
Loss:[0.00026140]
Loading 986th epoch
Loss:[0.00026087]
Loading 987th epoch
Loss:[0.00026035]
Loading 988th epoch
Loss:[0.00025983]
Loading 989th epoch
Loss:[0.00025930]
Loading 990th epoch
Loss:[0.00025878]
Loading 991th epoch
Loss:[0.00025826]
Loading 992th epoch
Loss:[0.00025775]
Loading 993th epoch
Loss:[0.00025723]
Loading 994th epoch
Loss:[0.00025672]
Loading 995th epoch
Loss:[0.00025620]
Loading 996th epoch
Loss:[0.00025569]
Loading 997th epoch
Loss:[0.00025518]
Loading 998th epoch
[ReliabilityLoss] step=1000 mode=descriptor pos(mean/min/max)=0.9645/0.2441/1.0000 neg(mean/min/max)=0.6041/0.3045/0.9203 base_bce=0.000062 weighted_bce=0.000042 weighted/base=0.6841
Loss:[0.00025467]
Loading 999th epoch
Loss:[0.00025417]
Loading 1000th epoch
Loss:[0.00025366]
Loading 1001th epoch
Loss:[0.00025316]
Loading 1002th epoch
Loss:[0.00025265]
Loading 1003th epoch
Loss:[0.00025215]
Loading 1004th epoch
Loss:[0.00025165]
Loading 1005th epoch
Loss:[0.00025116]
Loading 1006th epoch
Loss:[0.00025066]
Loading 1007th epoch
Loss:[0.00025016]
Loading 1008th epoch
Loss:[0.00024967]
Loading 1009th epoch
Loss:[0.00024918]
Loading 1010th epoch
Loss:[0.00024869]
Loading 1011th epoch
Loss:[0.00024820]
Loading 1012th epoch
Loss:[0.00024771]
Loading 1013th epoch
Loss:[0.00024723]
Loading 1014th epoch
Loss:[0.00024674]
Loading 1015th epoch
Loss:[0.00024626]
Loading 1016th epoch
Loss:[0.00024577]
Loading 1017th epoch
Loss:[0.00024529]
Loading 1018th epoch
Loss:[0.00024482]
Loading 1019th epoch
Loss:[0.00024434]
Loading 1020th epoch
Loss:[0.00024386]
Loading 1021th epoch
Loss:[0.00024339]
Loading 1022th epoch
Loss:[0.00024291]
Loading 1023th epoch
Loss:[0.00024244]
Loading 1024th epoch
Loss:[0.00024197]
Loading 1025th epoch
Loss:[0.00024150]
Loading 1026th epoch
Loss:[0.00024103]
Loading 1027th epoch
Loss:[0.00024056]
Loading 1028th epoch
Loss:[0.00024010]
Loading 1029th epoch
Loss:[0.00023963]
Loading 1030th epoch
Loss:[0.00023917]
Loading 1031th epoch
Loss:[0.00023871]
Loading 1032th epoch
Loss:[0.00023824]
Loading 1033th epoch
Loss:[0.00023779]
Loading 1034th epoch
Loss:[0.00023733]
Loading 1035th epoch
Loss:[0.00023687]
Loading 1036th epoch
Loss:[0.00023642]
Loading 1037th epoch
Loss:[0.00023596]
Loading 1038th epoch
Loss:[0.00023551]
Loading 1039th epoch
Loss:[0.00023506]
Loading 1040th epoch
Loss:[0.00023461]
Loading 1041th epoch
Loss:[0.00023416]
Loading 1042th epoch
Loss:[0.00023371]
Loading 1043th epoch
Loss:[0.00023327]
Loading 1044th epoch
Loss:[0.00023282]
Loading 1045th epoch
Loss:[0.00023238]
Loading 1046th epoch
Loss:[0.00023194]
Loading 1047th epoch
Loss:[0.00023150]
Loading 1048th epoch
Loss:[0.00023106]
Loading 1049th epoch
Loss:[0.00023062]
Loading 1050th epoch
Loss:[0.00023018]
Loading 1051th epoch
Loss:[0.00022974]
Loading 1052th epoch
Loss:[0.00022931]
Loading 1053th epoch
Loss:[0.00022888]
Loading 1054th epoch
Loss:[0.00022844]
Loading 1055th epoch
Loss:[0.00022801]
Loading 1056th epoch
Loss:[0.00022758]
Loading 1057th epoch
Loss:[0.00022715]
Loading 1058th epoch
Loss:[0.00022673]
Loading 1059th epoch
Loss:[0.00022630]
Loading 1060th epoch
Loss:[0.00022587]
Loading 1061th epoch
Loss:[0.00022545]
Loading 1062th epoch
Loss:[0.00022502]
Loading 1063th epoch
Loss:[0.00022460]
Loading 1064th epoch
Loss:[0.00022418]
Loading 1065th epoch
Loss:[0.00022376]
Loading 1066th epoch
Loss:[0.00022334]
Loading 1067th epoch
Loss:[0.00022293]
Loading 1068th epoch
Loss:[0.00022251]
Loading 1069th epoch
Loss:[0.00022210]
Loading 1070th epoch
Loss:[0.00022168]
Loading 1071th epoch
Loss:[0.00022127]
Loading 1072th epoch
Loss:[0.00022086]
Loading 1073th epoch
Loss:[0.00022045]
Loading 1074th epoch
Loss:[0.00022004]
Loading 1075th epoch
Loss:[0.00021963]
Loading 1076th epoch
Loss:[0.00021922]
Loading 1077th epoch
Loss:[0.00021882]
Loading 1078th epoch
Loss:[0.00021841]
Loading 1079th epoch
Loss:[0.00021801]
Loading 1080th epoch
Loss:[0.00021761]
Loading 1081th epoch
Loss:[0.00021721]
Loading 1082th epoch
Loss:[0.00021680]
Loading 1083th epoch
Loss:[0.00021640]
Loading 1084th epoch
Loss:[0.00021601]
Loading 1085th epoch
Loss:[0.00021561]
Loading 1086th epoch
Loss:[0.00021521]
Loading 1087th epoch
Loss:[0.00021482]
Loading 1088th epoch
Loss:[0.00021442]
Loading 1089th epoch
Loss:[0.00021403]
Loading 1090th epoch
Loss:[0.00021364]
Loading 1091th epoch
Loss:[0.00021325]
Loading 1092th epoch
Loss:[0.00021286]
Loading 1093th epoch
Loss:[0.00021247]
Loading 1094th epoch
Loss:[0.00021208]
Loading 1095th epoch
Loss:[0.00021170]
Loading 1096th epoch
Loss:[0.00021131]
Loading 1097th epoch
Loss:[0.00021093]
Loading 1098th epoch
Loss:[0.00021055]
Loading 1099th epoch
Loss:[0.00021016]
Loading 1100th epoch
Loss:[0.00020978]
Loading 1101th epoch
Loss:[0.00020940]
Loading 1102th epoch
Loss:[0.00020902]
Loading 1103th epoch
Loss:[0.00020864]
Loading 1104th epoch
Loss:[0.00020827]
Loading 1105th epoch
Loss:[0.00020789]
Loading 1106th epoch
Loss:[0.00020752]
Loading 1107th epoch
Loss:[0.00020714]
Loading 1108th epoch
Loss:[0.00020677]
Loading 1109th epoch
Loss:[0.00020640]
Loading 1110th epoch
Loss:[0.00020603]
Loading 1111th epoch
Loss:[0.00020566]
Loading 1112th epoch
Loss:[0.00020529]
Loading 1113th epoch
Loss:[0.00020492]
Loading 1114th epoch
Loss:[0.00020455]
Loading 1115th epoch
Loss:[0.00020418]
Loading 1116th epoch
Loss:[0.00020382]
Loading 1117th epoch
Loss:[0.00020345]
Loading 1118th epoch
Loss:[0.00020309]
Loading 1119th epoch
Loss:[0.00020273]
Loading 1120th epoch
Loss:[0.00020237]
Loading 1121th epoch
Loss:[0.00020201]
Loading 1122th epoch
Loss:[0.00020164]
Loading 1123th epoch
Loss:[0.00020128]
Loading 1124th epoch
Loss:[0.00020093]
Loading 1125th epoch
Loss:[0.00020057]
Loading 1126th epoch
Loss:[0.00020021]
Loading 1127th epoch
Loss:[0.00019986]
Loading 1128th epoch
Loss:[0.00019950]
Loading 1129th epoch
Loss:[0.00019915]
Loading 1130th epoch
Loss:[0.00019880]
Loading 1131th epoch
Loss:[0.00019845]
Loading 1132th epoch
Loss:[0.00019810]
Loading 1133th epoch
Loss:[0.00019775]
Loading 1134th epoch
Loss:[0.00019740]
Loading 1135th epoch
Loss:[0.00019705]
Loading 1136th epoch
Loss:[0.00019670]
Loading 1137th epoch
Loss:[0.00019636]
Loading 1138th epoch
Loss:[0.00019601]
Loading 1139th epoch
Loss:[0.00019567]
Loading 1140th epoch
Loss:[0.00019533]
Loading 1141th epoch
Loss:[0.00019498]
Loading 1142th epoch
Loss:[0.00019464]
Loading 1143th epoch
Loss:[0.00019430]
Loading 1144th epoch
Loss:[0.00019396]
Loading 1145th epoch
Loss:[0.00019362]
Loading 1146th epoch
Loss:[0.00019328]
Loading 1147th epoch
Loss:[0.00019295]
Loading 1148th epoch
Loss:[0.00019261]
Loading 1149th epoch
Loss:[0.00019228]
Loading 1150th epoch
Loss:[0.00019194]
Loading 1151th epoch
Loss:[0.00019161]
Loading 1152th epoch
Loss:[0.00019128]
Loading 1153th epoch
Loss:[0.00019094]
Loading 1154th epoch
Loss:[0.00019061]
Loading 1155th epoch
Loss:[0.00019028]
Loading 1156th epoch
Loss:[0.00018995]
Loading 1157th epoch
Loss:[0.00018962]
Loading 1158th epoch
Loss:[0.00018929]
Loading 1159th epoch
Loss:[0.00018897]
Loading 1160th epoch
Loss:[0.00018864]
Loading 1161th epoch
Loss:[0.00018832]
Loading 1162th epoch
Loss:[0.00018799]
Loading 1163th epoch
Loss:[0.00018767]
Loading 1164th epoch
Loss:[0.00018734]
Loading 1165th epoch
Loss:[0.00018702]
Loading 1166th epoch
Loss:[0.00018670]
Loading 1167th epoch
Loss:[0.00018638]
Loading 1168th epoch
Loss:[0.00018606]
Loading 1169th epoch
Loss:[0.00018574]
Loading 1170th epoch
Loss:[0.00018542]
Loading 1171th epoch
Loss:[0.00018511]
Loading 1172th epoch
Loss:[0.00018479]
Loading 1173th epoch
Loss:[0.00018447]
Loading 1174th epoch
Loss:[0.00018416]
Loading 1175th epoch
Loss:[0.00018385]
Loading 1176th epoch
Loss:[0.00018353]
Loading 1177th epoch
Loss:[0.00018322]
Loading 1178th epoch
Loss:[0.00018291]
Loading 1179th epoch
Loss:[0.00018260]
Loading 1180th epoch
Loss:[0.00018229]
Loading 1181th epoch
Loss:[0.00018198]
Loading 1182th epoch
Loss:[0.00018167]
Loading 1183th epoch
Loss:[0.00018136]
Loading 1184th epoch
Loss:[0.00018105]
Loading 1185th epoch
Loss:[0.00018075]
Loading 1186th epoch
Loss:[0.00018044]
Loading 1187th epoch
Loss:[0.00018014]
Loading 1188th epoch
Loss:[0.00017983]
Loading 1189th epoch
Loss:[0.00017953]
Loading 1190th epoch
Loss:[0.00017923]
Loading 1191th epoch
Loss:[0.00017893]
Loading 1192th epoch
Loss:[0.00017862]
Loading 1193th epoch
Loss:[0.00017832]
Loading 1194th epoch
Loss:[0.00017802]
Loading 1195th epoch
Loss:[0.00017773]
Loading 1196th epoch
Loss:[0.00017743]
Loading 1197th epoch
Loss:[0.00017713]
Loading 1198th epoch
Loss:[0.00017683]
Loading 1199th epoch
Loss:[0.00017654]
Loading 1200th epoch
Loss:[0.00017624]
Loading 1201th epoch
Loss:[0.00017595]
Loading 1202th epoch
Loss:[0.00017565]
Loading 1203th epoch
Loss:[0.00017536]
Loading 1204th epoch
Loss:[0.00017507]
Loading 1205th epoch
Loss:[0.00017477]
Loading 1206th epoch
Loss:[0.00017448]
Loading 1207th epoch
Loss:[0.00017419]
Loading 1208th epoch
Loss:[0.00017390]
Loading 1209th epoch
Loss:[0.00017361]
Loading 1210th epoch
Loss:[0.00017333]
Loading 1211th epoch
Loss:[0.00017304]
Loading 1212th epoch
Loss:[0.00017275]
Loading 1213th epoch
Loss:[0.00017246]
Loading 1214th epoch
Loss:[0.00017218]
Loading 1215th epoch
Loss:[0.00017189]
Loading 1216th epoch
Loss:[0.00017161]
Loading 1217th epoch
Loss:[0.00017133]
Loading 1218th epoch
Loss:[0.00017104]
Loading 1219th epoch
Loss:[0.00017076]
Loading 1220th epoch
Loss:[0.00017048]
Loading 1221th epoch
Loss:[0.00017020]
Loading 1222th epoch
Loss:[0.00016992]
Loading 1223th epoch
Loss:[0.00016964]
Loading 1224th epoch
Loss:[0.00016936]
Loading 1225th epoch
Loss:[0.00016908]
Loading 1226th epoch
Loss:[0.00016881]
Loading 1227th epoch
Loss:[0.00016853]
Loading 1228th epoch
Loss:[0.00016826]
Loading 1229th epoch
Loss:[0.00016798]
Loading 1230th epoch
Loss:[0.00016771]
Loading 1231th epoch
Loss:[0.00016743]
Loading 1232th epoch
Loss:[0.00016716]
Loading 1233th epoch
Loss:[0.00016688]
Loading 1234th epoch
Loss:[0.00016661]
Loading 1235th epoch
Loss:[0.00016634]
Loading 1236th epoch
Loss:[0.00016607]
Loading 1237th epoch
Loss:[0.00016580]
Loading 1238th epoch
Loss:[0.00016553]
Loading 1239th epoch
Loss:[0.00016526]
Loading 1240th epoch
Loss:[0.00016499]
Loading 1241th epoch
Loss:[0.00016473]
Loading 1242th epoch
Loss:[0.00016446]
Loading 1243th epoch
Loss:[0.00016419]
Loading 1244th epoch
Loss:[0.00016393]
Loading 1245th epoch
Loss:[0.00016366]
Loading 1246th epoch
Loss:[0.00016340]
Loading 1247th epoch
Loss:[0.00016313]
Loading 1248th epoch
Loss:[0.00016287]
Loading 1249th epoch
Loss:[0.00016261]
Loading 1250th epoch
Loss:[0.00016235]
Loading 1251th epoch
Loss:[0.00016208]
Loading 1252th epoch
Loss:[0.00016182]
Loading 1253th epoch
Loss:[0.00016156]
Loading 1254th epoch
Loss:[0.00016131]
Loading 1255th epoch
Loss:[0.00016105]
Loading 1256th epoch
Loss:[0.00016079]
Loading 1257th epoch
Loss:[0.00016053]
Loading 1258th epoch
Loss:[0.00016027]
Loading 1259th epoch
Loss:[0.00016002]
Loading 1260th epoch
Loss:[0.00015976]
Loading 1261th epoch
Loss:[0.00015951]
Loading 1262th epoch
Loss:[0.00015925]
Loading 1263th epoch
Loss:[0.00015900]
Loading 1264th epoch
Loss:[0.00015874]
Loading 1265th epoch
Loss:[0.00015849]
Loading 1266th epoch
Loss:[0.00015824]
Loading 1267th epoch
Loss:[0.00015799]
Loading 1268th epoch
Loss:[0.00015773]
Loading 1269th epoch
Loss:[0.00015748]
Loading 1270th epoch
Loss:[0.00015724]
Loading 1271th epoch
Loss:[0.00015699]
Loading 1272th epoch
Loss:[0.00015674]
Loading 1273th epoch
Loss:[0.00015649]
Loading 1274th epoch
Loss:[0.00015624]
Loading 1275th epoch
Loss:[0.00015599]
Loading 1276th epoch
Loss:[0.00015575]
Loading 1277th epoch
Loss:[0.00015550]
Loading 1278th epoch
Loss:[0.00015525]
Loading 1279th epoch
Loss:[0.00015501]
Loading 1280th epoch
Loss:[0.00015476]
Loading 1281th epoch
Loss:[0.00015452]
Loading 1282th epoch
Loss:[0.00015428]
Loading 1283th epoch
Loss:[0.00015403]
Loading 1284th epoch
Loss:[0.00015379]
Loading 1285th epoch
Loss:[0.00015355]
Loading 1286th epoch
Loss:[0.00015331]
Loading 1287th epoch
Loss:[0.00015307]
Loading 1288th epoch
Loss:[0.00015283]
Loading 1289th epoch
Loss:[0.00015259]
Loading 1290th epoch
Loss:[0.00015235]
Loading 1291th epoch
Loss:[0.00015211]
Loading 1292th epoch
Loss:[0.00015187]
Loading 1293th epoch
Loss:[0.00015164]
Loading 1294th epoch
Loss:[0.00015140]
Loading 1295th epoch
Loss:[0.00015117]
Loading 1296th epoch
Loss:[0.00015093]
Loading 1297th epoch
Loss:[0.00015069]
Loading 1298th epoch
Loss:[0.00015046]
Loading 1299th epoch
Loss:[0.00015022]
Loading 1300th epoch
Loss:[0.00014999]
Loading 1301th epoch
Loss:[0.00014976]
Loading 1302th epoch
Loss:[0.00014953]
Loading 1303th epoch
Loss:[0.00014929]
Loading 1304th epoch
Loss:[0.00014906]
Loading 1305th epoch
Loss:[0.00014883]
Loading 1306th epoch
Loss:[0.00014860]
Loading 1307th epoch
Loss:[0.00014837]
Loading 1308th epoch
Loss:[0.00014814]
Loading 1309th epoch
Loss:[0.00014791]
Loading 1310th epoch
Loss:[0.00014768]
Loading 1311th epoch
Loss:[0.00014746]
Loading 1312th epoch
Loss:[0.00014723]
Loading 1313th epoch
Loss:[0.00014700]
Loading 1314th epoch
Loss:[0.00014677]
Loading 1315th epoch
Loss:[0.00014655]
Loading 1316th epoch
Loss:[0.00014632]
Loading 1317th epoch
Loss:[0.00014610]
Loading 1318th epoch
Loss:[0.00014587]
Loading 1319th epoch
Loss:[0.00014565]
Loading 1320th epoch
Loss:[0.00014543]
Loading 1321th epoch
Loss:[0.00014520]
Loading 1322th epoch
Loss:[0.00014498]
Loading 1323th epoch
Loss:[0.00014476]
Loading 1324th epoch
Loss:[0.00014454]
Loading 1325th epoch
Loss:[0.00014432]
Loading 1326th epoch
Loss:[0.00014410]
Loading 1327th epoch
Loss:[0.00014388]
Loading 1328th epoch
Loss:[0.00014366]
Loading 1329th epoch
Loss:[0.00014344]
Loading 1330th epoch
Loss:[0.00014322]
Loading 1331th epoch
Loss:[0.00014300]
Loading 1332th epoch
Loss:[0.00014278]
Loading 1333th epoch
Loss:[0.00014257]
Loading 1334th epoch
Loss:[0.00014235]
Loading 1335th epoch
Loss:[0.00014213]
Loading 1336th epoch
Loss:[0.00014192]
Loading 1337th epoch
Loss:[0.00014170]
Loading 1338th epoch
Loss:[0.00014149]
Loading 1339th epoch
Loss:[0.00014128]
Loading 1340th epoch
Loss:[0.00014106]
Loading 1341th epoch
Loss:[0.00014085]
Loading 1342th epoch
Loss:[0.00014064]
Loading 1343th epoch
Loss:[0.00014042]
Loading 1344th epoch
Loss:[0.00014021]
Loading 1345th epoch
Loss:[0.00014000]
Loading 1346th epoch
Loss:[0.00013979]
Loading 1347th epoch
Loss:[0.00013958]
Loading 1348th epoch
Loss:[0.00013937]
Loading 1349th epoch
Loss:[0.00013916]
Loading 1350th epoch
Loss:[0.00013895]
Loading 1351th epoch
Loss:[0.00013874]
Loading 1352th epoch
Loss:[0.00013853]
Loading 1353th epoch
Loss:[0.00013832]
Loading 1354th epoch
Loss:[0.00013812]
Loading 1355th epoch
Loss:[0.00013791]
Loading 1356th epoch
Loss:[0.00013770]
Loading 1357th epoch
Loss:[0.00013750]
Loading 1358th epoch
Loss:[0.00013729]
Loading 1359th epoch
Loss:[0.00013709]
Loading 1360th epoch
Loss:[0.00013688]
Loading 1361th epoch
Loss:[0.00013668]
Loading 1362th epoch
Loss:[0.00013648]
Loading 1363th epoch
Loss:[0.00013627]
Loading 1364th epoch
Loss:[0.00013607]
Loading 1365th epoch
Loss:[0.00013587]
Loading 1366th epoch
Loss:[0.00013566]
Loading 1367th epoch
Loss:[0.00013546]
Loading 1368th epoch
Loss:[0.00013526]
Loading 1369th epoch
Loss:[0.00013506]
Loading 1370th epoch
Loss:[0.00013486]
Loading 1371th epoch
Loss:[0.00013466]
Loading 1372th epoch
Loss:[0.00013446]
Loading 1373th epoch
Loss:[0.00013426]
Loading 1374th epoch
Loss:[0.00013406]
Loading 1375th epoch
Loss:[0.00013386]
Loading 1376th epoch
Loss:[0.00013367]
Loading 1377th epoch
Loss:[0.00013347]
Loading 1378th epoch
Loss:[0.00013327]
Loading 1379th epoch
Loss:[0.00013308]
Loading 1380th epoch
Loss:[0.00013288]
Loading 1381th epoch
Loss:[0.00013269]
Loading 1382th epoch
Loss:[0.00013249]
Loading 1383th epoch
Loss:[0.00013229]
Loading 1384th epoch
Loss:[0.00013210]
Loading 1385th epoch
Loss:[0.00013191]
Loading 1386th epoch
Loss:[0.00013171]
Loading 1387th epoch
Loss:[0.00013152]
Loading 1388th epoch
Loss:[0.00013133]
Loading 1389th epoch
Loss:[0.00013113]
Loading 1390th epoch
Loss:[0.00013094]
Loading 1391th epoch
Loss:[0.00013075]
Loading 1392th epoch
Loss:[0.00013056]
Loading 1393th epoch
Loss:[0.00013037]
Loading 1394th epoch
Loss:[0.00013018]
Loading 1395th epoch
Loss:[0.00012999]
Loading 1396th epoch
Loss:[0.00012980]
Loading 1397th epoch
Loss:[0.00012961]
Loading 1398th epoch
Loss:[0.00012942]
Loading 1399th epoch
Loss:[0.00012923]
Loading 1400th epoch
Loss:[0.00012904]
Loading 1401th epoch
Loss:[0.00012885]
Loading 1402th epoch
Loss:[0.00012867]
Loading 1403th epoch
Loss:[0.00012848]
Loading 1404th epoch
Loss:[0.00012829]
Loading 1405th epoch
Loss:[0.00012811]
Loading 1406th epoch
Loss:[0.00012792]
Loading 1407th epoch
Loss:[0.00012774]
Loading 1408th epoch
Loss:[0.00012755]
Loading 1409th epoch
Loss:[0.00012737]
Loading 1410th epoch
Loss:[0.00012718]
Loading 1411th epoch
Loss:[0.00012700]
Loading 1412th epoch
Loss:[0.00012682]
Loading 1413th epoch
Loss:[0.00012663]
Loading 1414th epoch
Loss:[0.00012645]
Loading 1415th epoch
Loss:[0.00012627]
Loading 1416th epoch
Loss:[0.00012608]
Loading 1417th epoch
Loss:[0.00012590]
Loading 1418th epoch
Loss:[0.00012572]
Loading 1419th epoch
Loss:[0.00012554]
Loading 1420th epoch
Loss:[0.00012536]
Loading 1421th epoch
Loss:[0.00012518]
Loading 1422th epoch
Loss:[0.00012500]
Loading 1423th epoch
Loss:[0.00012482]
Loading 1424th epoch
Loss:[0.00012464]
Loading 1425th epoch
Loss:[0.00012447]
Loading 1426th epoch
Loss:[0.00012429]
Loading 1427th epoch
Loss:[0.00012411]
Loading 1428th epoch
Loss:[0.00012393]
Loading 1429th epoch
Loss:[0.00012376]
Loading 1430th epoch
Loss:[0.00012358]
Loading 1431th epoch
Loss:[0.00012340]
Loading 1432th epoch
Loss:[0.00012323]
Loading 1433th epoch
Loss:[0.00012305]
Loading 1434th epoch
Loss:[0.00012288]
Loading 1435th epoch
Loss:[0.00012270]
Loading 1436th epoch
Loss:[0.00012253]
Loading 1437th epoch
Loss:[0.00012235]
Loading 1438th epoch
Loss:[0.00012218]
Loading 1439th epoch
Loss:[0.00012200]
Loading 1440th epoch
Loss:[0.00012183]
Loading 1441th epoch
Loss:[0.00012166]
Loading 1442th epoch
Loss:[0.00012149]
Loading 1443th epoch
Loss:[0.00012131]
Loading 1444th epoch
Loss:[0.00012114]
Loading 1445th epoch
Loss:[0.00012097]
Loading 1446th epoch
Loss:[0.00012080]
Loading 1447th epoch
Loss:[0.00012063]
Loading 1448th epoch
Loss:[0.00012046]
Loading 1449th epoch
Loss:[0.00012029]
Loading 1450th epoch
Loss:[0.00012012]
Loading 1451th epoch
Loss:[0.00011995]
Loading 1452th epoch
Loss:[0.00011978]
Loading 1453th epoch
Loss:[0.00011961]
Loading 1454th epoch
Loss:[0.00011944]
Loading 1455th epoch
Loss:[0.00011928]
Loading 1456th epoch
Loss:[0.00011911]
Loading 1457th epoch
Loss:[0.00011894]
Loading 1458th epoch
Loss:[0.00011877]
Loading 1459th epoch
Loss:[0.00011861]
Loading 1460th epoch
Loss:[0.00011844]
Loading 1461th epoch
Loss:[0.00011827]
Loading 1462th epoch
Loss:[0.00011811]
Loading 1463th epoch
Loss:[0.00011794]
Loading 1464th epoch
Loss:[0.00011778]
Loading 1465th epoch
Loss:[0.00011761]
Loading 1466th epoch
Loss:[0.00011745]
Loading 1467th epoch
Loss:[0.00011729]
Loading 1468th epoch
Loss:[0.00011712]
Loading 1469th epoch
Loss:[0.00011696]
Loading 1470th epoch
Loss:[0.00011679]
Loading 1471th epoch
Loss:[0.00011663]
Loading 1472th epoch
Loss:[0.00011647]
Loading 1473th epoch
Loss:[0.00011631]
Loading 1474th epoch
Loss:[0.00011615]
Loading 1475th epoch
Loss:[0.00011598]
Loading 1476th epoch
Loss:[0.00011582]
Loading 1477th epoch
Loss:[0.00011566]
Loading 1478th epoch
Loss:[0.00011550]
Loading 1479th epoch
Loss:[0.00011534]
Loading 1480th epoch
Loss:[0.00011518]
Loading 1481th epoch
Loss:[0.00011502]
Loading 1482th epoch
Loss:[0.00011486]
Loading 1483th epoch
Loss:[0.00011471]
Loading 1484th epoch
Loss:[0.00011455]
Loading 1485th epoch
Loss:[0.00011439]
Loading 1486th epoch
Loss:[0.00011423]
Loading 1487th epoch
Loss:[0.00011407]
Loading 1488th epoch
Loss:[0.00011392]
Loading 1489th epoch
Loss:[0.00011376]
Loading 1490th epoch
Loss:[0.00011360]
Loading 1491th epoch
Loss:[0.00011344]
Loading 1492th epoch
Loss:[0.00011329]
Loading 1493th epoch
Loss:[0.00011313]
Loading 1494th epoch
Loss:[0.00011298]
Loading 1495th epoch
Loss:[0.00011282]
Loading 1496th epoch
Loss:[0.00011267]
Loading 1497th epoch
Loss:[0.00011251]
Loading 1498th epoch
[ReliabilityLoss] step=1500 mode=descriptor pos(mean/min/max)=0.9645/0.2441/1.0000 neg(mean/min/max)=0.6044/0.3045/0.9203 base_bce=0.000027 weighted_bce=0.000019 weighted/base=0.6845
Loss:[0.00011236]
Loading 1499th epoch
Loss:[0.00011220]
Loading 1500th epoch
Loss:[0.00011205]
Loading 1501th epoch
Loss:[0.00011190]
Loading 1502th epoch
Loss:[0.00011174]
Loading 1503th epoch
Loss:[0.00011159]
Loading 1504th epoch
Loss:[0.00011144]
Loading 1505th epoch
Loss:[0.00011129]
Loading 1506th epoch
Loss:[0.00011113]
Loading 1507th epoch
Loss:[0.00011098]
Loading 1508th epoch
Loss:[0.00011083]
Loading 1509th epoch
Loss:[0.00011068]
Loading 1510th epoch
Loss:[0.00011053]
Loading 1511th epoch
Loss:[0.00011038]
Loading 1512th epoch
Loss:[0.00011023]
Loading 1513th epoch
Loss:[0.00011008]
Loading 1514th epoch
Loss:[0.00010993]
Loading 1515th epoch
Loss:[0.00010978]
Loading 1516th epoch
Loss:[0.00010963]
Loading 1517th epoch
Loss:[0.00010948]
Loading 1518th epoch
Loss:[0.00010933]
Loading 1519th epoch
Loss:[0.00010919]
Loading 1520th epoch
Loss:[0.00010904]
Loading 1521th epoch
Loss:[0.00010889]
Loading 1522th epoch
Loss:[0.00010874]
Loading 1523th epoch
Loss:[0.00010860]
Loading 1524th epoch
Loss:[0.00010845]
Loading 1525th epoch
Loss:[0.00010830]
Loading 1526th epoch
Loss:[0.00010816]
Loading 1527th epoch
Loss:[0.00010801]
Loading 1528th epoch
Loss:[0.00010786]
Loading 1529th epoch
Loss:[0.00010772]
Loading 1530th epoch
Loss:[0.00010758]
Loading 1531th epoch
Loss:[0.00010743]
Loading 1532th epoch
Loss:[0.00010729]
Loading 1533th epoch
Loss:[0.00010714]
Loading 1534th epoch
Loss:[0.00010700]
Loading 1535th epoch
Loss:[0.00010685]
Loading 1536th epoch
Loss:[0.00010671]
Loading 1537th epoch
Loss:[0.00010657]
Loading 1538th epoch
Loss:[0.00010642]
Loading 1539th epoch
Loss:[0.00010628]
Loading 1540th epoch
Loss:[0.00010614]
Loading 1541th epoch
Loss:[0.00010600]
Loading 1542th epoch
Loss:[0.00010586]
Loading 1543th epoch
Loss:[0.00010572]
Loading 1544th epoch
Loss:[0.00010557]
Loading 1545th epoch
Loss:[0.00010543]
Loading 1546th epoch
Loss:[0.00010529]
Loading 1547th epoch
Loss:[0.00010515]
Loading 1548th epoch
Loss:[0.00010501]
Loading 1549th epoch
Loss:[0.00010487]
Loading 1550th epoch
Loss:[0.00010473]
Loading 1551th epoch
Loss:[0.00010459]
Loading 1552th epoch
Loss:[0.00010446]
Loading 1553th epoch
Loss:[0.00010432]
Loading 1554th epoch
Loss:[0.00010418]
Loading 1555th epoch
Loss:[0.00010404]
Loading 1556th epoch
Loss:[0.00010390]
Loading 1557th epoch
Loss:[0.00010376]
Loading 1558th epoch
Loss:[0.00010363]
Loading 1559th epoch
Loss:[0.00010349]
Loading 1560th epoch
Loss:[0.00010335]
Loading 1561th epoch
Loss:[0.00010321]
Loading 1562th epoch
Loss:[0.00010308]
Loading 1563th epoch
Loss:[0.00010294]
Loading 1564th epoch
Loss:[0.00010280]
Loading 1565th epoch
Loss:[0.00010267]
Loading 1566th epoch
Loss:[0.00010253]
Loading 1567th epoch
Loss:[0.00010240]
Loading 1568th epoch
Loss:[0.00010226]
Loading 1569th epoch
Loss:[0.00010213]
Loading 1570th epoch
Loss:[0.00010199]
Loading 1571th epoch
Loss:[0.00010186]
Loading 1572th epoch
Loss:[0.00010172]
Loading 1573th epoch
Loss:[0.00010159]
Loading 1574th epoch
Loss:[0.00010146]
Loading 1575th epoch
Loss:[0.00010132]
Loading 1576th epoch
Loss:[0.00010119]
Loading 1577th epoch
Loss:[0.00010106]
Loading 1578th epoch
Loss:[0.00010093]
Loading 1579th epoch
Loss:[0.00010080]
Loading 1580th epoch
Loss:[0.00010066]
Loading 1581th epoch
Loss:[0.00010053]
Loading 1582th epoch
Loss:[0.00010040]
Loading 1583th epoch
Loss:[0.00010027]
Loading 1584th epoch
Loss:[0.00010014]
Loading 1585th epoch
Loss:[0.00010001]
Loading 1586th epoch
Loss:[0.00009987]
Loading 1587th epoch
Loss:[0.00009974]
Loading 1588th epoch
Loss:[0.00009961]
Loading 1589th epoch
Loss:[0.00009948]
Loading 1590th epoch
Loss:[0.00009935]
Loading 1591th epoch
Loss:[0.00009922]
Loading 1592th epoch
Loss:[0.00009910]
Loading 1593th epoch
Loss:[0.00009897]
Loading 1594th epoch
Loss:[0.00009884]
Loading 1595th epoch
Loss:[0.00009871]
Loading 1596th epoch
Loss:[0.00009858]
Loading 1597th epoch
Loss:[0.00009845]
Loading 1598th epoch
Loss:[0.00009833]
Loading 1599th epoch
Loss:[0.00009820]
Loading 1600th epoch
Loss:[0.00009807]
Loading 1601th epoch
Loss:[0.00009795]
Loading 1602th epoch
Loss:[0.00009782]
Loading 1603th epoch
Loss:[0.00009769]
Loading 1604th epoch
Loss:[0.00009757]
Loading 1605th epoch
Loss:[0.00009744]
Loading 1606th epoch
Loss:[0.00009731]
Loading 1607th epoch
Loss:[0.00009719]
Loading 1608th epoch
Loss:[0.00009706]
Loading 1609th epoch
Loss:[0.00009694]
Loading 1610th epoch
Loss:[0.00009681]
Loading 1611th epoch
Loss:[0.00009669]
Loading 1612th epoch
Loss:[0.00009656]
Loading 1613th epoch
Loss:[0.00009644]
Loading 1614th epoch
Loss:[0.00009632]
Loading 1615th epoch
Loss:[0.00009619]
Loading 1616th epoch
Loss:[0.00009607]
Loading 1617th epoch
Loss:[0.00009594]
Loading 1618th epoch
Loss:[0.00009582]
Loading 1619th epoch
Loss:[0.00009570]
Loading 1620th epoch
Loss:[0.00009557]
Loading 1621th epoch
Loss:[0.00009545]
Loading 1622th epoch
Loss:[0.00009533]
Loading 1623th epoch
Loss:[0.00009521]
Loading 1624th epoch
Loss:[0.00009508]
Loading 1625th epoch
Loss:[0.00009496]
Loading 1626th epoch
Loss:[0.00009484]
Loading 1627th epoch
Loss:[0.00009472]
Loading 1628th epoch
Loss:[0.00009460]
Loading 1629th epoch
Loss:[0.00009448]
Loading 1630th epoch
Loss:[0.00009436]
Loading 1631th epoch
Loss:[0.00009424]
Loading 1632th epoch
Loss:[0.00009412]
Loading 1633th epoch
Loss:[0.00009400]
Loading 1634th epoch
Loss:[0.00009388]
Loading 1635th epoch
Loss:[0.00009376]
Loading 1636th epoch
Loss:[0.00009364]
Loading 1637th epoch
Loss:[0.00009352]
Loading 1638th epoch
Loss:[0.00009340]
Loading 1639th epoch
Loss:[0.00009328]
Loading 1640th epoch
Loss:[0.00009316]
Loading 1641th epoch
Loss:[0.00009304]
Loading 1642th epoch
Loss:[0.00009293]
Loading 1643th epoch
Loss:[0.00009281]
Loading 1644th epoch
Loss:[0.00009269]
Loading 1645th epoch
Loss:[0.00009257]
Loading 1646th epoch
Loss:[0.00009246]
Loading 1647th epoch
Loss:[0.00009234]
Loading 1648th epoch
Loss:[0.00009222]
Loading 1649th epoch
Loss:[0.00009211]
Loading 1650th epoch
Loss:[0.00009199]
Loading 1651th epoch
Loss:[0.00009187]
Loading 1652th epoch
Loss:[0.00009176]
Loading 1653th epoch
Loss:[0.00009164]
Loading 1654th epoch
Loss:[0.00009153]
Loading 1655th epoch
Loss:[0.00009141]
Loading 1656th epoch
Loss:[0.00009130]
Loading 1657th epoch
Loss:[0.00009118]
Loading 1658th epoch
Loss:[0.00009107]
Loading 1659th epoch
Loss:[0.00009095]
Loading 1660th epoch
Loss:[0.00009084]
Loading 1661th epoch
Loss:[0.00009072]
Loading 1662th epoch
Loss:[0.00009061]
Loading 1663th epoch
Loss:[0.00009050]
Loading 1664th epoch
Loss:[0.00009038]
Loading 1665th epoch
Loss:[0.00009027]
Loading 1666th epoch
Loss:[0.00009016]
Loading 1667th epoch
Loss:[0.00009004]
Loading 1668th epoch
Loss:[0.00008993]
Loading 1669th epoch
Loss:[0.00008982]
Loading 1670th epoch
Loss:[0.00008971]
Loading 1671th epoch
Loss:[0.00008959]
Loading 1672th epoch
Loss:[0.00008948]
Loading 1673th epoch
Loss:[0.00008937]
Loading 1674th epoch
Loss:[0.00008926]
Loading 1675th epoch
Loss:[0.00008915]
Loading 1676th epoch
Loss:[0.00008904]
Loading 1677th epoch
Loss:[0.00008892]
Loading 1678th epoch
Loss:[0.00008881]
Loading 1679th epoch
Loss:[0.00008870]
Loading 1680th epoch
Loss:[0.00008859]
Loading 1681th epoch
Loss:[0.00008848]
Loading 1682th epoch
Loss:[0.00008837]
Loading 1683th epoch
Loss:[0.00008826]
Loading 1684th epoch
Loss:[0.00008815]
Loading 1685th epoch
Loss:[0.00008804]
Loading 1686th epoch
Loss:[0.00008794]
Loading 1687th epoch
Loss:[0.00008783]
Loading 1688th epoch
Loss:[0.00008772]
Loading 1689th epoch
Loss:[0.00008761]
Loading 1690th epoch
Loss:[0.00008750]
Loading 1691th epoch
Loss:[0.00008739]
Loading 1692th epoch
Loss:[0.00008729]
Loading 1693th epoch
Loss:[0.00008718]
Loading 1694th epoch
Loss:[0.00008707]
Loading 1695th epoch
Loss:[0.00008696]
Loading 1696th epoch
Loss:[0.00008686]
Loading 1697th epoch
Loss:[0.00008675]
Loading 1698th epoch
Loss:[0.00008664]
Loading 1699th epoch
Loss:[0.00008653]
Loading 1700th epoch
Loss:[0.00008643]
Loading 1701th epoch
Loss:[0.00008632]
Loading 1702th epoch
Loss:[0.00008622]
Loading 1703th epoch
Loss:[0.00008611]
Loading 1704th epoch
Loss:[0.00008600]
Loading 1705th epoch
Loss:[0.00008590]
Loading 1706th epoch
Loss:[0.00008579]
Loading 1707th epoch
Loss:[0.00008569]
Loading 1708th epoch
Loss:[0.00008558]
Loading 1709th epoch
Loss:[0.00008548]
Loading 1710th epoch
Loss:[0.00008537]
Loading 1711th epoch
Loss:[0.00008527]
Loading 1712th epoch
Loss:[0.00008516]
Loading 1713th epoch
Loss:[0.00008506]
Loading 1714th epoch
Loss:[0.00008495]
Loading 1715th epoch
Loss:[0.00008485]
Loading 1716th epoch
Loss:[0.00008475]
Loading 1717th epoch
Loss:[0.00008464]
Loading 1718th epoch
Loss:[0.00008454]
Loading 1719th epoch
Loss:[0.00008444]
Loading 1720th epoch
Loss:[0.00008433]
Loading 1721th epoch
Loss:[0.00008423]
Loading 1722th epoch
Loss:[0.00008413]
Loading 1723th epoch
Loss:[0.00008403]
Loading 1724th epoch
Loss:[0.00008392]
Loading 1725th epoch
Loss:[0.00008382]
Loading 1726th epoch
Loss:[0.00008372]
Loading 1727th epoch
Loss:[0.00008362]
Loading 1728th epoch
Loss:[0.00008352]
Loading 1729th epoch
Loss:[0.00008341]
Loading 1730th epoch
Loss:[0.00008331]
Loading 1731th epoch
Loss:[0.00008321]
Loading 1732th epoch
Loss:[0.00008311]
Loading 1733th epoch
Loss:[0.00008301]
Loading 1734th epoch
Loss:[0.00008291]
Loading 1735th epoch
Loss:[0.00008281]
Loading 1736th epoch
Loss:[0.00008271]
Loading 1737th epoch
Loss:[0.00008261]
Loading 1738th epoch
Loss:[0.00008251]
Loading 1739th epoch
Loss:[0.00008241]
Loading 1740th epoch
Loss:[0.00008231]
Loading 1741th epoch
Loss:[0.00008221]
Loading 1742th epoch
Loss:[0.00008211]
Loading 1743th epoch
Loss:[0.00008201]
Loading 1744th epoch
Loss:[0.00008191]
Loading 1745th epoch
Loss:[0.00008182]
Loading 1746th epoch
Loss:[0.00008172]
Loading 1747th epoch
Loss:[0.00008162]
Loading 1748th epoch
Loss:[0.00008152]
Loading 1749th epoch
Loss:[0.00008142]
Loading 1750th epoch
Loss:[0.00008132]
Loading 1751th epoch
Loss:[0.00008123]
Loading 1752th epoch
Loss:[0.00008113]
Loading 1753th epoch
Loss:[0.00008103]
Loading 1754th epoch
Loss:[0.00008093]
Loading 1755th epoch
Loss:[0.00008084]
Loading 1756th epoch
Loss:[0.00008074]
Loading 1757th epoch
Loss:[0.00008064]
Loading 1758th epoch
Loss:[0.00008055]
Loading 1759th epoch
Loss:[0.00008045]
Loading 1760th epoch
Loss:[0.00008035]
Loading 1761th epoch
Loss:[0.00008026]
Loading 1762th epoch
Loss:[0.00008016]
Loading 1763th epoch
Loss:[0.00008007]
Loading 1764th epoch
Loss:[0.00007997]
Loading 1765th epoch
Loss:[0.00007988]
Loading 1766th epoch
Loss:[0.00007978]
Loading 1767th epoch
Loss:[0.00007968]
Loading 1768th epoch
Loss:[0.00007959]
Loading 1769th epoch
Loss:[0.00007949]
Loading 1770th epoch
Loss:[0.00007940]
Loading 1771th epoch
Loss:[0.00007931]
Loading 1772th epoch
Loss:[0.00007921]
Loading 1773th epoch
Loss:[0.00007912]
Loading 1774th epoch
Loss:[0.00007902]
Loading 1775th epoch
Loss:[0.00007893]
Loading 1776th epoch
Loss:[0.00007883]
Loading 1777th epoch
Loss:[0.00007874]
Loading 1778th epoch
Loss:[0.00007865]
Loading 1779th epoch
Loss:[0.00007855]
Loading 1780th epoch
Loss:[0.00007846]
Loading 1781th epoch
Loss:[0.00007837]
Loading 1782th epoch
Loss:[0.00007827]
Loading 1783th epoch
Loss:[0.00007818]
Loading 1784th epoch
Loss:[0.00007809]
Loading 1785th epoch
Loss:[0.00007800]
Loading 1786th epoch
Loss:[0.00007790]
Loading 1787th epoch
Loss:[0.00007781]
Loading 1788th epoch
Loss:[0.00007772]
Loading 1789th epoch
Loss:[0.00007763]
Loading 1790th epoch
Loss:[0.00007754]
Loading 1791th epoch
Loss:[0.00007745]
Loading 1792th epoch
Loss:[0.00007735]
Loading 1793th epoch
Loss:[0.00007726]
Loading 1794th epoch
Loss:[0.00007717]
Loading 1795th epoch
Loss:[0.00007708]
Loading 1796th epoch
Loss:[0.00007699]
Loading 1797th epoch
Loss:[0.00007690]
Loading 1798th epoch
Loss:[0.00007681]
Loading 1799th epoch
Loss:[0.00007672]
Loading 1800th epoch
Loss:[0.00007663]
Loading 1801th epoch
Loss:[0.00007654]
Loading 1802th epoch
Loss:[0.00007645]
Loading 1803th epoch
Loss:[0.00007636]
Loading 1804th epoch
Loss:[0.00007627]
Loading 1805th epoch
Loss:[0.00007618]
Loading 1806th epoch
Loss:[0.00007609]
Loading 1807th epoch
Loss:[0.00007600]
Loading 1808th epoch
Loss:[0.00007591]
Loading 1809th epoch
Loss:[0.00007582]
Loading 1810th epoch
Loss:[0.00007573]
Loading 1811th epoch
Loss:[0.00007564]
Loading 1812th epoch
Loss:[0.00007556]
Loading 1813th epoch
Loss:[0.00007547]
Loading 1814th epoch
Loss:[0.00007538]
Loading 1815th epoch
Loss:[0.00007529]
Loading 1816th epoch
Loss:[0.00007520]
Loading 1817th epoch
Loss:[0.00007512]
Loading 1818th epoch
Loss:[0.00007503]
Loading 1819th epoch
Loss:[0.00007494]
Loading 1820th epoch
Loss:[0.00007485]
Loading 1821th epoch
Loss:[0.00007477]
Loading 1822th epoch
Loss:[0.00007468]
Loading 1823th epoch
Loss:[0.00007459]
Loading 1824th epoch
Loss:[0.00007451]
Loading 1825th epoch
Loss:[0.00007442]
Loading 1826th epoch
Loss:[0.00007433]
Loading 1827th epoch
Loss:[0.00007425]
Loading 1828th epoch
Loss:[0.00007416]
Loading 1829th epoch
Loss:[0.00007407]
Loading 1830th epoch
Loss:[0.00007399]
Loading 1831th epoch
Loss:[0.00007390]
Loading 1832th epoch
Loss:[0.00007382]
Loading 1833th epoch
Loss:[0.00007373]
Loading 1834th epoch
Loss:[0.00007365]
Loading 1835th epoch
Loss:[0.00007356]
Loading 1836th epoch
Loss:[0.00007348]
Loading 1837th epoch
Loss:[0.00007339]
Loading 1838th epoch
Loss:[0.00007331]
Loading 1839th epoch
Loss:[0.00007322]
Loading 1840th epoch
Loss:[0.00007314]
Loading 1841th epoch
Loss:[0.00007305]
Loading 1842th epoch
Loss:[0.00007297]
Loading 1843th epoch
Loss:[0.00007288]
Loading 1844th epoch
Loss:[0.00007280]
Loading 1845th epoch
Loss:[0.00007272]
Loading 1846th epoch
Loss:[0.00007263]
Loading 1847th epoch
Loss:[0.00007255]
Loading 1848th epoch
Loss:[0.00007247]
Loading 1849th epoch
Loss:[0.00007238]
Loading 1850th epoch
Loss:[0.00007230]
Loading 1851th epoch
Loss:[0.00007222]
Loading 1852th epoch
Loss:[0.00007213]
Loading 1853th epoch
Loss:[0.00007205]
Loading 1854th epoch
Loss:[0.00007197]
Loading 1855th epoch
Loss:[0.00007188]
Loading 1856th epoch
Loss:[0.00007180]
Loading 1857th epoch
Loss:[0.00007172]
Loading 1858th epoch
Loss:[0.00007164]
Loading 1859th epoch
Loss:[0.00007156]
Loading 1860th epoch
Loss:[0.00007147]
Loading 1861th epoch
Loss:[0.00007139]
Loading 1862th epoch
Loss:[0.00007131]
Loading 1863th epoch
Loss:[0.00007123]
Loading 1864th epoch
Loss:[0.00007115]
Loading 1865th epoch
Loss:[0.00007107]
Loading 1866th epoch
Loss:[0.00007099]
Loading 1867th epoch
Loss:[0.00007091]
Loading 1868th epoch
Loss:[0.00007082]
Loading 1869th epoch
Loss:[0.00007074]
Loading 1870th epoch
Loss:[0.00007066]
Loading 1871th epoch
Loss:[0.00007058]
Loading 1872th epoch
Loss:[0.00007050]
Loading 1873th epoch
Loss:[0.00007042]
Loading 1874th epoch
Loss:[0.00007034]
Loading 1875th epoch
Loss:[0.00007026]
Loading 1876th epoch
Loss:[0.00007018]
Loading 1877th epoch
Loss:[0.00007010]
Loading 1878th epoch
Loss:[0.00007002]
Loading 1879th epoch
Loss:[0.00006994]
Loading 1880th epoch
Loss:[0.00006986]
Loading 1881th epoch
Loss:[0.00006978]
Loading 1882th epoch
Loss:[0.00006970]
Loading 1883th epoch
Loss:[0.00006962]
Loading 1884th epoch
Loss:[0.00006954]
Loading 1885th epoch
Loss:[0.00006946]
Loading 1886th epoch
Loss:[0.00006939]
Loading 1887th epoch
Loss:[0.00006931]
Loading 1888th epoch
Loss:[0.00006923]
Loading 1889th epoch
Loss:[0.00006915]
Loading 1890th epoch
Loss:[0.00006907]
Loading 1891th epoch
Loss:[0.00006899]
Loading 1892th epoch
Loss:[0.00006892]
Loading 1893th epoch
Loss:[0.00006884]
Loading 1894th epoch
Loss:[0.00006876]
Loading 1895th epoch
Loss:[0.00006869]
Loading 1896th epoch
Loss:[0.00006861]
Loading 1897th epoch
Loss:[0.00006853]
Loading 1898th epoch
Loss:[0.00006845]
Loading 1899th epoch
Loss:[0.00006838]
Loading 1900th epoch
Loss:[0.00006830]
Loading 1901th epoch
Loss:[0.00006822]
Loading 1902th epoch
Loss:[0.00006815]
Loading 1903th epoch
Loss:[0.00006807]
Loading 1904th epoch
Loss:[0.00006799]
Loading 1905th epoch
Loss:[0.00006792]
Loading 1906th epoch
Loss:[0.00006784]
Loading 1907th epoch
Loss:[0.00006777]
Loading 1908th epoch
Loss:[0.00006769]
Loading 1909th epoch
Loss:[0.00006761]
Loading 1910th epoch
Loss:[0.00006754]
Loading 1911th epoch
Loss:[0.00006746]
Loading 1912th epoch
Loss:[0.00006739]
Loading 1913th epoch
Loss:[0.00006731]
Loading 1914th epoch
Loss:[0.00006724]
Loading 1915th epoch
Loss:[0.00006716]
Loading 1916th epoch
Loss:[0.00006709]
Loading 1917th epoch
Loss:[0.00006701]
Loading 1918th epoch
Loss:[0.00006694]
Loading 1919th epoch
Loss:[0.00006686]
Loading 1920th epoch
Loss:[0.00006679]
Loading 1921th epoch
Loss:[0.00006671]
Loading 1922th epoch
Loss:[0.00006664]
Loading 1923th epoch
Loss:[0.00006656]
Loading 1924th epoch
Loss:[0.00006649]
Loading 1925th epoch
Loss:[0.00006642]
Loading 1926th epoch
Loss:[0.00006634]
Loading 1927th epoch
Loss:[0.00006627]
Loading 1928th epoch
Loss:[0.00006619]
Loading 1929th epoch
Loss:[0.00006612]
Loading 1930th epoch
Loss:[0.00006605]
Loading 1931th epoch
Loss:[0.00006597]
Loading 1932th epoch
Loss:[0.00006590]
Loading 1933th epoch
Loss:[0.00006583]
Loading 1934th epoch
Loss:[0.00006575]
Loading 1935th epoch
Loss:[0.00006568]
Loading 1936th epoch
Loss:[0.00006561]
Loading 1937th epoch
Loss:[0.00006553]
Loading 1938th epoch
Loss:[0.00006546]
Loading 1939th epoch
Loss:[0.00006539]
Loading 1940th epoch
Loss:[0.00006532]
Loading 1941th epoch
Loss:[0.00006525]
Loading 1942th epoch
Loss:[0.00006517]
Loading 1943th epoch
Loss:[0.00006510]
Loading 1944th epoch
Loss:[0.00006503]
Loading 1945th epoch
Loss:[0.00006496]
Loading 1946th epoch
Loss:[0.00006488]
Loading 1947th epoch
Loss:[0.00006481]
Loading 1948th epoch
Loss:[0.00006474]
Loading 1949th epoch
Loss:[0.00006467]
Loading 1950th epoch
Loss:[0.00006460]
Loading 1951th epoch
Loss:[0.00006453]
Loading 1952th epoch
Loss:[0.00006446]
Loading 1953th epoch
Loss:[0.00006439]
Loading 1954th epoch
Loss:[0.00006432]
Loading 1955th epoch
Loss:[0.00006424]
Loading 1956th epoch
Loss:[0.00006417]
Loading 1957th epoch
Loss:[0.00006410]
Loading 1958th epoch
Loss:[0.00006403]
Loading 1959th epoch
Loss:[0.00006396]
Loading 1960th epoch
Loss:[0.00006389]
Loading 1961th epoch
Loss:[0.00006382]
Loading 1962th epoch
Loss:[0.00006375]
Loading 1963th epoch
Loss:[0.00006368]
Loading 1964th epoch
Loss:[0.00006361]
Loading 1965th epoch
Loss:[0.00006354]
Loading 1966th epoch
Loss:[0.00006347]
Loading 1967th epoch
Loss:[0.00006340]
Loading 1968th epoch
Loss:[0.00006333]
Loading 1969th epoch
Loss:[0.00006327]
Loading 1970th epoch
Loss:[0.00006320]
Loading 1971th epoch
Loss:[0.00006313]
Loading 1972th epoch
Loss:[0.00006306]
Loading 1973th epoch
Loss:[0.00006299]
Loading 1974th epoch
Loss:[0.00006292]
Loading 1975th epoch
Loss:[0.00006285]
Loading 1976th epoch
Loss:[0.00006278]
Loading 1977th epoch
Loss:[0.00006271]
Loading 1978th epoch
Loss:[0.00006265]
Loading 1979th epoch
Loss:[0.00006258]
Loading 1980th epoch
Loss:[0.00006251]
Loading 1981th epoch
Loss:[0.00006244]
Loading 1982th epoch
Loss:[0.00006237]
Loading 1983th epoch
Loss:[0.00006231]
Loading 1984th epoch
Loss:[0.00006224]
Loading 1985th epoch
Loss:[0.00006217]
Loading 1986th epoch
Loss:[0.00006210]
Loading 1987th epoch
Loss:[0.00006204]
Loading 1988th epoch
Loss:[0.00006197]
Loading 1989th epoch
Loss:[0.00006190]
Loading 1990th epoch
Loss:[0.00006184]
Loading 1991th epoch
Loss:[0.00006177]
Loading 1992th epoch
Loss:[0.00006170]
Loading 1993th epoch
Loss:[0.00006163]
Loading 1994th epoch
Loss:[0.00006157]
Loading 1995th epoch
Loss:[0.00006150]
Loading 1996th epoch
Loss:[0.00006143]
Loading 1997th epoch
Loss:[0.00006137]
Loading 1998th epoch
[ReliabilityLoss] step=2000 mode=descriptor pos(mean/min/max)=0.9645/0.2441/1.0000 neg(mean/min/max)=0.6045/0.3046/0.9203 base_bce=0.000015 weighted_bce=0.000010 weighted/base=0.6848
Loss:[0.00006130]
Loading 1999th epoch
Loss:[0.00006123]
Loading 2000th epoch
Loss:[0.00006117]
Loading 2001th epoch
Loss:[0.00006110]
Loading 2002th epoch
Loss:[0.00006104]
Loading 2003th epoch
Loss:[0.00006097]
Loading 2004th epoch
Loss:[0.00006090]
Loading 2005th epoch
Loss:[0.00006084]
Loading 2006th epoch
Loss:[0.00006077]
Loading 2007th epoch
Loss:[0.00006071]
Loading 2008th epoch
Loss:[0.00006064]
Loading 2009th epoch
Loss:[0.00006058]
Loading 2010th epoch
Loss:[0.00006051]
Loading 2011th epoch
Loss:[0.00006045]
Loading 2012th epoch
Loss:[0.00006038]
Loading 2013th epoch
Loss:[0.00006032]
Loading 2014th epoch
Loss:[0.00006025]
Loading 2015th epoch
Loss:[0.00006019]
Loading 2016th epoch
Loss:[0.00006012]
Loading 2017th epoch
Loss:[0.00006006]
Loading 2018th epoch
Loss:[0.00005999]
Loading 2019th epoch
Loss:[0.00005993]
Loading 2020th epoch
Loss:[0.00005987]
Loading 2021th epoch
Loss:[0.00005980]
Loading 2022th epoch
Loss:[0.00005974]
Loading 2023th epoch
Loss:[0.00005967]
Loading 2024th epoch
Loss:[0.00005961]
Loading 2025th epoch
Loss:[0.00005954]
Loading 2026th epoch
Loss:[0.00005948]
Loading 2027th epoch
Loss:[0.00005942]
Loading 2028th epoch
Loss:[0.00005935]
Loading 2029th epoch
Loss:[0.00005929]
Loading 2030th epoch
Loss:[0.00005923]
Loading 2031th epoch
Loss:[0.00005916]
Loading 2032th epoch
Loss:[0.00005910]
Loading 2033th epoch
Loss:[0.00005904]
Loading 2034th epoch
Loss:[0.00005897]
Loading 2035th epoch
Loss:[0.00005891]
Loading 2036th epoch
Loss:[0.00005885]
Loading 2037th epoch
Loss:[0.00005879]
Loading 2038th epoch
Loss:[0.00005872]
Loading 2039th epoch
Loss:[0.00005866]
Loading 2040th epoch
Loss:[0.00005860]
Loading 2041th epoch
Loss:[0.00005854]
Loading 2042th epoch
Loss:[0.00005848]
Loading 2043th epoch
Loss:[0.00005841]
Loading 2044th epoch
Loss:[0.00005835]
Loading 2045th epoch
Loss:[0.00005829]
Loading 2046th epoch
Loss:[0.00005823]
Loading 2047th epoch
Loss:[0.00005816]
Loading 2048th epoch
Loss:[0.00005810]
Loading 2049th epoch
Loss:[0.00005804]
Loading 2050th epoch
Loss:[0.00005798]
Loading 2051th epoch
Loss:[0.00005792]
Loading 2052th epoch
Loss:[0.00005786]
Loading 2053th epoch
Loss:[0.00005779]
Loading 2054th epoch
Loss:[0.00005773]
Loading 2055th epoch
Loss:[0.00005767]
Loading 2056th epoch
Loss:[0.00005761]
Loading 2057th epoch
Loss:[0.00005755]
Loading 2058th epoch
Loss:[0.00005749]
Loading 2059th epoch
Loss:[0.00005743]
Loading 2060th epoch
Loss:[0.00005737]
Loading 2061th epoch
Loss:[0.00005731]
Loading 2062th epoch
Loss:[0.00005725]
Loading 2063th epoch
Loss:[0.00005719]
Loading 2064th epoch
Loss:[0.00005713]
Loading 2065th epoch
Loss:[0.00005707]
Loading 2066th epoch
Loss:[0.00005701]
Loading 2067th epoch
Loss:[0.00005695]
Loading 2068th epoch
Loss:[0.00005689]
Loading 2069th epoch
Loss:[0.00005683]
Loading 2070th epoch
Loss:[0.00005677]
Loading 2071th epoch
Loss:[0.00005671]
Loading 2072th epoch
Loss:[0.00005665]
Loading 2073th epoch
Loss:[0.00005659]
Loading 2074th epoch
Loss:[0.00005653]
Loading 2075th epoch
Loss:[0.00005647]
Loading 2076th epoch
Loss:[0.00005641]
Loading 2077th epoch
Loss:[0.00005635]
Loading 2078th epoch
Loss:[0.00005629]
Loading 2079th epoch
Loss:[0.00005623]
Loading 2080th epoch
Loss:[0.00005617]
Loading 2081th epoch
Loss:[0.00005611]
Loading 2082th epoch
Loss:[0.00005606]
Loading 2083th epoch
Loss:[0.00005600]
Loading 2084th epoch
Loss:[0.00005594]
Loading 2085th epoch
Loss:[0.00005588]
Loading 2086th epoch
Loss:[0.00005582]
Loading 2087th epoch
Loss:[0.00005576]
Loading 2088th epoch
Loss:[0.00005570]
Loading 2089th epoch
Loss:[0.00005565]
Loading 2090th epoch
Loss:[0.00005559]
Loading 2091th epoch
Loss:[0.00005553]
Loading 2092th epoch
Loss:[0.00005547]
Loading 2093th epoch
Loss:[0.00005541]
Loading 2094th epoch
Loss:[0.00005536]
Loading 2095th epoch
Loss:[0.00005530]
Loading 2096th epoch
Loss:[0.00005524]
Loading 2097th epoch
Loss:[0.00005519]
Loading 2098th epoch
Loss:[0.00005513]
Loading 2099th epoch
Loss:[0.00005507]
Loading 2100th epoch
Loss:[0.00005501]
Loading 2101th epoch
Loss:[0.00005496]
Loading 2102th epoch
Loss:[0.00005490]
Loading 2103th epoch
Loss:[0.00005484]
Loading 2104th epoch
Loss:[0.00005478]
Loading 2105th epoch
Loss:[0.00005473]
Loading 2106th epoch
Loss:[0.00005467]
Loading 2107th epoch
Loss:[0.00005461]
Loading 2108th epoch
Loss:[0.00005456]
Loading 2109th epoch
Loss:[0.00005450]
Loading 2110th epoch
Loss:[0.00005444]
Loading 2111th epoch
Loss:[0.00005439]
Loading 2112th epoch
Loss:[0.00005433]
Loading 2113th epoch
Loss:[0.00005427]
Loading 2114th epoch
Loss:[0.00005422]
Loading 2115th epoch
Loss:[0.00005416]
Loading 2116th epoch
Loss:[0.00005411]
Loading 2117th epoch
Loss:[0.00005405]
Loading 2118th epoch
Loss:[0.00005399]
Loading 2119th epoch
Loss:[0.00005394]
Loading 2120th epoch
Loss:[0.00005388]
Loading 2121th epoch
Loss:[0.00005383]
Loading 2122th epoch
Loss:[0.00005377]
Loading 2123th epoch
Loss:[0.00005371]
Loading 2124th epoch
Loss:[0.00005366]
Loading 2125th epoch
Loss:[0.00005360]
Loading 2126th epoch
Loss:[0.00005355]
Loading 2127th epoch
Loss:[0.00005349]
Loading 2128th epoch
Loss:[0.00005344]
Loading 2129th epoch
Loss:[0.00005338]
Loading 2130th epoch
Loss:[0.00005333]
Loading 2131th epoch
Loss:[0.00005327]
Loading 2132th epoch
Loss:[0.00005322]
Loading 2133th epoch
Loss:[0.00005316]
Loading 2134th epoch
Loss:[0.00005311]
Loading 2135th epoch
Loss:[0.00005306]
Loading 2136th epoch
Loss:[0.00005300]
Loading 2137th epoch
Loss:[0.00005295]
Loading 2138th epoch
Loss:[0.00005289]
Loading 2139th epoch
Loss:[0.00005284]
Loading 2140th epoch
Loss:[0.00005278]
Loading 2141th epoch
Loss:[0.00005273]
Loading 2142th epoch
Loss:[0.00005268]
Loading 2143th epoch
Loss:[0.00005262]
Loading 2144th epoch
Loss:[0.00005257]
Loading 2145th epoch
Loss:[0.00005251]
Loading 2146th epoch
Loss:[0.00005246]
Loading 2147th epoch
Loss:[0.00005241]
Loading 2148th epoch
Loss:[0.00005235]
Loading 2149th epoch
Loss:[0.00005230]
Loading 2150th epoch
Loss:[0.00005224]
Loading 2151th epoch
Loss:[0.00005219]
Loading 2152th epoch
Loss:[0.00005214]
Loading 2153th epoch
Loss:[0.00005208]
Loading 2154th epoch
Loss:[0.00005203]
Loading 2155th epoch
Loss:[0.00005198]
Loading 2156th epoch
Loss:[0.00005193]
Loading 2157th epoch
Loss:[0.00005187]
Loading 2158th epoch
Loss:[0.00005182]
Loading 2159th epoch
Loss:[0.00005177]
Loading 2160th epoch
Loss:[0.00005171]
Loading 2161th epoch
Loss:[0.00005166]
Loading 2162th epoch
Loss:[0.00005161]
Loading 2163th epoch
Loss:[0.00005156]
Loading 2164th epoch
Loss:[0.00005151]
Loading 2165th epoch
Loss:[0.00005145]
Loading 2166th epoch
Loss:[0.00005140]
Loading 2167th epoch
Loss:[0.00005135]
Loading 2168th epoch
Loss:[0.00005130]
Loading 2169th epoch
Loss:[0.00005124]
Loading 2170th epoch
Loss:[0.00005119]
Loading 2171th epoch
Loss:[0.00005114]
Loading 2172th epoch
Loss:[0.00005109]
Loading 2173th epoch
Loss:[0.00005104]
Loading 2174th epoch
Loss:[0.00005098]
Loading 2175th epoch
Loss:[0.00005093]
Loading 2176th epoch
Loss:[0.00005088]
Loading 2177th epoch
Loss:[0.00005083]
Loading 2178th epoch
Loss:[0.00005078]
Loading 2179th epoch
Loss:[0.00005073]
Loading 2180th epoch
Loss:[0.00005067]
Loading 2181th epoch
Loss:[0.00005062]
Loading 2182th epoch
Loss:[0.00005057]
Loading 2183th epoch
Loss:[0.00005052]
Loading 2184th epoch
Loss:[0.00005047]
Loading 2185th epoch
Loss:[0.00005042]
Loading 2186th epoch
Loss:[0.00005037]
Loading 2187th epoch
Loss:[0.00005032]
Loading 2188th epoch
Loss:[0.00005027]
Loading 2189th epoch
Loss:[0.00005022]
Loading 2190th epoch
Loss:[0.00005017]
Loading 2191th epoch
Loss:[0.00005011]
Loading 2192th epoch
Loss:[0.00005006]
Loading 2193th epoch
Loss:[0.00005001]
Loading 2194th epoch
Loss:[0.00004996]
Loading 2195th epoch
Loss:[0.00004991]
Loading 2196th epoch
Loss:[0.00004986]
Loading 2197th epoch
Loss:[0.00004982]
Loading 2198th epoch
Loss:[0.00004976]
Loading 2199th epoch
Loss:[0.00004971]
Loading 2200th epoch
Loss:[0.00004966]
Loading 2201th epoch
Loss:[0.00004961]
Loading 2202th epoch
Loss:[0.00004956]
Loading 2203th epoch
Loss:[0.00004951]
Loading 2204th epoch
Loss:[0.00004946]
Loading 2205th epoch
Loss:[0.00004941]
Loading 2206th epoch
Loss:[0.00004937]
Loading 2207th epoch
Loss:[0.00004932]
Loading 2208th epoch
Loss:[0.00004927]
Loading 2209th epoch
Loss:[0.00004922]
Loading 2210th epoch
Loss:[0.00004917]
Loading 2211th epoch
Loss:[0.00004912]
Loading 2212th epoch
Loss:[0.00004907]
Loading 2213th epoch
Loss:[0.00004902]
Loading 2214th epoch
Loss:[0.00004897]
Loading 2215th epoch
Loss:[0.00004892]
Loading 2216th epoch
Loss:[0.00004887]
Loading 2217th epoch
Loss:[0.00004882]
Loading 2218th epoch
Loss:[0.00004877]
Loading 2219th epoch
Loss:[0.00004873]
Loading 2220th epoch
Loss:[0.00004868]
Loading 2221th epoch
Loss:[0.00004863]
Loading 2222th epoch
Loss:[0.00004858]
Loading 2223th epoch
Loss:[0.00004853]
Loading 2224th epoch
Loss:[0.00004848]
Loading 2225th epoch
Loss:[0.00004844]
Loading 2226th epoch
Loss:[0.00004839]
Loading 2227th epoch
Loss:[0.00004834]
Loading 2228th epoch
Loss:[0.00004829]
Loading 2229th epoch
Loss:[0.00004824]
Loading 2230th epoch
Loss:[0.00004820]
Loading 2231th epoch
Loss:[0.00004815]
Loading 2232th epoch
Loss:[0.00004810]
Loading 2233th epoch
Loss:[0.00004805]
Loading 2234th epoch
Loss:[0.00004801]
Loading 2235th epoch
Loss:[0.00004796]
Loading 2236th epoch
Loss:[0.00004791]
Loading 2237th epoch
Loss:[0.00004786]
Loading 2238th epoch
Loss:[0.00004781]
Loading 2239th epoch
Loss:[0.00004777]
Loading 2240th epoch
Loss:[0.00004772]
Loading 2241th epoch
Loss:[0.00004767]
Loading 2242th epoch
Loss:[0.00004763]
Loading 2243th epoch
Loss:[0.00004758]
Loading 2244th epoch
Loss:[0.00004753]
Loading 2245th epoch
Loss:[0.00004748]
Loading 2246th epoch
Loss:[0.00004744]
Loading 2247th epoch
Loss:[0.00004739]
Loading 2248th epoch
Loss:[0.00004734]
Loading 2249th epoch
Loss:[0.00004730]
Loading 2250th epoch
Loss:[0.00004725]
Loading 2251th epoch
Loss:[0.00004720]
Loading 2252th epoch
Loss:[0.00004716]
Loading 2253th epoch
Loss:[0.00004711]
Loading 2254th epoch
Loss:[0.00004706]
Loading 2255th epoch
Loss:[0.00004702]
Loading 2256th epoch
Loss:[0.00004697]
Loading 2257th epoch
Loss:[0.00004693]
Loading 2258th epoch
Loss:[0.00004688]
Loading 2259th epoch
Loss:[0.00004683]
Loading 2260th epoch
Loss:[0.00004679]
Loading 2261th epoch
Loss:[0.00004674]
Loading 2262th epoch
Loss:[0.00004669]
Loading 2263th epoch
Loss:[0.00004665]
Loading 2264th epoch
Loss:[0.00004660]
Loading 2265th epoch
Loss:[0.00004656]
Loading 2266th epoch
Loss:[0.00004651]
Loading 2267th epoch
Loss:[0.00004647]
Loading 2268th epoch
Loss:[0.00004642]
Loading 2269th epoch
Loss:[0.00004637]
Loading 2270th epoch
Loss:[0.00004633]
Loading 2271th epoch
Loss:[0.00004628]
Loading 2272th epoch
Loss:[0.00004624]
Loading 2273th epoch
Loss:[0.00004619]
Loading 2274th epoch
Loss:[0.00004615]
Loading 2275th epoch
Loss:[0.00004610]
Loading 2276th epoch
Loss:[0.00004605]
Loading 2277th epoch
Loss:[0.00004601]
Loading 2278th epoch
Loss:[0.00004596]
Loading 2279th epoch
Loss:[0.00004592]
Loading 2280th epoch
Loss:[0.00004587]
Loading 2281th epoch
Loss:[0.00004583]
Loading 2282th epoch
Loss:[0.00004578]
Loading 2283th epoch
Loss:[0.00004574]
Loading 2284th epoch
Loss:[0.00004569]
Loading 2285th epoch
Loss:[0.00004565]
Loading 2286th epoch
Loss:[0.00004561]
Loading 2287th epoch
Loss:[0.00004556]
Loading 2288th epoch
Loss:[0.00004552]
Loading 2289th epoch
Loss:[0.00004547]
Loading 2290th epoch
Loss:[0.00004543]
Loading 2291th epoch
Loss:[0.00004538]
Loading 2292th epoch
Loss:[0.00004534]
Loading 2293th epoch
Loss:[0.00004530]
Loading 2294th epoch
Loss:[0.00004525]
Loading 2295th epoch
Loss:[0.00004521]
Loading 2296th epoch
Loss:[0.00004516]
Loading 2297th epoch
Loss:[0.00004512]
Loading 2298th epoch
Loss:[0.00004508]
Loading 2299th epoch
Loss:[0.00004503]
Loading 2300th epoch
Loss:[0.00004499]
Loading 2301th epoch
Loss:[0.00004494]
Loading 2302th epoch
Loss:[0.00004490]
Loading 2303th epoch
Loss:[0.00004486]
Loading 2304th epoch
Loss:[0.00004481]
Loading 2305th epoch
Loss:[0.00004477]
Loading 2306th epoch
Loss:[0.00004473]
Loading 2307th epoch
Loss:[0.00004468]
Loading 2308th epoch
Loss:[0.00004464]
Loading 2309th epoch
Loss:[0.00004460]
Loading 2310th epoch
Loss:[0.00004455]
Loading 2311th epoch
Loss:[0.00004451]
Loading 2312th epoch
Loss:[0.00004447]
Loading 2313th epoch
Loss:[0.00004442]
Loading 2314th epoch
Loss:[0.00004438]
Loading 2315th epoch
Loss:[0.00004434]
Loading 2316th epoch
Loss:[0.00004429]
Loading 2317th epoch
Loss:[0.00004425]
Loading 2318th epoch
Loss:[0.00004421]
Loading 2319th epoch
Loss:[0.00004417]
Loading 2320th epoch
Loss:[0.00004412]
Loading 2321th epoch
Loss:[0.00004408]
Loading 2322th epoch
Loss:[0.00004404]
Loading 2323th epoch
Loss:[0.00004399]
Loading 2324th epoch
Loss:[0.00004395]
Loading 2325th epoch
Loss:[0.00004391]
Loading 2326th epoch
Loss:[0.00004387]
Loading 2327th epoch
Loss:[0.00004383]
Loading 2328th epoch
Loss:[0.00004378]
Loading 2329th epoch
Loss:[0.00004374]
Loading 2330th epoch
Loss:[0.00004370]
Loading 2331th epoch
Loss:[0.00004366]
Loading 2332th epoch
Loss:[0.00004362]
Loading 2333th epoch
Loss:[0.00004357]
Loading 2334th epoch
Loss:[0.00004353]
Loading 2335th epoch
Loss:[0.00004349]
Loading 2336th epoch
Loss:[0.00004345]
Loading 2337th epoch
Loss:[0.00004341]
Loading 2338th epoch
Loss:[0.00004336]
Loading 2339th epoch
Loss:[0.00004332]
Loading 2340th epoch
Loss:[0.00004328]
Loading 2341th epoch
Loss:[0.00004324]
Loading 2342th epoch
Loss:[0.00004320]
Loading 2343th epoch
Loss:[0.00004316]
Loading 2344th epoch
Loss:[0.00004312]
Loading 2345th epoch
Loss:[0.00004308]
Loading 2346th epoch
Loss:[0.00004303]
Loading 2347th epoch
Loss:[0.00004299]
Loading 2348th epoch
Loss:[0.00004295]
Loading 2349th epoch
Loss:[0.00004291]
Loading 2350th epoch
Loss:[0.00004287]
Loading 2351th epoch
Loss:[0.00004283]
Loading 2352th epoch
Loss:[0.00004279]
Loading 2353th epoch
Loss:[0.00004275]
Loading 2354th epoch
Loss:[0.00004271]
Loading 2355th epoch
Loss:[0.00004267]
Loading 2356th epoch
Loss:[0.00004262]
Loading 2357th epoch
Loss:[0.00004258]
Loading 2358th epoch
Loss:[0.00004254]
Loading 2359th epoch
Loss:[0.00004250]
Loading 2360th epoch
Loss:[0.00004246]
Loading 2361th epoch
Loss:[0.00004242]
Loading 2362th epoch
Loss:[0.00004238]
Loading 2363th epoch
Loss:[0.00004234]
Loading 2364th epoch
Loss:[0.00004230]
Loading 2365th epoch
Loss:[0.00004226]
Loading 2366th epoch
Loss:[0.00004222]
Loading 2367th epoch
Loss:[0.00004218]
Loading 2368th epoch
Loss:[0.00004214]
Loading 2369th epoch
Loss:[0.00004210]
Loading 2370th epoch
Loss:[0.00004206]
Loading 2371th epoch
Loss:[0.00004202]
Loading 2372th epoch
Loss:[0.00004198]
Loading 2373th epoch
Loss:[0.00004194]
Loading 2374th epoch
Loss:[0.00004190]
Loading 2375th epoch
Loss:[0.00004186]
Loading 2376th epoch
Loss:[0.00004182]
Loading 2377th epoch
Loss:[0.00004178]
Loading 2378th epoch
Loss:[0.00004174]
Loading 2379th epoch
Loss:[0.00004170]
Loading 2380th epoch
Loss:[0.00004166]
Loading 2381th epoch
Loss:[0.00004162]
Loading 2382th epoch
Loss:[0.00004158]
Loading 2383th epoch
Loss:[0.00004154]
Loading 2384th epoch
Loss:[0.00004150]
Loading 2385th epoch
Loss:[0.00004146]
Loading 2386th epoch
Loss:[0.00004142]
Loading 2387th epoch
Loss:[0.00004139]
Loading 2388th epoch
Loss:[0.00004135]
Loading 2389th epoch
Loss:[0.00004131]
Loading 2390th epoch
Loss:[0.00004127]
Loading 2391th epoch
Loss:[0.00004123]
Loading 2392th epoch
Loss:[0.00004119]
Loading 2393th epoch
Loss:[0.00004115]
Loading 2394th epoch
Loss:[0.00004111]
Loading 2395th epoch
Loss:[0.00004107]
Loading 2396th epoch
Loss:[0.00004104]
Loading 2397th epoch
Loss:[0.00004100]
Loading 2398th epoch
Loss:[0.00004096]
Loading 2399th epoch
Loss:[0.00004092]
Loading 2400th epoch
Loss:[0.00004088]
Loading 2401th epoch
Loss:[0.00004084]
Loading 2402th epoch
Loss:[0.00004080]
Loading 2403th epoch
Loss:[0.00004077]
Loading 2404th epoch
Loss:[0.00004073]
Loading 2405th epoch
Loss:[0.00004069]
Loading 2406th epoch
Loss:[0.00004065]
Loading 2407th epoch
Loss:[0.00004061]
Loading 2408th epoch
Loss:[0.00004057]
Loading 2409th epoch
Loss:[0.00004054]
Loading 2410th epoch
Loss:[0.00004050]
Loading 2411th epoch
Loss:[0.00004046]
Loading 2412th epoch
Loss:[0.00004042]
Loading 2413th epoch
Loss:[0.00004038]
Loading 2414th epoch
Loss:[0.00004035]
Loading 2415th epoch
Loss:[0.00004031]
Loading 2416th epoch
Loss:[0.00004027]
Loading 2417th epoch
Loss:[0.00004023]
Loading 2418th epoch
Loss:[0.00004020]
Loading 2419th epoch
Loss:[0.00004016]
Loading 2420th epoch
Loss:[0.00004012]
Loading 2421th epoch
Loss:[0.00004008]
Loading 2422th epoch
Loss:[0.00004004]
Loading 2423th epoch
Loss:[0.00004001]
Loading 2424th epoch
Loss:[0.00003997]
Loading 2425th epoch
Loss:[0.00003993]
Loading 2426th epoch
Loss:[0.00003989]
Loading 2427th epoch
Loss:[0.00003986]
Loading 2428th epoch
Loss:[0.00003982]
Loading 2429th epoch
Loss:[0.00003978]
Loading 2430th epoch
Loss:[0.00003974]
Loading 2431th epoch
Loss:[0.00003971]
Loading 2432th epoch
Loss:[0.00003967]
Loading 2433th epoch
Loss:[0.00003963]
Loading 2434th epoch
Loss:[0.00003960]
Loading 2435th epoch
Loss:[0.00003956]
Loading 2436th epoch
Loss:[0.00003952]
Loading 2437th epoch
Loss:[0.00003949]
Loading 2438th epoch
Loss:[0.00003945]
Loading 2439th epoch
Loss:[0.00003941]
Loading 2440th epoch
Loss:[0.00003938]
Loading 2441th epoch
Loss:[0.00003934]
Loading 2442th epoch
Loss:[0.00003930]
Loading 2443th epoch
Loss:[0.00003927]
Loading 2444th epoch
Loss:[0.00003923]
Loading 2445th epoch
Loss:[0.00003919]
Loading 2446th epoch
Loss:[0.00003916]
Loading 2447th epoch
Loss:[0.00003912]
Loading 2448th epoch
Loss:[0.00003908]
Loading 2449th epoch
Loss:[0.00003905]
Loading 2450th epoch
Loss:[0.00003901]
Loading 2451th epoch
Loss:[0.00003898]
Loading 2452th epoch
Loss:[0.00003894]
Loading 2453th epoch
Loss:[0.00003890]
Loading 2454th epoch
Loss:[0.00003887]
Loading 2455th epoch
Loss:[0.00003883]
Loading 2456th epoch
Loss:[0.00003879]
Loading 2457th epoch
Loss:[0.00003876]
Loading 2458th epoch
Loss:[0.00003872]
Loading 2459th epoch
Loss:[0.00003868]
Loading 2460th epoch
Loss:[0.00003865]
Loading 2461th epoch
Loss:[0.00003861]
Loading 2462th epoch
Loss:[0.00003858]
Loading 2463th epoch
Loss:[0.00003854]
Loading 2464th epoch
Loss:[0.00003851]
Loading 2465th epoch
Loss:[0.00003847]
Loading 2466th epoch
Loss:[0.00003844]
Loading 2467th epoch
Loss:[0.00003840]
Loading 2468th epoch
Loss:[0.00003836]
Loading 2469th epoch
Loss:[0.00003833]
Loading 2470th epoch
Loss:[0.00003829]
Loading 2471th epoch
Loss:[0.00003826]
Loading 2472th epoch
Loss:[0.00003822]
Loading 2473th epoch
Loss:[0.00003819]
Loading 2474th epoch
Loss:[0.00003815]
Loading 2475th epoch
Loss:[0.00003812]
Loading 2476th epoch
Loss:[0.00003808]
Loading 2477th epoch
Loss:[0.00003805]
Loading 2478th epoch
Loss:[0.00003801]
Loading 2479th epoch
Loss:[0.00003798]
Loading 2480th epoch
Loss:[0.00003794]
Loading 2481th epoch
Loss:[0.00003791]
Loading 2482th epoch
Loss:[0.00003787]
Loading 2483th epoch
Loss:[0.00003784]
Loading 2484th epoch
Loss:[0.00003780]
Loading 2485th epoch
Loss:[0.00003777]
Loading 2486th epoch
Loss:[0.00003773]
Loading 2487th epoch
Loss:[0.00003770]
Loading 2488th epoch
Loss:[0.00003766]
Loading 2489th epoch
Loss:[0.00003763]
Loading 2490th epoch
Loss:[0.00003759]
Loading 2491th epoch
Loss:[0.00003756]
Loading 2492th epoch
Loss:[0.00003753]
Loading 2493th epoch
Loss:[0.00003749]
Loading 2494th epoch
Loss:[0.00003746]
Loading 2495th epoch
Loss:[0.00003742]
Loading 2496th epoch
Loss:[0.00003739]
Loading 2497th epoch
Loss:[0.00003736]
Loading 2498th epoch
[ReliabilityLoss] step=2500 mode=descriptor pos(mean/min/max)=0.9645/0.2441/1.0000 neg(mean/min/max)=0.6047/0.3046/0.9203 base_bce=0.000009 weighted_bce=0.000006 weighted/base=0.6850
Loss:[0.00003732]
Loading 2499th epoch
Loss:[0.00003729]
Loading 2500th epoch
Loss:[0.00003725]
Loading 2501th epoch
Loss:[0.00003722]
Loading 2502th epoch
Loss:[0.00003718]
Loading 2503th epoch
Loss:[0.00003715]
Loading 2504th epoch
Loss:[0.00003712]
Loading 2505th epoch
Loss:[0.00003708]
Loading 2506th epoch
Loss:[0.00003705]
Loading 2507th epoch
Loss:[0.00003701]
Loading 2508th epoch
Loss:[0.00003698]
Loading 2509th epoch
Loss:[0.00003695]
Loading 2510th epoch
Loss:[0.00003691]
Loading 2511th epoch
Loss:[0.00003688]
Loading 2512th epoch
Loss:[0.00003685]
Loading 2513th epoch
Loss:[0.00003681]
Loading 2514th epoch
Loss:[0.00003678]
Loading 2515th epoch
Loss:[0.00003674]
Loading 2516th epoch
Loss:[0.00003671]
Loading 2517th epoch
Loss:[0.00003668]
Loading 2518th epoch
Loss:[0.00003664]
Loading 2519th epoch
Loss:[0.00003661]
Loading 2520th epoch
Loss:[0.00003658]
Loading 2521th epoch
Loss:[0.00003654]
Loading 2522th epoch
Loss:[0.00003651]
Loading 2523th epoch
Loss:[0.00003648]
Loading 2524th epoch
Loss:[0.00003645]
Loading 2525th epoch
Loss:[0.00003641]
Loading 2526th epoch
Loss:[0.00003638]
Loading 2527th epoch
Loss:[0.00003635]
Loading 2528th epoch
Loss:[0.00003631]
Loading 2529th epoch
Loss:[0.00003628]
Loading 2530th epoch
Loss:[0.00003625]
Loading 2531th epoch
Loss:[0.00003621]
Loading 2532th epoch
Loss:[0.00003618]
Loading 2533th epoch
Loss:[0.00003615]
Loading 2534th epoch
Loss:[0.00003611]
Loading 2535th epoch
Loss:[0.00003608]
Loading 2536th epoch
Loss:[0.00003605]
Loading 2537th epoch
Loss:[0.00003602]
Loading 2538th epoch
Loss:[0.00003598]
Loading 2539th epoch
Loss:[0.00003595]
Loading 2540th epoch
Loss:[0.00003592]
Loading 2541th epoch
Loss:[0.00003589]
Loading 2542th epoch
Loss:[0.00003585]
Loading 2543th epoch
Loss:[0.00003582]
Loading 2544th epoch
Loss:[0.00003579]
Loading 2545th epoch
Loss:[0.00003576]
Loading 2546th epoch
Loss:[0.00003572]
Loading 2547th epoch
Loss:[0.00003569]
Loading 2548th epoch
Loss:[0.00003566]
Loading 2549th epoch
Loss:[0.00003563]
Loading 2550th epoch
Loss:[0.00003559]
Loading 2551th epoch
Loss:[0.00003556]
Loading 2552th epoch
Loss:[0.00003553]
Loading 2553th epoch
Loss:[0.00003550]
Loading 2554th epoch
Loss:[0.00003547]
Loading 2555th epoch
Loss:[0.00003543]
Loading 2556th epoch
Loss:[0.00003540]
Loading 2557th epoch
Loss:[0.00003537]
Loading 2558th epoch
Loss:[0.00003534]
Loading 2559th epoch
Loss:[0.00003531]
Loading 2560th epoch
Loss:[0.00003527]
Loading 2561th epoch
Loss:[0.00003524]
Loading 2562th epoch
Loss:[0.00003521]
Loading 2563th epoch
Loss:[0.00003518]
Loading 2564th epoch
Loss:[0.00003515]
Loading 2565th epoch
Loss:[0.00003512]
Loading 2566th epoch
Loss:[0.00003509]
Loading 2567th epoch
Loss:[0.00003505]
Loading 2568th epoch
Loss:[0.00003502]
Loading 2569th epoch
Loss:[0.00003499]
Loading 2570th epoch
Loss:[0.00003496]
Loading 2571th epoch
Loss:[0.00003493]
Loading 2572th epoch
Loss:[0.00003490]
Loading 2573th epoch
Loss:[0.00003487]
Loading 2574th epoch
Loss:[0.00003483]
Loading 2575th epoch
Loss:[0.00003480]
Loading 2576th epoch
Loss:[0.00003477]
Loading 2577th epoch
Loss:[0.00003474]
Loading 2578th epoch
Loss:[0.00003471]
Loading 2579th epoch
Loss:[0.00003468]
Loading 2580th epoch
Loss:[0.00003465]
Loading 2581th epoch
Loss:[0.00003462]
Loading 2582th epoch
Loss:[0.00003459]
Loading 2583th epoch
Loss:[0.00003455]
Loading 2584th epoch
Loss:[0.00003452]
Loading 2585th epoch
Loss:[0.00003449]
Loading 2586th epoch
Loss:[0.00003446]
Loading 2587th epoch
Loss:[0.00003443]
Loading 2588th epoch
Loss:[0.00003440]
Loading 2589th epoch
Loss:[0.00003437]
Loading 2590th epoch
Loss:[0.00003434]
Loading 2591th epoch
Loss:[0.00003431]
Loading 2592th epoch
Loss:[0.00003428]
Loading 2593th epoch
Loss:[0.00003425]
Loading 2594th epoch
Loss:[0.00003422]
Loading 2595th epoch
Loss:[0.00003418]
Loading 2596th epoch
Loss:[0.00003416]
Loading 2597th epoch
Loss:[0.00003412]
Loading 2598th epoch
Loss:[0.00003409]
Loading 2599th epoch
Loss:[0.00003406]
Loading 2600th epoch
Loss:[0.00003403]
Loading 2601th epoch
Loss:[0.00003400]
Loading 2602th epoch
Loss:[0.00003397]
Loading 2603th epoch
Loss:[0.00003394]
Loading 2604th epoch
Loss:[0.00003391]
Loading 2605th epoch
Loss:[0.00003388]
Loading 2606th epoch
Loss:[0.00003385]
Loading 2607th epoch
Loss:[0.00003382]
Loading 2608th epoch
Loss:[0.00003379]
Loading 2609th epoch
Loss:[0.00003376]
Loading 2610th epoch
Loss:[0.00003373]
Loading 2611th epoch
Loss:[0.00003370]
Loading 2612th epoch
Loss:[0.00003367]
Loading 2613th epoch
Loss:[0.00003364]
Loading 2614th epoch
Loss:[0.00003361]
Loading 2615th epoch
Loss:[0.00003358]
Loading 2616th epoch
Loss:[0.00003355]
Loading 2617th epoch
Loss:[0.00003352]
Loading 2618th epoch
Loss:[0.00003349]
Loading 2619th epoch
Loss:[0.00003346]
Loading 2620th epoch
Loss:[0.00003343]
Loading 2621th epoch
Loss:[0.00003340]
Loading 2622th epoch
Loss:[0.00003337]
Loading 2623th epoch
Loss:[0.00003335]
Loading 2624th epoch
Loss:[0.00003332]
Loading 2625th epoch
Loss:[0.00003329]
Loading 2626th epoch
Loss:[0.00003326]
Loading 2627th epoch
Loss:[0.00003323]
Loading 2628th epoch
Loss:[0.00003320]
Loading 2629th epoch
Loss:[0.00003317]
Loading 2630th epoch
Loss:[0.00003314]
Loading 2631th epoch
Loss:[0.00003311]
Loading 2632th epoch
Loss:[0.00003308]
Loading 2633th epoch
Loss:[0.00003305]
Loading 2634th epoch
Loss:[0.00003302]
Loading 2635th epoch
Loss:[0.00003299]
Loading 2636th epoch
Loss:[0.00003297]
Loading 2637th epoch
Loss:[0.00003294]
Loading 2638th epoch
Loss:[0.00003291]
Loading 2639th epoch
Loss:[0.00003288]
Loading 2640th epoch
Loss:[0.00003285]
Loading 2641th epoch
Loss:[0.00003282]
Loading 2642th epoch
Loss:[0.00003279]
Loading 2643th epoch
Loss:[0.00003276]
Loading 2644th epoch
Loss:[0.00003273]
Loading 2645th epoch
Loss:[0.00003270]
Loading 2646th epoch
Loss:[0.00003268]
Loading 2647th epoch
Loss:[0.00003265]
Loading 2648th epoch
Loss:[0.00003262]
Loading 2649th epoch
Loss:[0.00003259]
Loading 2650th epoch
Loss:[0.00003256]
Loading 2651th epoch
Loss:[0.00003253]
Loading 2652th epoch
Loss:[0.00003250]
Loading 2653th epoch
Loss:[0.00003247]
Loading 2654th epoch
Loss:[0.00003245]
Loading 2655th epoch
Loss:[0.00003242]
Loading 2656th epoch
Loss:[0.00003239]
Loading 2657th epoch
Loss:[0.00003236]
Loading 2658th epoch
Loss:[0.00003233]
Loading 2659th epoch
Loss:[0.00003230]
Loading 2660th epoch
Loss:[0.00003228]
Loading 2661th epoch
Loss:[0.00003225]
Loading 2662th epoch
Loss:[0.00003222]
Loading 2663th epoch
Loss:[0.00003219]
Loading 2664th epoch
Loss:[0.00003216]
Loading 2665th epoch
Loss:[0.00003213]
Loading 2666th epoch
Loss:[0.00003210]
Loading 2667th epoch
Loss:[0.00003208]
Loading 2668th epoch
Loss:[0.00003205]
Loading 2669th epoch
Loss:[0.00003202]
Loading 2670th epoch
Loss:[0.00003199]
Loading 2671th epoch
Loss:[0.00003197]
Loading 2672th epoch
Loss:[0.00003194]
Loading 2673th epoch
Loss:[0.00003191]
Loading 2674th epoch
Loss:[0.00003188]
Loading 2675th epoch
Loss:[0.00003185]
Loading 2676th epoch
Loss:[0.00003183]
Loading 2677th epoch
Loss:[0.00003180]
Loading 2678th epoch
Loss:[0.00003177]
Loading 2679th epoch
Loss:[0.00003174]
Loading 2680th epoch
Loss:[0.00003172]
Loading 2681th epoch
Loss:[0.00003169]
Loading 2682th epoch
Loss:[0.00003166]
Loading 2683th epoch
Loss:[0.00003163]
Loading 2684th epoch
Loss:[0.00003160]
Loading 2685th epoch
Loss:[0.00003158]
Loading 2686th epoch
Loss:[0.00003155]
Loading 2687th epoch
Loss:[0.00003152]
Loading 2688th epoch
Loss:[0.00003149]
Loading 2689th epoch
Loss:[0.00003147]
Loading 2690th epoch
Loss:[0.00003144]
Loading 2691th epoch
Loss:[0.00003141]
Loading 2692th epoch
Loss:[0.00003138]
Loading 2693th epoch
Loss:[0.00003136]
Loading 2694th epoch
Loss:[0.00003133]
Loading 2695th epoch
Loss:[0.00003130]
Loading 2696th epoch
Loss:[0.00003128]
Loading 2697th epoch
Loss:[0.00003125]
Loading 2698th epoch
Loss:[0.00003122]
Loading 2699th epoch
Loss:[0.00003120]
Loading 2700th epoch
Loss:[0.00003117]
Loading 2701th epoch
Loss:[0.00003114]
Loading 2702th epoch
Loss:[0.00003111]
Loading 2703th epoch
Loss:[0.00003109]
Loading 2704th epoch
Loss:[0.00003106]
Loading 2705th epoch
Loss:[0.00003103]
Loading 2706th epoch
Loss:[0.00003101]
Loading 2707th epoch
Loss:[0.00003098]
Loading 2708th epoch
Loss:[0.00003095]
Loading 2709th epoch
Loss:[0.00003092]
Loading 2710th epoch
Loss:[0.00003090]
Loading 2711th epoch
Loss:[0.00003087]
Loading 2712th epoch
Loss:[0.00003084]
Loading 2713th epoch
Loss:[0.00003082]
Loading 2714th epoch
Loss:[0.00003079]
Loading 2715th epoch
Loss:[0.00003076]
Loading 2716th epoch
Loss:[0.00003074]
Loading 2717th epoch
Loss:[0.00003071]
Loading 2718th epoch
Loss:[0.00003068]
Loading 2719th epoch
Loss:[0.00003066]
Loading 2720th epoch
Loss:[0.00003063]
Loading 2721th epoch
Loss:[0.00003061]
Loading 2722th epoch
Loss:[0.00003058]
Loading 2723th epoch
Loss:[0.00003055]
Loading 2724th epoch
Loss:[0.00003053]
Loading 2725th epoch
Loss:[0.00003050]
Loading 2726th epoch
Loss:[0.00003047]
Loading 2727th epoch
Loss:[0.00003045]
Loading 2728th epoch
Loss:[0.00003042]
Loading 2729th epoch
Loss:[0.00003040]
Loading 2730th epoch
Loss:[0.00003037]
Loading 2731th epoch
Loss:[0.00003034]
Loading 2732th epoch
Loss:[0.00003032]
Loading 2733th epoch
Loss:[0.00003029]
Loading 2734th epoch
Loss:[0.00003026]
Loading 2735th epoch
Loss:[0.00003024]
Loading 2736th epoch
Loss:[0.00003021]
Loading 2737th epoch
Loss:[0.00003019]
Loading 2738th epoch
Loss:[0.00003016]
Loading 2739th epoch
Loss:[0.00003013]
Loading 2740th epoch
Loss:[0.00003011]
Loading 2741th epoch
Loss:[0.00003008]
Loading 2742th epoch
Loss:[0.00003006]
Loading 2743th epoch
Loss:[0.00003003]
Loading 2744th epoch
Loss:[0.00003001]
Loading 2745th epoch
Loss:[0.00002998]
Loading 2746th epoch
Loss:[0.00002995]
Loading 2747th epoch
Loss:[0.00002993]
Loading 2748th epoch
Loss:[0.00002990]
Loading 2749th epoch
Loss:[0.00002988]
Loading 2750th epoch
Loss:[0.00002985]
Loading 2751th epoch
Loss:[0.00002983]
Loading 2752th epoch
Loss:[0.00002980]
Loading 2753th epoch
Loss:[0.00002978]
Loading 2754th epoch
Loss:[0.00002975]
Loading 2755th epoch
Loss:[0.00002972]
Loading 2756th epoch
Loss:[0.00002970]
Loading 2757th epoch
Loss:[0.00002967]
Loading 2758th epoch
Loss:[0.00002965]
Loading 2759th epoch
Loss:[0.00002962]
Loading 2760th epoch
Loss:[0.00002960]
Loading 2761th epoch
Loss:[0.00002957]
Loading 2762th epoch
Loss:[0.00002955]
Loading 2763th epoch
Loss:[0.00002952]
Loading 2764th epoch
Loss:[0.00002950]
Loading 2765th epoch
Loss:[0.00002947]
Loading 2766th epoch
Loss:[0.00002944]
Loading 2767th epoch
Loss:[0.00002942]
Loading 2768th epoch
Loss:[0.00002939]
Loading 2769th epoch
Loss:[0.00002937]
Loading 2770th epoch
Loss:[0.00002934]
Loading 2771th epoch
Loss:[0.00002932]
Loading 2772th epoch
Loss:[0.00002929]
Loading 2773th epoch
Loss:[0.00002927]
Loading 2774th epoch
Loss:[0.00002924]
Loading 2775th epoch
Loss:[0.00002922]
Loading 2776th epoch
Loss:[0.00002920]
Loading 2777th epoch
Loss:[0.00002917]
Loading 2778th epoch
Loss:[0.00002914]
Loading 2779th epoch
Loss:[0.00002912]
Loading 2780th epoch
Loss:[0.00002909]
Loading 2781th epoch
Loss:[0.00002907]
Loading 2782th epoch
Loss:[0.00002905]
Loading 2783th epoch
Loss:[0.00002902]
Loading 2784th epoch
Loss:[0.00002900]
Loading 2785th epoch
Loss:[0.00002897]
Loading 2786th epoch
Loss:[0.00002895]
Loading 2787th epoch
Loss:[0.00002892]
Loading 2788th epoch
Loss:[0.00002890]
Loading 2789th epoch
Loss:[0.00002887]
Loading 2790th epoch
Loss:[0.00002885]
Loading 2791th epoch
Loss:[0.00002882]
Loading 2792th epoch
Loss:[0.00002880]
Loading 2793th epoch
Loss:[0.00002877]
Loading 2794th epoch
Loss:[0.00002875]
Loading 2795th epoch
Loss:[0.00002872]
Loading 2796th epoch
Loss:[0.00002870]
Loading 2797th epoch
Loss:[0.00002868]
Loading 2798th epoch
Loss:[0.00002865]
Loading 2799th epoch
Loss:[0.00002863]
Loading 2800th epoch
Loss:[0.00002860]
Loading 2801th epoch
Loss:[0.00002858]
Loading 2802th epoch
Loss:[0.00002856]
Loading 2803th epoch
Loss:[0.00002853]
Loading 2804th epoch
Loss:[0.00002851]
Loading 2805th epoch
Loss:[0.00002848]
Loading 2806th epoch
Loss:[0.00002846]
Loading 2807th epoch
Loss:[0.00002843]
Loading 2808th epoch
Loss:[0.00002841]
Loading 2809th epoch
Loss:[0.00002839]
Loading 2810th epoch
Loss:[0.00002836]
Loading 2811th epoch
Loss:[0.00002834]
Loading 2812th epoch
Loss:[0.00002831]
Loading 2813th epoch
Loss:[0.00002829]
Loading 2814th epoch
Loss:[0.00002827]
Loading 2815th epoch
Loss:[0.00002824]
Loading 2816th epoch
Loss:[0.00002822]
Loading 2817th epoch
Loss:[0.00002820]
Loading 2818th epoch
Loss:[0.00002817]
Loading 2819th epoch
Loss:[0.00002815]
Loading 2820th epoch
Loss:[0.00002812]
Loading 2821th epoch
Loss:[0.00002810]
Loading 2822th epoch
Loss:[0.00002807]
Loading 2823th epoch
Loss:[0.00002805]
Loading 2824th epoch
Loss:[0.00002803]
Loading 2825th epoch
Loss:[0.00002800]
Loading 2826th epoch
Loss:[0.00002798]
Loading 2827th epoch
Loss:[0.00002796]
Loading 2828th epoch
Loss:[0.00002793]
Loading 2829th epoch
Loss:[0.00002791]
Loading 2830th epoch
Loss:[0.00002789]
Loading 2831th epoch
Loss:[0.00002786]
Loading 2832th epoch
Loss:[0.00002784]
Loading 2833th epoch
Loss:[0.00002782]
Loading 2834th epoch
Loss:[0.00002779]
Loading 2835th epoch
Loss:[0.00002777]
Loading 2836th epoch
Loss:[0.00002775]
Loading 2837th epoch
Loss:[0.00002772]
Loading 2838th epoch
Loss:[0.00002770]
Loading 2839th epoch
Loss:[0.00002768]
Loading 2840th epoch
Loss:[0.00002765]
Loading 2841th epoch
Loss:[0.00002763]
Loading 2842th epoch
Loss:[0.00002761]
Loading 2843th epoch
Loss:[0.00002758]
Loading 2844th epoch
Loss:[0.00002756]
Loading 2845th epoch
Loss:[0.00002754]
Loading 2846th epoch
Loss:[0.00002751]
Loading 2847th epoch
Loss:[0.00002749]
Loading 2848th epoch
Loss:[0.00002747]
Loading 2849th epoch
Loss:[0.00002744]
Loading 2850th epoch
Loss:[0.00002742]
Loading 2851th epoch
Loss:[0.00002740]
Loading 2852th epoch
Loss:[0.00002737]
Loading 2853th epoch
Loss:[0.00002735]
Loading 2854th epoch
Loss:[0.00002733]
Loading 2855th epoch
Loss:[0.00002731]
Loading 2856th epoch
Loss:[0.00002728]
Loading 2857th epoch
Loss:[0.00002726]
Loading 2858th epoch
Loss:[0.00002724]
Loading 2859th epoch
Loss:[0.00002722]
Loading 2860th epoch
Loss:[0.00002719]
Loading 2861th epoch
Loss:[0.00002717]
Loading 2862th epoch
Loss:[0.00002715]
Loading 2863th epoch
Loss:[0.00002712]
Loading 2864th epoch
Loss:[0.00002710]
Loading 2865th epoch
Loss:[0.00002708]
Loading 2866th epoch
Loss:[0.00002706]
Loading 2867th epoch
Loss:[0.00002703]
Loading 2868th epoch
Loss:[0.00002701]
Loading 2869th epoch
Loss:[0.00002699]
Loading 2870th epoch
Loss:[0.00002697]
Loading 2871th epoch
Loss:[0.00002694]
Loading 2872th epoch
Loss:[0.00002692]
Loading 2873th epoch
Loss:[0.00002690]
Loading 2874th epoch
Loss:[0.00002687]
Loading 2875th epoch
Loss:[0.00002685]
Loading 2876th epoch
Loss:[0.00002683]
Loading 2877th epoch
Loss:[0.00002681]
Loading 2878th epoch
Loss:[0.00002679]
Loading 2879th epoch
Loss:[0.00002676]
Loading 2880th epoch
Loss:[0.00002674]
Loading 2881th epoch
Loss:[0.00002672]
Loading 2882th epoch
Loss:[0.00002670]
Loading 2883th epoch
Loss:[0.00002667]
Loading 2884th epoch
Loss:[0.00002665]
Loading 2885th epoch
Loss:[0.00002663]
Loading 2886th epoch
Loss:[0.00002661]
Loading 2887th epoch
Loss:[0.00002659]
Loading 2888th epoch
Loss:[0.00002657]
Loading 2889th epoch
Loss:[0.00002654]
Loading 2890th epoch
Loss:[0.00002652]
Loading 2891th epoch
Loss:[0.00002650]
Loading 2892th epoch
Loss:[0.00002648]
Loading 2893th epoch
Loss:[0.00002645]
Loading 2894th epoch
Loss:[0.00002643]
Loading 2895th epoch
Loss:[0.00002641]
Loading 2896th epoch
Loss:[0.00002639]
Loading 2897th epoch
Loss:[0.00002637]
Loading 2898th epoch
Loss:[0.00002634]
Loading 2899th epoch
Loss:[0.00002632]
Loading 2900th epoch
Loss:[0.00002630]
Loading 2901th epoch
Loss:[0.00002628]
Loading 2902th epoch
Loss:[0.00002626]
Loading 2903th epoch
Loss:[0.00002624]
Loading 2904th epoch
Loss:[0.00002621]
Loading 2905th epoch
Loss:[0.00002619]
Loading 2906th epoch
Loss:[0.00002617]
Loading 2907th epoch
Loss:[0.00002615]
Loading 2908th epoch
Loss:[0.00002613]
Loading 2909th epoch
Loss:[0.00002611]
Loading 2910th epoch
Loss:[0.00002608]
Loading 2911th epoch
Loss:[0.00002606]
Loading 2912th epoch
Loss:[0.00002604]
Loading 2913th epoch
Loss:[0.00002602]
Loading 2914th epoch
Loss:[0.00002600]
Loading 2915th epoch
Loss:[0.00002598]
Loading 2916th epoch
Loss:[0.00002595]
Loading 2917th epoch
Loss:[0.00002593]
Loading 2918th epoch
Loss:[0.00002591]
Loading 2919th epoch
Loss:[0.00002589]
Loading 2920th epoch
Loss:[0.00002587]
Loading 2921th epoch
Loss:[0.00002585]
Loading 2922th epoch
Loss:[0.00002583]
Loading 2923th epoch
Loss:[0.00002580]
Loading 2924th epoch
Loss:[0.00002578]
Loading 2925th epoch
Loss:[0.00002576]
Loading 2926th epoch
Loss:[0.00002574]
Loading 2927th epoch
Loss:[0.00002572]
Loading 2928th epoch
Loss:[0.00002570]
Loading 2929th epoch
Loss:[0.00002568]
Loading 2930th epoch
Loss:[0.00002566]
Loading 2931th epoch
Loss:[0.00002564]
Loading 2932th epoch
Loss:[0.00002561]
Loading 2933th epoch
Loss:[0.00002559]
Loading 2934th epoch
Loss:[0.00002557]
Loading 2935th epoch
Loss:[0.00002555]
Loading 2936th epoch
Loss:[0.00002553]
Loading 2937th epoch
Loss:[0.00002551]
Loading 2938th epoch
Loss:[0.00002549]
Loading 2939th epoch
Loss:[0.00002547]
Loading 2940th epoch
Loss:[0.00002545]
Loading 2941th epoch
Loss:[0.00002543]
Loading 2942th epoch
Loss:[0.00002541]
Loading 2943th epoch
Loss:[0.00002539]
Loading 2944th epoch
Loss:[0.00002536]
Loading 2945th epoch
Loss:[0.00002534]
Loading 2946th epoch
Loss:[0.00002532]
Loading 2947th epoch
Loss:[0.00002530]
Loading 2948th epoch
Loss:[0.00002528]
Loading 2949th epoch
Loss:[0.00002526]
Loading 2950th epoch
Loss:[0.00002524]
Loading 2951th epoch
Loss:[0.00002522]
Loading 2952th epoch
Loss:[0.00002520]
Loading 2953th epoch
Loss:[0.00002518]
Loading 2954th epoch
Loss:[0.00002516]
Loading 2955th epoch
Loss:[0.00002514]
Loading 2956th epoch
Loss:[0.00002511]
Loading 2957th epoch
Loss:[0.00002509]
Loading 2958th epoch
Loss:[0.00002507]
Loading 2959th epoch
Loss:[0.00002505]
Loading 2960th epoch
Loss:[0.00002503]
Loading 2961th epoch
Loss:[0.00002501]
Loading 2962th epoch
Loss:[0.00002499]
Loading 2963th epoch
Loss:[0.00002497]
Loading 2964th epoch
Loss:[0.00002495]
Loading 2965th epoch
Loss:[0.00002493]
Loading 2966th epoch
Loss:[0.00002491]
Loading 2967th epoch
Loss:[0.00002489]
Loading 2968th epoch
Loss:[0.00002487]
Loading 2969th epoch
Loss:[0.00002485]
Loading 2970th epoch
Loss:[0.00002483]
Loading 2971th epoch
Loss:[0.00002481]
Loading 2972th epoch
Loss:[0.00002479]
Loading 2973th epoch
Loss:[0.00002477]
Loading 2974th epoch
Loss:[0.00002475]
Loading 2975th epoch
Loss:[0.00002473]
Loading 2976th epoch
Loss:[0.00002471]
Loading 2977th epoch
Loss:[0.00002469]
Loading 2978th epoch
Loss:[0.00002467]
Loading 2979th epoch
Loss:[0.00002465]
Loading 2980th epoch
Loss:[0.00002463]
Loading 2981th epoch
Loss:[0.00002461]
Loading 2982th epoch
Loss:[0.00002459]
Loading 2983th epoch
Loss:[0.00002456]
Loading 2984th epoch
Loss:[0.00002454]
Loading 2985th epoch
Loss:[0.00002452]
Loading 2986th epoch
Loss:[0.00002450]
Loading 2987th epoch
Loss:[0.00002449]
Loading 2988th epoch
Loss:[0.00002446]
Loading 2989th epoch
Loss:[0.00002444]
Loading 2990th epoch
Loss:[0.00002442]
Loading 2991th epoch
Loss:[0.00002441]
Loading 2992th epoch
Loss:[0.00002439]
Loading 2993th epoch
Loss:[0.00002437]
Loading 2994th epoch
Loss:[0.00002435]
Loading 2995th epoch
Loss:[0.00002433]
Loading 2996th epoch
Loss:[0.00002431]
Loading 2997th epoch
Loss:[0.00002429]
Loading 2998th epoch
[ReliabilityLoss] step=3000 mode=descriptor pos(mean/min/max)=0.9645/0.2441/1.0000 neg(mean/min/max)=0.6048/0.3046/0.9203 base_bce=0.000006 weighted_bce=0.000004 weighted/base=0.6853
Loss:[0.00002427]
Loading 2999th epoch
Loss:[0.00002425]
Loading 3000th epoch
Loss:[0.00002423]
Loading 3001th epoch
Loss:[0.00002421]
Loading 3002th epoch
Loss:[0.00002419]
Loading 3003th epoch
Loss:[0.00002417]
Loading 3004th epoch
Loss:[0.00002415]
Loading 3005th epoch
Loss:[0.00002413]
Loading 3006th epoch
Loss:[0.00002411]
Loading 3007th epoch
Loss:[0.00002409]
Loading 3008th epoch
Loss:[0.00002407]
Loading 3009th epoch
Loss:[0.00002405]
Loading 3010th epoch
Loss:[0.00002403]
Loading 3011th epoch
Loss:[0.00002401]
Loading 3012th epoch
Loss:[0.00002399]
Loading 3013th epoch
Loss:[0.00002397]
Loading 3014th epoch
Loss:[0.00002396]
Loading 3015th epoch
Loss:[0.00002394]
Loading 3016th epoch
Loss:[0.00002392]
Loading 3017th epoch
Loss:[0.00002390]
Loading 3018th epoch
Loss:[0.00002388]
Loading 3019th epoch
Loss:[0.00002386]
Loading 3020th epoch
Loss:[0.00002384]
Loading 3021th epoch
Loss:[0.00002382]
Loading 3022th epoch
Loss:[0.00002380]
Loading 3023th epoch
Loss:[0.00002378]
Loading 3024th epoch
Loss:[0.00002376]
Loading 3025th epoch
Loss:[0.00002374]
Loading 3026th epoch
Loss:[0.00002372]
Loading 3027th epoch
Loss:[0.00002370]
Loading 3028th epoch
Loss:[0.00002369]
Loading 3029th epoch
Loss:[0.00002367]
Loading 3030th epoch
Loss:[0.00002365]
Loading 3031th epoch
Loss:[0.00002363]
Loading 3032th epoch
Loss:[0.00002361]
Loading 3033th epoch
Loss:[0.00002359]
Loading 3034th epoch
Loss:[0.00002357]
Loading 3035th epoch
Loss:[0.00002355]
Loading 3036th epoch
Loss:[0.00002353]
Loading 3037th epoch
Loss:[0.00002351]
Loading 3038th epoch
Loss:[0.00002350]
Loading 3039th epoch
Loss:[0.00002348]
Loading 3040th epoch
Loss:[0.00002346]
Loading 3041th epoch
Loss:[0.00002344]
Loading 3042th epoch
Loss:[0.00002342]
Loading 3043th epoch
Loss:[0.00002340]
Loading 3044th epoch
Loss:[0.00002338]
Loading 3045th epoch
Loss:[0.00002336]
Loading 3046th epoch
Loss:[0.00002334]
Loading 3047th epoch
Loss:[0.00002332]
Loading 3048th epoch
Loss:[0.00002331]
Loading 3049th epoch
Loss:[0.00002329]
Loading 3050th epoch
Loss:[0.00002327]
Loading 3051th epoch
Loss:[0.00002325]
Loading 3052th epoch
Loss:[0.00002323]
Loading 3053th epoch
Loss:[0.00002321]
Loading 3054th epoch
Loss:[0.00002319]
Loading 3055th epoch
Loss:[0.00002318]
Loading 3056th epoch
Loss:[0.00002316]
Loading 3057th epoch
Loss:[0.00002314]
Loading 3058th epoch
Loss:[0.00002312]
Loading 3059th epoch
Loss:[0.00002310]
Loading 3060th epoch
Loss:[0.00002308]
Loading 3061th epoch
Loss:[0.00002306]
Loading 3062th epoch
Loss:[0.00002305]
Loading 3063th epoch
Loss:[0.00002303]
Loading 3064th epoch
Loss:[0.00002301]
Loading 3065th epoch
Loss:[0.00002299]
Loading 3066th epoch
Loss:[0.00002297]
Loading 3067th epoch
Loss:[0.00002295]
Loading 3068th epoch
Loss:[0.00002294]
Loading 3069th epoch
Loss:[0.00002292]
Loading 3070th epoch
Loss:[0.00002290]
Loading 3071th epoch
Loss:[0.00002288]
Loading 3072th epoch
Loss:[0.00002286]
Loading 3073th epoch
Loss:[0.00002284]
Loading 3074th epoch
Loss:[0.00002283]
Loading 3075th epoch
Loss:[0.00002281]
Loading 3076th epoch
Loss:[0.00002279]
Loading 3077th epoch
Loss:[0.00002277]
Loading 3078th epoch
Loss:[0.00002275]
Loading 3079th epoch
Loss:[0.00002273]
Loading 3080th epoch
Loss:[0.00002272]
Loading 3081th epoch
Loss:[0.00002270]
Loading 3082th epoch
Loss:[0.00002268]
Loading 3083th epoch
Loss:[0.00002266]
Loading 3084th epoch
Loss:[0.00002264]
Loading 3085th epoch
Loss:[0.00002263]
Loading 3086th epoch
Loss:[0.00002261]
Loading 3087th epoch
Loss:[0.00002259]
Loading 3088th epoch
Loss:[0.00002257]
Loading 3089th epoch
Loss:[0.00002255]
Loading 3090th epoch
Loss:[0.00002254]
Loading 3091th epoch
Loss:[0.00002252]
Loading 3092th epoch
Loss:[0.00002250]
Loading 3093th epoch
Loss:[0.00002248]
Loading 3094th epoch
Loss:[0.00002246]
Loading 3095th epoch
Loss:[0.00002245]
Loading 3096th epoch
Loss:[0.00002243]
Loading 3097th epoch
Loss:[0.00002241]
Loading 3098th epoch
Loss:[0.00002239]
Loading 3099th epoch
Loss:[0.00002238]
Loading 3100th epoch
Loss:[0.00002236]
Loading 3101th epoch
Loss:[0.00002234]
Loading 3102th epoch
Loss:[0.00002232]
Loading 3103th epoch
Loss:[0.00002230]
Loading 3104th epoch
Loss:[0.00002229]
Loading 3105th epoch
Loss:[0.00002227]
Loading 3106th epoch
Loss:[0.00002225]
Loading 3107th epoch
Loss:[0.00002223]
Loading 3108th epoch
Loss:[0.00002222]
Loading 3109th epoch
Loss:[0.00002220]
Loading 3110th epoch
Loss:[0.00002218]
Loading 3111th epoch
Loss:[0.00002216]
Loading 3112th epoch
Loss:[0.00002214]
Loading 3113th epoch
Loss:[0.00002213]
Loading 3114th epoch
Loss:[0.00002211]
Loading 3115th epoch
Loss:[0.00002209]
Loading 3116th epoch
Loss:[0.00002207]
Loading 3117th epoch
Loss:[0.00002206]
Loading 3118th epoch
Loss:[0.00002204]
Loading 3119th epoch
Loss:[0.00002202]
Loading 3120th epoch
Loss:[0.00002200]
Loading 3121th epoch
Loss:[0.00002199]
Loading 3122th epoch
Loss:[0.00002197]
Loading 3123th epoch
Loss:[0.00002195]
Loading 3124th epoch
Loss:[0.00002193]
Loading 3125th epoch
Loss:[0.00002192]
Loading 3126th epoch
Loss:[0.00002190]
Loading 3127th epoch
Loss:[0.00002188]
Loading 3128th epoch
Loss:[0.00002186]
Loading 3129th epoch
Loss:[0.00002185]
Loading 3130th epoch
Loss:[0.00002183]
Loading 3131th epoch
Loss:[0.00002181]
Loading 3132th epoch
Loss:[0.00002180]
Loading 3133th epoch
Loss:[0.00002178]
Loading 3134th epoch
Loss:[0.00002176]
Loading 3135th epoch
Loss:[0.00002174]
Loading 3136th epoch
Loss:[0.00002173]
Loading 3137th epoch
Loss:[0.00002171]
Loading 3138th epoch
Loss:[0.00002169]
Loading 3139th epoch
Loss:[0.00002167]
Loading 3140th epoch
Loss:[0.00002166]
Loading 3141th epoch
Loss:[0.00002164]
Loading 3142th epoch
Loss:[0.00002162]
Loading 3143th epoch
Loss:[0.00002161]
Loading 3144th epoch
Loss:[0.00002159]
Loading 3145th epoch
Loss:[0.00002157]
Loading 3146th epoch
Loss:[0.00002156]
Loading 3147th epoch
Loss:[0.00002154]
Loading 3148th epoch
Loss:[0.00002152]
Loading 3149th epoch
Loss:[0.00002150]
Loading 3150th epoch
Loss:[0.00002149]
Loading 3151th epoch
Loss:[0.00002147]
Loading 3152th epoch
Loss:[0.00002145]
Loading 3153th epoch
Loss:[0.00002144]
Loading 3154th epoch
Loss:[0.00002142]
Loading 3155th epoch
Loss:[0.00002140]
Loading 3156th epoch
Loss:[0.00002139]
Loading 3157th epoch
Loss:[0.00002137]
Loading 3158th epoch
Loss:[0.00002135]
Loading 3159th epoch
Loss:[0.00002134]
Loading 3160th epoch
Loss:[0.00002132]
Loading 3161th epoch
Loss:[0.00002130]
Loading 3162th epoch
Loss:[0.00002129]
Loading 3163th epoch
Loss:[0.00002127]
Loading 3164th epoch
Loss:[0.00002125]
Loading 3165th epoch
Loss:[0.00002123]
Loading 3166th epoch
Loss:[0.00002122]
Loading 3167th epoch
Loss:[0.00002120]
Loading 3168th epoch
Loss:[0.00002119]
Loading 3169th epoch
Loss:[0.00002117]
Loading 3170th epoch
Loss:[0.00002115]
Loading 3171th epoch
Loss:[0.00002114]
Loading 3172th epoch
Loss:[0.00002112]
Loading 3173th epoch
Loss:[0.00002110]
Loading 3174th epoch
Loss:[0.00002109]
Loading 3175th epoch
Loss:[0.00002107]
Loading 3176th epoch
Loss:[0.00002105]
Loading 3177th epoch
Loss:[0.00002104]
Loading 3178th epoch
Loss:[0.00002102]
Loading 3179th epoch
Loss:[0.00002100]
Loading 3180th epoch
Loss:[0.00002099]
Loading 3181th epoch
Loss:[0.00002097]
Loading 3182th epoch
Loss:[0.00002095]
Loading 3183th epoch
Loss:[0.00002094]
Loading 3184th epoch
Loss:[0.00002092]
Loading 3185th epoch
Loss:[0.00002091]
Loading 3186th epoch
Loss:[0.00002089]
Loading 3187th epoch
Loss:[0.00002087]
Loading 3188th epoch
Loss:[0.00002086]
Loading 3189th epoch
Loss:[0.00002084]
Loading 3190th epoch
Loss:[0.00002082]
Loading 3191th epoch
Loss:[0.00002081]
Loading 3192th epoch
Loss:[0.00002079]
Loading 3193th epoch
Loss:[0.00002077]
Loading 3194th epoch
Loss:[0.00002076]
Loading 3195th epoch
Loss:[0.00002074]
Loading 3196th epoch
Loss:[0.00002073]
Loading 3197th epoch
Loss:[0.00002071]
Loading 3198th epoch
Loss:[0.00002069]
Loading 3199th epoch
Loss:[0.00002068]
Loading 3200th epoch
Loss:[0.00002066]
Loading 3201th epoch
Loss:[0.00002065]
Loading 3202th epoch
Loss:[0.00002063]
Loading 3203th epoch
Loss:[0.00002061]
Loading 3204th epoch
Loss:[0.00002060]
Loading 3205th epoch
Loss:[0.00002058]
Loading 3206th epoch
Loss:[0.00002056]
Loading 3207th epoch
Loss:[0.00002055]
Loading 3208th epoch
Loss:[0.00002053]
Loading 3209th epoch
Loss:[0.00002052]
Loading 3210th epoch
Loss:[0.00002050]
Loading 3211th epoch
Loss:[0.00002049]
Loading 3212th epoch
Loss:[0.00002047]
Loading 3213th epoch
Loss:[0.00002045]
Loading 3214th epoch
Loss:[0.00002044]
Loading 3215th epoch
Loss:[0.00002042]
Loading 3216th epoch
Loss:[0.00002041]
Loading 3217th epoch
Loss:[0.00002039]
Loading 3218th epoch
Loss:[0.00002037]
Loading 3219th epoch
Loss:[0.00002036]
Loading 3220th epoch
Loss:[0.00002034]
Loading 3221th epoch
Loss:[0.00002033]
Loading 3222th epoch
Loss:[0.00002031]
Loading 3223th epoch
Loss:[0.00002030]
Loading 3224th epoch
Loss:[0.00002028]
Loading 3225th epoch
Loss:[0.00002026]
Loading 3226th epoch
Loss:[0.00002025]
Loading 3227th epoch
Loss:[0.00002023]
Loading 3228th epoch
Loss:[0.00002022]
Loading 3229th epoch
Loss:[0.00002020]
Loading 3230th epoch
Loss:[0.00002019]
Loading 3231th epoch
Loss:[0.00002017]
Loading 3232th epoch
Loss:[0.00002015]
Loading 3233th epoch
Loss:[0.00002014]
Loading 3234th epoch
Loss:[0.00002012]
Loading 3235th epoch
Loss:[0.00002011]
Loading 3236th epoch
Loss:[0.00002009]
Loading 3237th epoch
Loss:[0.00002008]
Loading 3238th epoch
Loss:[0.00002006]
Loading 3239th epoch
Loss:[0.00002004]
Loading 3240th epoch
Loss:[0.00002003]
Loading 3241th epoch
Loss:[0.00002001]
Loading 3242th epoch
Loss:[0.00002000]
Loading 3243th epoch
Loss:[0.00001998]
Loading 3244th epoch
Loss:[0.00001997]
Loading 3245th epoch
Loss:[0.00001995]
Loading 3246th epoch
Loss:[0.00001994]
Loading 3247th epoch
Loss:[0.00001992]
Loading 3248th epoch
Loss:[0.00001991]
Loading 3249th epoch
Loss:[0.00001989]
Loading 3250th epoch
Loss:[0.00001987]
Loading 3251th epoch
Loss:[0.00001986]
Loading 3252th epoch
Loss:[0.00001984]
Loading 3253th epoch
Loss:[0.00001983]
Loading 3254th epoch
Loss:[0.00001981]
Loading 3255th epoch
Loss:[0.00001980]
Loading 3256th epoch
Loss:[0.00001978]
Loading 3257th epoch
Loss:[0.00001977]
Loading 3258th epoch
Loss:[0.00001975]
Loading 3259th epoch
Loss:[0.00001974]
Loading 3260th epoch
Loss:[0.00001972]
Loading 3261th epoch
Loss:[0.00001971]
Loading 3262th epoch
Loss:[0.00001969]
Loading 3263th epoch
Loss:[0.00001968]
Loading 3264th epoch
Loss:[0.00001966]
Loading 3265th epoch
Loss:[0.00001965]
Loading 3266th epoch
Loss:[0.00001963]
Loading 3267th epoch
Loss:[0.00001962]
Loading 3268th epoch
Loss:[0.00001960]
Loading 3269th epoch
Loss:[0.00001959]
Loading 3270th epoch
Loss:[0.00001957]
Loading 3271th epoch
Loss:[0.00001956]
Loading 3272th epoch
Loss:[0.00001954]
Loading 3273th epoch
Loss:[0.00001953]
Loading 3274th epoch
Loss:[0.00001951]
Loading 3275th epoch
Loss:[0.00001950]
Loading 3276th epoch
Loss:[0.00001948]
Loading 3277th epoch
Loss:[0.00001947]
Loading 3278th epoch
Loss:[0.00001945]
Loading 3279th epoch
Loss:[0.00001944]
Loading 3280th epoch
Loss:[0.00001942]
Loading 3281th epoch
Loss:[0.00001941]
Loading 3282th epoch
Loss:[0.00001939]
Loading 3283th epoch
Loss:[0.00001938]
Loading 3284th epoch
Loss:[0.00001936]
Loading 3285th epoch
Loss:[0.00001935]
Loading 3286th epoch
Loss:[0.00001933]
Loading 3287th epoch
Loss:[0.00001932]
Loading 3288th epoch
Loss:[0.00001930]
Loading 3289th epoch
Loss:[0.00001929]
Loading 3290th epoch
Loss:[0.00001927]
Loading 3291th epoch
Loss:[0.00001926]
Loading 3292th epoch
Loss:[0.00001924]
Loading 3293th epoch
Loss:[0.00001923]
Loading 3294th epoch
Loss:[0.00001921]
Loading 3295th epoch
Loss:[0.00001920]
Loading 3296th epoch
Loss:[0.00001918]
Loading 3297th epoch
Loss:[0.00001917]
Loading 3298th epoch
Loss:[0.00001915]
Loading 3299th epoch
Loss:[0.00001914]
Loading 3300th epoch
Loss:[0.00001912]
Loading 3301th epoch
Loss:[0.00001911]
Loading 3302th epoch
Loss:[0.00001909]
Loading 3303th epoch
Loss:[0.00001908]
Loading 3304th epoch
Loss:[0.00001907]
Loading 3305th epoch
Loss:[0.00001905]
Loading 3306th epoch
Loss:[0.00001904]
Loading 3307th epoch
Loss:[0.00001902]
Loading 3308th epoch
Loss:[0.00001901]
Loading 3309th epoch
Loss:[0.00001899]
Loading 3310th epoch
Loss:[0.00001898]
Loading 3311th epoch
Loss:[0.00001896]
Loading 3312th epoch
Loss:[0.00001895]
Loading 3313th epoch
Loss:[0.00001893]
Loading 3314th epoch
Loss:[0.00001892]
Loading 3315th epoch
Loss:[0.00001891]
Loading 3316th epoch
Loss:[0.00001889]
Loading 3317th epoch
Loss:[0.00001888]
Loading 3318th epoch
Loss:[0.00001886]
Loading 3319th epoch
Loss:[0.00001885]
Loading 3320th epoch
Loss:[0.00001883]
Loading 3321th epoch
Loss:[0.00001882]
Loading 3322th epoch
Loss:[0.00001881]
Loading 3323th epoch
Loss:[0.00001879]
Loading 3324th epoch
Loss:[0.00001878]
Loading 3325th epoch
Loss:[0.00001876]
Loading 3326th epoch
Loss:[0.00001875]
Loading 3327th epoch
Loss:[0.00001873]
Loading 3328th epoch
Loss:[0.00001872]
Loading 3329th epoch
Loss:[0.00001871]
Loading 3330th epoch
Loss:[0.00001869]
Loading 3331th epoch
Loss:[0.00001868]
Loading 3332th epoch
Loss:[0.00001866]
Loading 3333th epoch
Loss:[0.00001865]
Loading 3334th epoch
Loss:[0.00001863]
Loading 3335th epoch
Loss:[0.00001862]
Loading 3336th epoch
Loss:[0.00001861]
Loading 3337th epoch
Loss:[0.00001859]
Loading 3338th epoch
Loss:[0.00001858]
Loading 3339th epoch
Loss:[0.00001856]
Loading 3340th epoch
Loss:[0.00001855]
Loading 3341th epoch
Loss:[0.00001854]
Loading 3342th epoch
Loss:[0.00001852]
Loading 3343th epoch
Loss:[0.00001851]
Loading 3344th epoch
Loss:[0.00001849]
Loading 3345th epoch
Loss:[0.00001848]
Loading 3346th epoch
Loss:[0.00001847]
Loading 3347th epoch
Loss:[0.00001845]
Loading 3348th epoch
Loss:[0.00001844]
Loading 3349th epoch
Loss:[0.00001842]
Loading 3350th epoch
Loss:[0.00001841]
Loading 3351th epoch
Loss:[0.00001840]
Loading 3352th epoch
Loss:[0.00001838]
Loading 3353th epoch
Loss:[0.00001837]
Loading 3354th epoch
Loss:[0.00001835]
Loading 3355th epoch
Loss:[0.00001834]
Loading 3356th epoch
Loss:[0.00001832]
Loading 3357th epoch
Loss:[0.00001831]
Loading 3358th epoch
Loss:[0.00001830]
Loading 3359th epoch
Loss:[0.00001828]
Loading 3360th epoch
Loss:[0.00001827]
Loading 3361th epoch
Loss:[0.00001825]
Loading 3362th epoch
Loss:[0.00001824]
Loading 3363th epoch
Loss:[0.00001823]
Loading 3364th epoch
Loss:[0.00001821]
Loading 3365th epoch
Loss:[0.00001820]
Loading 3366th epoch
Loss:[0.00001819]
Loading 3367th epoch
Loss:[0.00001817]
Loading 3368th epoch
Loss:[0.00001816]
Loading 3369th epoch
Loss:[0.00001814]
Loading 3370th epoch
Loss:[0.00001813]
Loading 3371th epoch
Loss:[0.00001812]
Loading 3372th epoch
Loss:[0.00001810]
Loading 3373th epoch
Loss:[0.00001809]
Loading 3374th epoch
Loss:[0.00001808]
Loading 3375th epoch
Loss:[0.00001806]
Loading 3376th epoch
Loss:[0.00001805]
Loading 3377th epoch
Loss:[0.00001804]
Loading 3378th epoch
Loss:[0.00001802]
Loading 3379th epoch
Loss:[0.00001801]
Loading 3380th epoch
Loss:[0.00001799]
Loading 3381th epoch
Loss:[0.00001798]
Loading 3382th epoch
Loss:[0.00001797]
Loading 3383th epoch
Loss:[0.00001795]
Loading 3384th epoch
Loss:[0.00001794]
Loading 3385th epoch
Loss:[0.00001793]
Loading 3386th epoch
Loss:[0.00001791]
Loading 3387th epoch
Loss:[0.00001790]
Loading 3388th epoch
Loss:[0.00001789]
Loading 3389th epoch
Loss:[0.00001787]
Loading 3390th epoch
Loss:[0.00001786]
Loading 3391th epoch
Loss:[0.00001785]
Loading 3392th epoch
Loss:[0.00001783]
Loading 3393th epoch
Loss:[0.00001782]
Loading 3394th epoch
Loss:[0.00001781]
Loading 3395th epoch
Loss:[0.00001779]
Loading 3396th epoch
Loss:[0.00001778]
Loading 3397th epoch
Loss:[0.00001777]
Loading 3398th epoch
Loss:[0.00001775]
Loading 3399th epoch
Loss:[0.00001774]
Loading 3400th epoch
Loss:[0.00001772]
Loading 3401th epoch
Loss:[0.00001771]
Loading 3402th epoch
Loss:[0.00001770]
Loading 3403th epoch
Loss:[0.00001768]
Loading 3404th epoch
Loss:[0.00001767]
Loading 3405th epoch
Loss:[0.00001766]
Loading 3406th epoch
Loss:[0.00001764]
Loading 3407th epoch
Loss:[0.00001763]
Loading 3408th epoch
Loss:[0.00001762]
Loading 3409th epoch
Loss:[0.00001760]
Loading 3410th epoch
Loss:[0.00001759]
Loading 3411th epoch
Loss:[0.00001758]
Loading 3412th epoch
Loss:[0.00001756]
Loading 3413th epoch
Loss:[0.00001755]
Loading 3414th epoch
Loss:[0.00001754]
Loading 3415th epoch
Loss:[0.00001752]
Loading 3416th epoch
Loss:[0.00001751]
Loading 3417th epoch
Loss:[0.00001750]
Loading 3418th epoch
Loss:[0.00001748]
Loading 3419th epoch
Loss:[0.00001747]
Loading 3420th epoch
Loss:[0.00001746]
Loading 3421th epoch
Loss:[0.00001745]
Loading 3422th epoch
Loss:[0.00001743]
Loading 3423th epoch
Loss:[0.00001742]
Loading 3424th epoch
Loss:[0.00001741]
Loading 3425th epoch
Loss:[0.00001739]
Loading 3426th epoch
Loss:[0.00001738]
Loading 3427th epoch
Loss:[0.00001737]
Loading 3428th epoch
Loss:[0.00001735]
Loading 3429th epoch
Loss:[0.00001734]
Loading 3430th epoch
Loss:[0.00001733]
Loading 3431th epoch
Loss:[0.00001732]
Loading 3432th epoch
Loss:[0.00001730]
Loading 3433th epoch
Loss:[0.00001729]
Loading 3434th epoch
Loss:[0.00001728]
Loading 3435th epoch
Loss:[0.00001726]
Loading 3436th epoch
Loss:[0.00001725]
Loading 3437th epoch
Loss:[0.00001724]
Loading 3438th epoch
Loss:[0.00001722]
Loading 3439th epoch
Loss:[0.00001721]
Loading 3440th epoch
Loss:[0.00001720]
Loading 3441th epoch
Loss:[0.00001718]
Loading 3442th epoch
Loss:[0.00001717]
Loading 3443th epoch
Loss:[0.00001716]
Loading 3444th epoch
Loss:[0.00001715]
Loading 3445th epoch
Loss:[0.00001713]
Loading 3446th epoch
Loss:[0.00001712]
Loading 3447th epoch
Loss:[0.00001711]
Loading 3448th epoch
Loss:[0.00001709]
Loading 3449th epoch
Loss:[0.00001708]
Loading 3450th epoch
Loss:[0.00001707]
Loading 3451th epoch
Loss:[0.00001706]
Loading 3452th epoch
Loss:[0.00001704]
Loading 3453th epoch
Loss:[0.00001703]
Loading 3454th epoch
Loss:[0.00001702]
Loading 3455th epoch
Loss:[0.00001700]
Loading 3456th epoch
Loss:[0.00001699]
Loading 3457th epoch
Loss:[0.00001698]
Loading 3458th epoch
Loss:[0.00001697]
Loading 3459th epoch
Loss:[0.00001696]
Loading 3460th epoch
Loss:[0.00001694]
Loading 3461th epoch
Loss:[0.00001693]
Loading 3462th epoch
Loss:[0.00001692]
Loading 3463th epoch
Loss:[0.00001690]
Loading 3464th epoch
Loss:[0.00001689]
Loading 3465th epoch
Loss:[0.00001688]
Loading 3466th epoch
Loss:[0.00001687]
Loading 3467th epoch
Loss:[0.00001685]
Loading 3468th epoch
Loss:[0.00001684]
Loading 3469th epoch
Loss:[0.00001683]
Loading 3470th epoch
Loss:[0.00001682]
Loading 3471th epoch
Loss:[0.00001681]
Loading 3472th epoch
Loss:[0.00001679]
Loading 3473th epoch
Loss:[0.00001678]
Loading 3474th epoch
Loss:[0.00001677]
Loading 3475th epoch
Loss:[0.00001675]
Loading 3476th epoch
Loss:[0.00001674]
Loading 3477th epoch
Loss:[0.00001673]
Loading 3478th epoch
Loss:[0.00001672]
Loading 3479th epoch
Loss:[0.00001670]
Loading 3480th epoch
Loss:[0.00001669]
Loading 3481th epoch
Loss:[0.00001668]
Loading 3482th epoch
Loss:[0.00001667]
Loading 3483th epoch
Loss:[0.00001665]
Loading 3484th epoch
Loss:[0.00001664]
Loading 3485th epoch
Loss:[0.00001663]
Loading 3486th epoch
Loss:[0.00001662]
Loading 3487th epoch
Loss:[0.00001661]
Loading 3488th epoch
Loss:[0.00001659]
Loading 3489th epoch
Loss:[0.00001658]
Loading 3490th epoch
Loss:[0.00001657]
Loading 3491th epoch
Loss:[0.00001656]
Loading 3492th epoch
Loss:[0.00001654]
Loading 3493th epoch
Loss:[0.00001653]
Loading 3494th epoch
Loss:[0.00001652]
Loading 3495th epoch
Loss:[0.00001651]
Loading 3496th epoch
Loss:[0.00001649]
Loading 3497th epoch
Loss:[0.00001648]
Loading 3498th epoch
[ReliabilityLoss] step=3500 mode=descriptor pos(mean/min/max)=0.9645/0.2441/1.0000 neg(mean/min/max)=0.6049/0.3046/0.9203 base_bce=0.000004 weighted_bce=0.000003 weighted/base=0.6855
Loss:[0.00001647]
Loading 3499th epoch
Loss:[0.00001646]
Loading 3500th epoch
Loss:[0.00001645]
Loading 3501th epoch
Loss:[0.00001643]
Loading 3502th epoch
Loss:[0.00001642]
Loading 3503th epoch
Loss:[0.00001641]
Loading 3504th epoch
Loss:[0.00001640]
Loading 3505th epoch
Loss:[0.00001639]
Loading 3506th epoch
Loss:[0.00001637]
Loading 3507th epoch
Loss:[0.00001636]
Loading 3508th epoch
Loss:[0.00001635]
Loading 3509th epoch
Loss:[0.00001634]
Loading 3510th epoch
Loss:[0.00001633]
Loading 3511th epoch
Loss:[0.00001631]
Loading 3512th epoch
Loss:[0.00001630]
Loading 3513th epoch
Loss:[0.00001629]
Loading 3514th epoch
Loss:[0.00001628]
Loading 3515th epoch
Loss:[0.00001626]
Loading 3516th epoch
Loss:[0.00001625]
Loading 3517th epoch
Loss:[0.00001624]
Loading 3518th epoch
Loss:[0.00001623]
Loading 3519th epoch
Loss:[0.00001622]
Loading 3520th epoch
Loss:[0.00001620]
Loading 3521th epoch
Loss:[0.00001619]
Loading 3522th epoch
Loss:[0.00001618]
Loading 3523th epoch
Loss:[0.00001617]
Loading 3524th epoch
Loss:[0.00001616]
Loading 3525th epoch
Loss:[0.00001614]
Loading 3526th epoch
Loss:[0.00001613]
Loading 3527th epoch
Loss:[0.00001612]
Loading 3528th epoch
Loss:[0.00001611]
Loading 3529th epoch
Loss:[0.00001610]
Loading 3530th epoch
Loss:[0.00001608]
Loading 3531th epoch
Loss:[0.00001607]
Loading 3532th epoch
Loss:[0.00001606]
Loading 3533th epoch
Loss:[0.00001605]
Loading 3534th epoch
Loss:[0.00001604]
Loading 3535th epoch
Loss:[0.00001602]
Loading 3536th epoch
Loss:[0.00001601]
Loading 3537th epoch
Loss:[0.00001600]
Loading 3538th epoch
Loss:[0.00001599]
Loading 3539th epoch
Loss:[0.00001598]
Loading 3540th epoch
Loss:[0.00001597]
Loading 3541th epoch
Loss:[0.00001595]
Loading 3542th epoch
Loss:[0.00001594]
Loading 3543th epoch
Loss:[0.00001593]
Loading 3544th epoch
Loss:[0.00001592]
Loading 3545th epoch
Loss:[0.00001591]
Loading 3546th epoch
Loss:[0.00001590]
Loading 3547th epoch
Loss:[0.00001588]
Loading 3548th epoch
Loss:[0.00001587]
Loading 3549th epoch
Loss:[0.00001586]
Loading 3550th epoch
Loss:[0.00001585]
Loading 3551th epoch
Loss:[0.00001584]
Loading 3552th epoch
Loss:[0.00001582]
Loading 3553th epoch
Loss:[0.00001581]
Loading 3554th epoch
Loss:[0.00001580]
Loading 3555th epoch
Loss:[0.00001579]
Loading 3556th epoch
Loss:[0.00001578]
Loading 3557th epoch
Loss:[0.00001577]
Loading 3558th epoch
Loss:[0.00001575]
Loading 3559th epoch
Loss:[0.00001574]
Loading 3560th epoch
Loss:[0.00001573]
Loading 3561th epoch
Loss:[0.00001572]
Loading 3562th epoch
Loss:[0.00001571]
Loading 3563th epoch
Loss:[0.00001570]
Loading 3564th epoch
Loss:[0.00001568]
Loading 3565th epoch
Loss:[0.00001567]
Loading 3566th epoch
Loss:[0.00001566]
Loading 3567th epoch
Loss:[0.00001565]
Loading 3568th epoch
Loss:[0.00001564]
Loading 3569th epoch
Loss:[0.00001563]
Loading 3570th epoch
Loss:[0.00001562]
Loading 3571th epoch
Loss:[0.00001560]
Loading 3572th epoch
Loss:[0.00001559]
Loading 3573th epoch
Loss:[0.00001558]
Loading 3574th epoch
Loss:[0.00001557]
Loading 3575th epoch
Loss:[0.00001556]
Loading 3576th epoch
Loss:[0.00001555]
Loading 3577th epoch
Loss:[0.00001553]
Loading 3578th epoch
Loss:[0.00001552]
Loading 3579th epoch
Loss:[0.00001551]
Loading 3580th epoch
Loss:[0.00001550]
Loading 3581th epoch
Loss:[0.00001549]
Loading 3582th epoch
Loss:[0.00001548]
Loading 3583th epoch
Loss:[0.00001547]
Loading 3584th epoch
Loss:[0.00001546]
Loading 3585th epoch
Loss:[0.00001544]
Loading 3586th epoch
Loss:[0.00001543]
Loading 3587th epoch
Loss:[0.00001542]
Loading 3588th epoch
Loss:[0.00001541]
Loading 3589th epoch
Loss:[0.00001540]
Loading 3590th epoch
Loss:[0.00001539]
Loading 3591th epoch
Loss:[0.00001538]
Loading 3592th epoch
Loss:[0.00001537]
Loading 3593th epoch
Loss:[0.00001535]
Loading 3594th epoch
Loss:[0.00001534]
Loading 3595th epoch
Loss:[0.00001533]
Loading 3596th epoch
Loss:[0.00001532]
Loading 3597th epoch
Loss:[0.00001531]
Loading 3598th epoch
Loss:[0.00001530]
Loading 3599th epoch
Loss:[0.00001529]
Loading 3600th epoch
Loss:[0.00001528]
Loading 3601th epoch
Loss:[0.00001526]
Loading 3602th epoch
Loss:[0.00001525]
Loading 3603th epoch
Loss:[0.00001524]
Loading 3604th epoch
Loss:[0.00001523]
Loading 3605th epoch
Loss:[0.00001522]
Loading 3606th epoch
Loss:[0.00001521]
Loading 3607th epoch
Loss:[0.00001520]
Loading 3608th epoch
Loss:[0.00001519]
Loading 3609th epoch
Loss:[0.00001518]
Loading 3610th epoch
Loss:[0.00001517]
Loading 3611th epoch
Loss:[0.00001515]
Loading 3612th epoch
Loss:[0.00001514]
Loading 3613th epoch
Loss:[0.00001513]
Loading 3614th epoch
Loss:[0.00001512]
Loading 3615th epoch
Loss:[0.00001511]
Loading 3616th epoch
Loss:[0.00001510]
Loading 3617th epoch
Loss:[0.00001509]
Loading 3618th epoch
Loss:[0.00001508]
Loading 3619th epoch
Loss:[0.00001507]
Loading 3620th epoch
Loss:[0.00001506]
Loading 3621th epoch
Loss:[0.00001504]
Loading 3622th epoch
Loss:[0.00001503]
Loading 3623th epoch
Loss:[0.00001502]
Loading 3624th epoch
Loss:[0.00001501]
Loading 3625th epoch
Loss:[0.00001500]
Loading 3626th epoch
Loss:[0.00001499]
Loading 3627th epoch
Loss:[0.00001498]
Loading 3628th epoch
Loss:[0.00001497]
Loading 3629th epoch
Loss:[0.00001496]
Loading 3630th epoch
Loss:[0.00001495]
Loading 3631th epoch
Loss:[0.00001494]
Loading 3632th epoch
Loss:[0.00001493]
Loading 3633th epoch
Loss:[0.00001491]
Loading 3634th epoch
Loss:[0.00001490]
Loading 3635th epoch
Loss:[0.00001489]
Loading 3636th epoch
Loss:[0.00001488]
Loading 3637th epoch
Loss:[0.00001487]
Loading 3638th epoch
Loss:[0.00001486]
Loading 3639th epoch
Loss:[0.00001485]
Loading 3640th epoch
Loss:[0.00001484]
Loading 3641th epoch
Loss:[0.00001483]
Loading 3642th epoch
Loss:[0.00001482]
Loading 3643th epoch
Loss:[0.00001481]
Loading 3644th epoch
Loss:[0.00001479]
Loading 3645th epoch
Loss:[0.00001478]
Loading 3646th epoch
Loss:[0.00001477]
Loading 3647th epoch
Loss:[0.00001476]
Loading 3648th epoch
Loss:[0.00001475]
Loading 3649th epoch
Loss:[0.00001474]
Loading 3650th epoch
Loss:[0.00001473]
Loading 3651th epoch
Loss:[0.00001472]
Loading 3652th epoch
Loss:[0.00001471]
Loading 3653th epoch
Loss:[0.00001470]
Loading 3654th epoch
Loss:[0.00001469]
Loading 3655th epoch
Loss:[0.00001468]
Loading 3656th epoch
Loss:[0.00001467]
Loading 3657th epoch
Loss:[0.00001466]
Loading 3658th epoch
Loss:[0.00001465]
Loading 3659th epoch
Loss:[0.00001463]
Loading 3660th epoch
Loss:[0.00001462]
Loading 3661th epoch
Loss:[0.00001461]
Loading 3662th epoch
Loss:[0.00001460]
Loading 3663th epoch
Loss:[0.00001459]
Loading 3664th epoch
Loss:[0.00001458]
Loading 3665th epoch
Loss:[0.00001457]
Loading 3666th epoch
Loss:[0.00001456]
Loading 3667th epoch
Loss:[0.00001455]
Loading 3668th epoch
Loss:[0.00001454]
Loading 3669th epoch
Loss:[0.00001453]
Loading 3670th epoch
Loss:[0.00001452]
Loading 3671th epoch
Loss:[0.00001451]
Loading 3672th epoch
Loss:[0.00001450]
Loading 3673th epoch
Loss:[0.00001449]
Loading 3674th epoch
Loss:[0.00001448]
Loading 3675th epoch
Loss:[0.00001447]
Loading 3676th epoch
Loss:[0.00001446]
Loading 3677th epoch
Loss:[0.00001444]
Loading 3678th epoch
Loss:[0.00001444]
Loading 3679th epoch
Loss:[0.00001442]
Loading 3680th epoch
Loss:[0.00001441]
Loading 3681th epoch
Loss:[0.00001440]
Loading 3682th epoch
Loss:[0.00001439]
Loading 3683th epoch
Loss:[0.00001438]
Loading 3684th epoch
Loss:[0.00001437]
Loading 3685th epoch
Loss:[0.00001436]
Loading 3686th epoch
Loss:[0.00001435]
Loading 3687th epoch
Loss:[0.00001434]
Loading 3688th epoch
Loss:[0.00001433]
Loading 3689th epoch
Loss:[0.00001432]
Loading 3690th epoch
Loss:[0.00001431]
Loading 3691th epoch
Loss:[0.00001430]
Loading 3692th epoch
Loss:[0.00001429]
Loading 3693th epoch
Loss:[0.00001428]
Loading 3694th epoch
Loss:[0.00001427]
Loading 3695th epoch
Loss:[0.00001426]
Loading 3696th epoch
Loss:[0.00001425]
Loading 3697th epoch
Loss:[0.00001424]
Loading 3698th epoch
Loss:[0.00001423]
Loading 3699th epoch
Loss:[0.00001422]
Loading 3700th epoch
Loss:[0.00001421]
Loading 3701th epoch
Loss:[0.00001420]
Loading 3702th epoch
Loss:[0.00001419]
Loading 3703th epoch
Loss:[0.00001418]
Loading 3704th epoch
Loss:[0.00001417]
Loading 3705th epoch
Loss:[0.00001416]
Loading 3706th epoch
Loss:[0.00001415]
Loading 3707th epoch
Loss:[0.00001413]
Loading 3708th epoch
Loss:[0.00001413]
Loading 3709th epoch
Loss:[0.00001412]
Loading 3710th epoch
Loss:[0.00001411]
Loading 3711th epoch
Loss:[0.00001409]
Loading 3712th epoch
Loss:[0.00001408]
Loading 3713th epoch
Loss:[0.00001407]
Loading 3714th epoch
Loss:[0.00001406]
Loading 3715th epoch
Loss:[0.00001405]
Loading 3716th epoch
Loss:[0.00001405]
Loading 3717th epoch
Loss:[0.00001404]
Loading 3718th epoch
Loss:[0.00001403]
Loading 3719th epoch
Loss:[0.00001401]
Loading 3720th epoch
Loss:[0.00001400]
Loading 3721th epoch
Loss:[0.00001399]
Loading 3722th epoch
Loss:[0.00001398]
Loading 3723th epoch
Loss:[0.00001397]
Loading 3724th epoch
Loss:[0.00001396]
Loading 3725th epoch
Loss:[0.00001395]
Loading 3726th epoch
Loss:[0.00001394]
Loading 3727th epoch
Loss:[0.00001393]
Loading 3728th epoch
Loss:[0.00001392]
Loading 3729th epoch
Loss:[0.00001392]
Loading 3730th epoch
Loss:[0.00001390]
Loading 3731th epoch
Loss:[0.00001390]
Loading 3732th epoch
Loss:[0.00001389]
Loading 3733th epoch
Loss:[0.00001388]
Loading 3734th epoch
Loss:[0.00001387]
Loading 3735th epoch
Loss:[0.00001386]
Loading 3736th epoch
Loss:[0.00001385]
Loading 3737th epoch
Loss:[0.00001384]
Loading 3738th epoch
Loss:[0.00001383]
Loading 3739th epoch
Loss:[0.00001382]
Loading 3740th epoch
Loss:[0.00001381]
Loading 3741th epoch
Loss:[0.00001380]
Loading 3742th epoch
Loss:[0.00001379]
Loading 3743th epoch
Loss:[0.00001378]
Loading 3744th epoch
Loss:[0.00001377]
Loading 3745th epoch
Loss:[0.00001376]
Loading 3746th epoch
Loss:[0.00001375]
Loading 3747th epoch
Loss:[0.00001374]
Loading 3748th epoch
Loss:[0.00001373]
Loading 3749th epoch
Loss:[0.00001372]
Loading 3750th epoch
Loss:[0.00001371]
Loading 3751th epoch
Loss:[0.00001370]
Loading 3752th epoch
Loss:[0.00001369]
Loading 3753th epoch
Loss:[0.00001368]
Loading 3754th epoch
Loss:[0.00001367]
Loading 3755th epoch
Loss:[0.00001366]
Loading 3756th epoch
Loss:[0.00001365]
Loading 3757th epoch
Loss:[0.00001364]
Loading 3758th epoch
Loss:[0.00001363]
Loading 3759th epoch
Loss:[0.00001362]
Loading 3760th epoch
Loss:[0.00001361]
Loading 3761th epoch
Loss:[0.00001360]
Loading 3762th epoch
Loss:[0.00001359]
Loading 3763th epoch
Loss:[0.00001358]
Loading 3764th epoch
Loss:[0.00001357]
Loading 3765th epoch
Loss:[0.00001356]
Loading 3766th epoch
Loss:[0.00001355]
Loading 3767th epoch
Loss:[0.00001354]
Loading 3768th epoch
Loss:[0.00001353]
Loading 3769th epoch
Loss:[0.00001352]
Loading 3770th epoch
Loss:[0.00001351]
Loading 3771th epoch
Loss:[0.00001350]
Loading 3772th epoch
Loss:[0.00001349]
Loading 3773th epoch
Loss:[0.00001348]
Loading 3774th epoch
Loss:[0.00001347]
Loading 3775th epoch
Loss:[0.00001346]
Loading 3776th epoch
Loss:[0.00001345]
Loading 3777th epoch
Loss:[0.00001344]
Loading 3778th epoch
Loss:[0.00001343]
Loading 3779th epoch
Loss:[0.00001343]
Loading 3780th epoch
Loss:[0.00001342]
Loading 3781th epoch
Loss:[0.00001341]
Loading 3782th epoch
Loss:[0.00001340]
Loading 3783th epoch
Loss:[0.00001339]
Loading 3784th epoch
Loss:[0.00001338]
Loading 3785th epoch
Loss:[0.00001337]
Loading 3786th epoch
Loss:[0.00001336]
Loading 3787th epoch
Loss:[0.00001335]
Loading 3788th epoch
Loss:[0.00001334]
Loading 3789th epoch
Loss:[0.00001333]
Loading 3790th epoch
Loss:[0.00001332]
Loading 3791th epoch
Loss:[0.00001331]
Loading 3792th epoch
Loss:[0.00001330]
Loading 3793th epoch
Loss:[0.00001329]
Loading 3794th epoch
Loss:[0.00001328]
Loading 3795th epoch
Loss:[0.00001327]
Loading 3796th epoch
Loss:[0.00001326]
Loading 3797th epoch
Loss:[0.00001326]
Loading 3798th epoch
Loss:[0.00001325]
Loading 3799th epoch
Loss:[0.00001324]
Loading 3800th epoch
Loss:[0.00001323]
Loading 3801th epoch
Loss:[0.00001322]
Loading 3802th epoch
Loss:[0.00001321]
Loading 3803th epoch
Loss:[0.00001320]
Loading 3804th epoch
Loss:[0.00001319]
Loading 3805th epoch
Loss:[0.00001318]
Loading 3806th epoch
Loss:[0.00001317]
Loading 3807th epoch
Loss:[0.00001316]
Loading 3808th epoch
Loss:[0.00001315]
Loading 3809th epoch
Loss:[0.00001314]
Loading 3810th epoch
Loss:[0.00001313]
Loading 3811th epoch
Loss:[0.00001312]
Loading 3812th epoch
Loss:[0.00001312]
Loading 3813th epoch
Loss:[0.00001311]
Loading 3814th epoch
Loss:[0.00001310]
Loading 3815th epoch
Loss:[0.00001309]
Loading 3816th epoch
Loss:[0.00001308]
Loading 3817th epoch
Loss:[0.00001307]
Loading 3818th epoch
Loss:[0.00001306]
Loading 3819th epoch
Loss:[0.00001305]
Loading 3820th epoch
Loss:[0.00001304]
Loading 3821th epoch
Loss:[0.00001303]
Loading 3822th epoch
Loss:[0.00001302]
Loading 3823th epoch
Loss:[0.00001301]
Loading 3824th epoch
Loss:[0.00001300]
Loading 3825th epoch
Loss:[0.00001299]
Loading 3826th epoch
Loss:[0.00001299]
Loading 3827th epoch
Loss:[0.00001298]
Loading 3828th epoch
Loss:[0.00001297]
Loading 3829th epoch
Loss:[0.00001296]
Loading 3830th epoch
Loss:[0.00001295]
Loading 3831th epoch
Loss:[0.00001294]
Loading 3832th epoch
Loss:[0.00001293]
Loading 3833th epoch
Loss:[0.00001292]
Loading 3834th epoch
Loss:[0.00001291]
Loading 3835th epoch
Loss:[0.00001290]
Loading 3836th epoch
Loss:[0.00001289]
Loading 3837th epoch
Loss:[0.00001288]
Loading 3838th epoch
Loss:[0.00001288]
Loading 3839th epoch
Loss:[0.00001287]
Loading 3840th epoch
Loss:[0.00001286]
Loading 3841th epoch
Loss:[0.00001285]
Loading 3842th epoch
Loss:[0.00001284]
Loading 3843th epoch
Loss:[0.00001283]
Loading 3844th epoch
Loss:[0.00001282]
Loading 3845th epoch
Loss:[0.00001281]
Loading 3846th epoch
Loss:[0.00001280]
Loading 3847th epoch
Loss:[0.00001279]
Loading 3848th epoch
Loss:[0.00001278]
Loading 3849th epoch
Loss:[0.00001277]
Loading 3850th epoch
Loss:[0.00001276]
Loading 3851th epoch
Loss:[0.00001276]
Loading 3852th epoch
Loss:[0.00001275]
Loading 3853th epoch
Loss:[0.00001274]
Loading 3854th epoch
Loss:[0.00001273]
Loading 3855th epoch
Loss:[0.00001272]
Loading 3856th epoch
Loss:[0.00001271]
Loading 3857th epoch
Loss:[0.00001270]
Loading 3858th epoch
Loss:[0.00001269]
Loading 3859th epoch
Loss:[0.00001269]
Loading 3860th epoch
Loss:[0.00001268]
Loading 3861th epoch
Loss:[0.00001267]
Loading 3862th epoch
Loss:[0.00001266]
Loading 3863th epoch
Loss:[0.00001265]
Loading 3864th epoch
Loss:[0.00001264]
Loading 3865th epoch
Loss:[0.00001263]
Loading 3866th epoch
Loss:[0.00001262]
Loading 3867th epoch
Loss:[0.00001261]
Loading 3868th epoch
Loss:[0.00001261]
Loading 3869th epoch
Loss:[0.00001260]
Loading 3870th epoch
Loss:[0.00001259]
Loading 3871th epoch
Loss:[0.00001258]
Loading 3872th epoch
Loss:[0.00001257]
Loading 3873th epoch
Loss:[0.00001256]
Loading 3874th epoch
Loss:[0.00001255]
Loading 3875th epoch
Loss:[0.00001254]
Loading 3876th epoch
Loss:[0.00001253]
Loading 3877th epoch
Loss:[0.00001253]
Loading 3878th epoch
Loss:[0.00001252]
Loading 3879th epoch
Loss:[0.00001251]
Loading 3880th epoch
Loss:[0.00001250]
Loading 3881th epoch
Loss:[0.00001249]
Loading 3882th epoch
Loss:[0.00001248]
Loading 3883th epoch
Loss:[0.00001247]
Loading 3884th epoch
Loss:[0.00001247]
Loading 3885th epoch
Loss:[0.00001246]
Loading 3886th epoch
Loss:[0.00001245]
Loading 3887th epoch
Loss:[0.00001244]
Loading 3888th epoch
Loss:[0.00001243]
Loading 3889th epoch
Loss:[0.00001242]
Loading 3890th epoch
Loss:[0.00001241]
Loading 3891th epoch
Loss:[0.00001240]
Loading 3892th epoch
Loss:[0.00001240]
Loading 3893th epoch
Loss:[0.00001239]
Loading 3894th epoch
Loss:[0.00001238]
Loading 3895th epoch
Loss:[0.00001237]
Loading 3896th epoch
Loss:[0.00001236]
Loading 3897th epoch
Loss:[0.00001235]
Loading 3898th epoch
Loss:[0.00001234]
Loading 3899th epoch
Loss:[0.00001233]
Loading 3900th epoch
Loss:[0.00001233]
Loading 3901th epoch
Loss:[0.00001232]
Loading 3902th epoch
Loss:[0.00001231]
Loading 3903th epoch
Loss:[0.00001230]
Loading 3904th epoch
Loss:[0.00001229]
Loading 3905th epoch
Loss:[0.00001228]
Loading 3906th epoch
Loss:[0.00001227]
Loading 3907th epoch
Loss:[0.00001227]
Loading 3908th epoch
Loss:[0.00001226]
Loading 3909th epoch
Loss:[0.00001225]
Loading 3910th epoch
Loss:[0.00001224]
Loading 3911th epoch
Loss:[0.00001223]
Loading 3912th epoch
Loss:[0.00001222]
Loading 3913th epoch
Loss:[0.00001221]
Loading 3914th epoch
Loss:[0.00001220]
Loading 3915th epoch
Loss:[0.00001220]
Loading 3916th epoch
Loss:[0.00001219]
Loading 3917th epoch
Loss:[0.00001218]
Loading 3918th epoch
Loss:[0.00001217]
Loading 3919th epoch
Loss:[0.00001216]
Loading 3920th epoch
Loss:[0.00001215]
Loading 3921th epoch
Loss:[0.00001215]
Loading 3922th epoch
Loss:[0.00001214]
Loading 3923th epoch
Loss:[0.00001213]
Loading 3924th epoch
Loss:[0.00001212]
Loading 3925th epoch
Loss:[0.00001211]
Loading 3926th epoch
Loss:[0.00001210]
Loading 3927th epoch
Loss:[0.00001209]
Loading 3928th epoch
Loss:[0.00001209]
Loading 3929th epoch
Loss:[0.00001208]
Loading 3930th epoch
Loss:[0.00001207]
Loading 3931th epoch
Loss:[0.00001206]
Loading 3932th epoch
Loss:[0.00001205]
Loading 3933th epoch
Loss:[0.00001204]
Loading 3934th epoch
Loss:[0.00001204]
Loading 3935th epoch
Loss:[0.00001203]
Loading 3936th epoch
Loss:[0.00001202]
Loading 3937th epoch
Loss:[0.00001201]
Loading 3938th epoch
Loss:[0.00001200]
Loading 3939th epoch
Loss:[0.00001199]
Loading 3940th epoch
Loss:[0.00001199]
Loading 3941th epoch
Loss:[0.00001198]
Loading 3942th epoch
Loss:[0.00001197]
Loading 3943th epoch
Loss:[0.00001196]
Loading 3944th epoch
Loss:[0.00001195]
Loading 3945th epoch
Loss:[0.00001194]
Loading 3946th epoch
Loss:[0.00001194]
Loading 3947th epoch
Loss:[0.00001193]
Loading 3948th epoch
Loss:[0.00001192]
Loading 3949th epoch
Loss:[0.00001191]
Loading 3950th epoch
Loss:[0.00001190]
Loading 3951th epoch
Loss:[0.00001189]
Loading 3952th epoch
Loss:[0.00001189]
Loading 3953th epoch
Loss:[0.00001188]
Loading 3954th epoch
Loss:[0.00001187]
Loading 3955th epoch
Loss:[0.00001186]
Loading 3956th epoch
Loss:[0.00001185]
Loading 3957th epoch
Loss:[0.00001184]
Loading 3958th epoch
Loss:[0.00001184]
Loading 3959th epoch
Loss:[0.00001183]
Loading 3960th epoch
Loss:[0.00001182]
Loading 3961th epoch
Loss:[0.00001181]
Loading 3962th epoch
Loss:[0.00001180]
Loading 3963th epoch
Loss:[0.00001180]
Loading 3964th epoch
Loss:[0.00001179]
Loading 3965th epoch
Loss:[0.00001178]
Loading 3966th epoch
Loss:[0.00001177]
Loading 3967th epoch
Loss:[0.00001176]
Loading 3968th epoch
Loss:[0.00001175]
Loading 3969th epoch
Loss:[0.00001175]
Loading 3970th epoch
Loss:[0.00001174]
Loading 3971th epoch
Loss:[0.00001173]
Loading 3972th epoch
Loss:[0.00001172]
Loading 3973th epoch
Loss:[0.00001171]
Loading 3974th epoch
Loss:[0.00001171]
Loading 3975th epoch
Loss:[0.00001170]
Loading 3976th epoch
Loss:[0.00001169]
Loading 3977th epoch
Loss:[0.00001168]
Loading 3978th epoch
Loss:[0.00001167]
Loading 3979th epoch
Loss:[0.00001166]
Loading 3980th epoch
Loss:[0.00001166]
Loading 3981th epoch
Loss:[0.00001165]
Loading 3982th epoch
Loss:[0.00001164]
Loading 3983th epoch
Loss:[0.00001163]
Loading 3984th epoch
Loss:[0.00001162]
Loading 3985th epoch
Loss:[0.00001162]
Loading 3986th epoch
Loss:[0.00001161]
Loading 3987th epoch
Loss:[0.00001160]
Loading 3988th epoch
Loss:[0.00001159]
Loading 3989th epoch
Loss:[0.00001158]
Loading 3990th epoch
Loss:[0.00001157]
Loading 3991th epoch
Loss:[0.00001157]
Loading 3992th epoch
Loss:[0.00001156]
Loading 3993th epoch
Loss:[0.00001155]
Loading 3994th epoch
Loss:[0.00001154]
Loading 3995th epoch
Loss:[0.00001153]
Loading 3996th epoch
Loss:[0.00001153]
Loading 3997th epoch
Loss:[0.00001152]
Loading 3998th epoch
[ReliabilityLoss] step=4000 mode=descriptor pos(mean/min/max)=0.9645/0.2441/1.0000 neg(mean/min/max)=0.6050/0.3046/0.9203 base_bce=0.000003 weighted_bce=0.000002 weighted/base=0.6857
Loss:[0.00001151]
Loading 3999th epoch
Loss:[0.00001150]
Loading 4000th epoch
Loss:[0.00001150]
Loading 4001th epoch
Loss:[0.00001149]
Loading 4002th epoch
Loss:[0.00001148]
Loading 4003th epoch
Loss:[0.00001147]
Loading 4004th epoch
Loss:[0.00001146]
Loading 4005th epoch
Loss:[0.00001145]
Loading 4006th epoch
Loss:[0.00001145]
Loading 4007th epoch
Loss:[0.00001144]
Loading 4008th epoch
Loss:[0.00001143]
Loading 4009th epoch
Loss:[0.00001142]
Loading 4010th epoch
Loss:[0.00001141]
Loading 4011th epoch
Loss:[0.00001141]
Loading 4012th epoch
Loss:[0.00001140]
Loading 4013th epoch
Loss:[0.00001139]
Loading 4014th epoch
Loss:[0.00001138]
Loading 4015th epoch
Loss:[0.00001138]
Loading 4016th epoch
Loss:[0.00001137]
Loading 4017th epoch
Loss:[0.00001136]
Loading 4018th epoch
Loss:[0.00001135]
Loading 4019th epoch
Loss:[0.00001134]
Loading 4020th epoch
Loss:[0.00001134]
Loading 4021th epoch
Loss:[0.00001133]
Loading 4022th epoch
Loss:[0.00001132]
Loading 4023th epoch
Loss:[0.00001131]
Loading 4024th epoch
Loss:[0.00001130]
Loading 4025th epoch
Loss:[0.00001130]
Loading 4026th epoch
Loss:[0.00001129]
Loading 4027th epoch
Loss:[0.00001128]
Loading 4028th epoch
Loss:[0.00001127]
Loading 4029th epoch
Loss:[0.00001126]
Loading 4030th epoch
Loss:[0.00001126]
Loading 4031th epoch
Loss:[0.00001125]
Loading 4032th epoch
Loss:[0.00001124]
Loading 4033th epoch
Loss:[0.00001123]
Loading 4034th epoch
Loss:[0.00001123]
Loading 4035th epoch
Loss:[0.00001122]
Loading 4036th epoch
Loss:[0.00001121]
Loading 4037th epoch
Loss:[0.00001120]
Loading 4038th epoch
Loss:[0.00001119]
Loading 4039th epoch
Loss:[0.00001119]
Loading 4040th epoch
Loss:[0.00001118]
Loading 4041th epoch
Loss:[0.00001117]
Loading 4042th epoch
Loss:[0.00001116]
Loading 4043th epoch
Loss:[0.00001116]
Loading 4044th epoch
Loss:[0.00001115]
Loading 4045th epoch
Loss:[0.00001114]
Loading 4046th epoch
Loss:[0.00001113]
Loading 4047th epoch
Loss:[0.00001113]
Loading 4048th epoch
Loss:[0.00001112]
Loading 4049th epoch
Loss:[0.00001111]
Loading 4050th epoch
Loss:[0.00001110]
Loading 4051th epoch
Loss:[0.00001110]
Loading 4052th epoch
Loss:[0.00001109]
Loading 4053th epoch
Loss:[0.00001108]
Loading 4054th epoch
Loss:[0.00001107]
Loading 4055th epoch
Loss:[0.00001107]
Loading 4056th epoch
Loss:[0.00001106]
Loading 4057th epoch
Loss:[0.00001105]
Loading 4058th epoch
Loss:[0.00001104]
Loading 4059th epoch
Loss:[0.00001103]
Loading 4060th epoch
Loss:[0.00001103]
Loading 4061th epoch
Loss:[0.00001102]
Loading 4062th epoch
Loss:[0.00001101]
Loading 4063th epoch
Loss:[0.00001100]
Loading 4064th epoch
Loss:[0.00001100]
Loading 4065th epoch
Loss:[0.00001099]
Loading 4066th epoch
Loss:[0.00001098]
Loading 4067th epoch
Loss:[0.00001097]
Loading 4068th epoch
Loss:[0.00001097]
Loading 4069th epoch
Loss:[0.00001096]
Loading 4070th epoch
Loss:[0.00001095]
Loading 4071th epoch
Loss:[0.00001094]
Loading 4072th epoch
Loss:[0.00001094]
Loading 4073th epoch
Loss:[0.00001093]
Loading 4074th epoch
Loss:[0.00001092]
Loading 4075th epoch
Loss:[0.00001091]
Loading 4076th epoch
Loss:[0.00001091]
Loading 4077th epoch
Loss:[0.00001090]
Loading 4078th epoch
Loss:[0.00001089]
Loading 4079th epoch
Loss:[0.00001088]
Loading 4080th epoch
Loss:[0.00001088]
Loading 4081th epoch
Loss:[0.00001087]
Loading 4082th epoch
Loss:[0.00001086]
Loading 4083th epoch
Loss:[0.00001085]
Loading 4084th epoch
Loss:[0.00001085]
Loading 4085th epoch
Loss:[0.00001084]
Loading 4086th epoch
Loss:[0.00001083]
Loading 4087th epoch
Loss:[0.00001082]
Loading 4088th epoch
Loss:[0.00001082]
Loading 4089th epoch
Loss:[0.00001081]
Loading 4090th epoch
Loss:[0.00001080]
Loading 4091th epoch
Loss:[0.00001079]
Loading 4092th epoch
Loss:[0.00001079]
Loading 4093th epoch
Loss:[0.00001078]
Loading 4094th epoch
Loss:[0.00001077]
Loading 4095th epoch
Loss:[0.00001076]
Loading 4096th epoch
Loss:[0.00001076]
Loading 4097th epoch
Loss:[0.00001075]
Loading 4098th epoch
Loss:[0.00001074]
Loading 4099th epoch
Loss:[0.00001073]
Loading 4100th epoch
Loss:[0.00001073]
Loading 4101th epoch
Loss:[0.00001072]
Loading 4102th epoch
Loss:[0.00001071]
Loading 4103th epoch
Loss:[0.00001070]
Loading 4104th epoch
Loss:[0.00001070]
Loading 4105th epoch
Loss:[0.00001069]
Loading 4106th epoch
Loss:[0.00001068]
Loading 4107th epoch
Loss:[0.00001068]
Loading 4108th epoch
Loss:[0.00001067]
Loading 4109th epoch
Loss:[0.00001066]
Loading 4110th epoch
Loss:[0.00001065]
Loading 4111th epoch
Loss:[0.00001065]
Loading 4112th epoch
Loss:[0.00001064]
Loading 4113th epoch
Loss:[0.00001063]
Loading 4114th epoch
Loss:[0.00001063]
Loading 4115th epoch
Loss:[0.00001062]
Loading 4116th epoch
Loss:[0.00001061]
Loading 4117th epoch
Loss:[0.00001060]
Loading 4118th epoch
Loss:[0.00001060]
Loading 4119th epoch
Loss:[0.00001059]
Loading 4120th epoch
Loss:[0.00001058]
Loading 4121th epoch
Loss:[0.00001057]
Loading 4122th epoch
Loss:[0.00001057]
Loading 4123th epoch
Loss:[0.00001056]
Loading 4124th epoch
Loss:[0.00001055]
Loading 4125th epoch
Loss:[0.00001055]
Loading 4126th epoch
Loss:[0.00001054]
Loading 4127th epoch
Loss:[0.00001053]
Loading 4128th epoch
Loss:[0.00001052]
Loading 4129th epoch
Loss:[0.00001052]
Loading 4130th epoch
Loss:[0.00001051]
Loading 4131th epoch
Loss:[0.00001050]
Loading 4132th epoch
Loss:[0.00001049]
Loading 4133th epoch
Loss:[0.00001049]
Loading 4134th epoch
Loss:[0.00001048]
Loading 4135th epoch
Loss:[0.00001047]
Loading 4136th epoch
Loss:[0.00001047]
Loading 4137th epoch
Loss:[0.00001046]
Loading 4138th epoch
Loss:[0.00001045]
Loading 4139th epoch
Loss:[0.00001044]
Loading 4140th epoch
Loss:[0.00001044]
Loading 4141th epoch
Loss:[0.00001043]
Loading 4142th epoch
Loss:[0.00001042]
Loading 4143th epoch
Loss:[0.00001042]
Loading 4144th epoch
Loss:[0.00001041]
Loading 4145th epoch
Loss:[0.00001040]
Loading 4146th epoch
Loss:[0.00001040]
Loading 4147th epoch
Loss:[0.00001039]
Loading 4148th epoch
Loss:[0.00001038]
Loading 4149th epoch
Loss:[0.00001037]
Loading 4150th epoch
Loss:[0.00001037]
Loading 4151th epoch
Loss:[0.00001036]
Loading 4152th epoch
Loss:[0.00001035]
Loading 4153th epoch
Loss:[0.00001035]
Loading 4154th epoch
Loss:[0.00001034]
Loading 4155th epoch
Loss:[0.00001033]
Loading 4156th epoch
Loss:[0.00001032]
Loading 4157th epoch
Loss:[0.00001032]
Loading 4158th epoch
Loss:[0.00001031]
Loading 4159th epoch
Loss:[0.00001030]
Loading 4160th epoch
Loss:[0.00001030]
Loading 4161th epoch
Loss:[0.00001029]
Loading 4162th epoch
Loss:[0.00001028]
Loading 4163th epoch
Loss:[0.00001028]
Loading 4164th epoch
Loss:[0.00001027]
Loading 4165th epoch
Loss:[0.00001026]
Loading 4166th epoch
Loss:[0.00001025]
Loading 4167th epoch
Loss:[0.00001025]
Loading 4168th epoch
Loss:[0.00001024]
Loading 4169th epoch
Loss:[0.00001023]
Loading 4170th epoch
Loss:[0.00001023]
Loading 4171th epoch
Loss:[0.00001022]
Loading 4172th epoch
Loss:[0.00001021]
Loading 4173th epoch
Loss:[0.00001021]
Loading 4174th epoch
Loss:[0.00001020]
Loading 4175th epoch
Loss:[0.00001019]
Loading 4176th epoch
Loss:[0.00001019]
Loading 4177th epoch
Loss:[0.00001018]
Loading 4178th epoch
Loss:[0.00001017]
Loading 4179th epoch
Loss:[0.00001016]
Loading 4180th epoch
Loss:[0.00001016]
Loading 4181th epoch
Loss:[0.00001015]
Loading 4182th epoch
Loss:[0.00001014]
Loading 4183th epoch
Loss:[0.00001014]
Loading 4184th epoch
Loss:[0.00001013]
Loading 4185th epoch
Loss:[0.00001012]
Loading 4186th epoch
Loss:[0.00001012]
Loading 4187th epoch
Loss:[0.00001011]
Loading 4188th epoch
Loss:[0.00001010]
Loading 4189th epoch
Loss:[0.00001010]
Loading 4190th epoch
Loss:[0.00001009]
Loading 4191th epoch
Loss:[0.00001008]
Loading 4192th epoch
Loss:[0.00001008]
Loading 4193th epoch
Loss:[0.00001007]
Loading 4194th epoch
Loss:[0.00001006]
Loading 4195th epoch
Loss:[0.00001006]
Loading 4196th epoch
Loss:[0.00001005]
Loading 4197th epoch
Loss:[0.00001004]
Loading 4198th epoch
Loss:[0.00001004]
Loading 4199th epoch
Loss:[0.00001003]
Loading 4200th epoch
Loss:[0.00001002]
Loading 4201th epoch
Loss:[0.00001002]
Loading 4202th epoch
Loss:[0.00001001]
Loading 4203th epoch
Loss:[0.00001000]
Loading 4204th epoch
Loss:[0.00000999]
Loading 4205th epoch
Loss:[0.00000999]
Loading 4206th epoch
Loss:[0.00000998]
Loading 4207th epoch
Loss:[0.00000997]
Loading 4208th epoch
Loss:[0.00000997]
Loading 4209th epoch
Loss:[0.00000996]
Loading 4210th epoch
Loss:[0.00000995]
Loading 4211th epoch
Loss:[0.00000995]
Loading 4212th epoch
Loss:[0.00000994]
Loading 4213th epoch
Loss:[0.00000993]
Loading 4214th epoch
Loss:[0.00000993]
Loading 4215th epoch
Loss:[0.00000992]
Loading 4216th epoch
Loss:[0.00000991]
Loading 4217th epoch
Loss:[0.00000991]
Loading 4218th epoch
Loss:[0.00000990]
Loading 4219th epoch
Loss:[0.00000989]
Loading 4220th epoch
Loss:[0.00000989]
Loading 4221th epoch
Loss:[0.00000988]
Loading 4222th epoch
Loss:[0.00000987]
Loading 4223th epoch
Loss:[0.00000987]
Loading 4224th epoch
Loss:[0.00000986]
Loading 4225th epoch
Loss:[0.00000985]
Loading 4226th epoch
Loss:[0.00000985]
Loading 4227th epoch
Loss:[0.00000984]
Loading 4228th epoch
Loss:[0.00000983]
Loading 4229th epoch
Loss:[0.00000983]
Loading 4230th epoch
Loss:[0.00000982]
Loading 4231th epoch
Loss:[0.00000981]
Loading 4232th epoch
Loss:[0.00000981]
Loading 4233th epoch
Loss:[0.00000980]
Loading 4234th epoch
Loss:[0.00000979]
Loading 4235th epoch
Loss:[0.00000979]
Loading 4236th epoch
Loss:[0.00000978]
Loading 4237th epoch
Loss:[0.00000977]
Loading 4238th epoch
Loss:[0.00000977]
Loading 4239th epoch
Loss:[0.00000976]
Loading 4240th epoch
Loss:[0.00000976]
Loading 4241th epoch
Loss:[0.00000975]
Loading 4242th epoch
Loss:[0.00000974]
Loading 4243th epoch
Loss:[0.00000974]
Loading 4244th epoch
Loss:[0.00000973]
Loading 4245th epoch
Loss:[0.00000972]
Loading 4246th epoch
Loss:[0.00000972]
Loading 4247th epoch
Loss:[0.00000971]
Loading 4248th epoch
Loss:[0.00000970]
Loading 4249th epoch
Loss:[0.00000970]
Loading 4250th epoch
Loss:[0.00000969]
Loading 4251th epoch
Loss:[0.00000968]
Loading 4252th epoch
Loss:[0.00000968]
Loading 4253th epoch
Loss:[0.00000967]
Loading 4254th epoch
Loss:[0.00000966]
Loading 4255th epoch
Loss:[0.00000966]
Loading 4256th epoch
Loss:[0.00000965]
Loading 4257th epoch
Loss:[0.00000964]
Loading 4258th epoch
Loss:[0.00000964]
Loading 4259th epoch
Loss:[0.00000963]
Loading 4260th epoch
Loss:[0.00000962]
Loading 4261th epoch
Loss:[0.00000962]
Loading 4262th epoch
Loss:[0.00000961]
Loading 4263th epoch
Loss:[0.00000960]
Loading 4264th epoch
Loss:[0.00000960]
Loading 4265th epoch
Loss:[0.00000959]
Loading 4266th epoch
Loss:[0.00000959]
Loading 4267th epoch
Loss:[0.00000958]
Loading 4268th epoch
Loss:[0.00000957]
Loading 4269th epoch
Loss:[0.00000957]
Loading 4270th epoch
Loss:[0.00000956]
Loading 4271th epoch
Loss:[0.00000955]
Loading 4272th epoch
Loss:[0.00000955]
Loading 4273th epoch
Loss:[0.00000954]
Loading 4274th epoch
Loss:[0.00000953]
Loading 4275th epoch
Loss:[0.00000953]
Loading 4276th epoch
Loss:[0.00000952]
Loading 4277th epoch
Loss:[0.00000952]
Loading 4278th epoch
Loss:[0.00000951]
Loading 4279th epoch
Loss:[0.00000950]
Loading 4280th epoch
Loss:[0.00000950]
Loading 4281th epoch
Loss:[0.00000949]
Loading 4282th epoch
Loss:[0.00000948]
Loading 4283th epoch
Loss:[0.00000948]
Loading 4284th epoch
Loss:[0.00000947]
Loading 4285th epoch
Loss:[0.00000946]
Loading 4286th epoch
Loss:[0.00000946]
Loading 4287th epoch
Loss:[0.00000945]
Loading 4288th epoch
Loss:[0.00000944]
Loading 4289th epoch
Loss:[0.00000944]
Loading 4290th epoch
Loss:[0.00000943]
Loading 4291th epoch
Loss:[0.00000943]
Loading 4292th epoch
Loss:[0.00000942]
Loading 4293th epoch
Loss:[0.00000941]
Loading 4294th epoch
Loss:[0.00000941]
Loading 4295th epoch
Loss:[0.00000940]
Loading 4296th epoch
Loss:[0.00000939]
Loading 4297th epoch
Loss:[0.00000939]
Loading 4298th epoch
Loss:[0.00000938]
Loading 4299th epoch
Loss:[0.00000937]
Loading 4300th epoch
Loss:[0.00000937]
Loading 4301th epoch
Loss:[0.00000936]
Loading 4302th epoch
Loss:[0.00000935]
Loading 4303th epoch
Loss:[0.00000935]
Loading 4304th epoch
Loss:[0.00000934]
Loading 4305th epoch
Loss:[0.00000934]
Loading 4306th epoch
Loss:[0.00000933]
Loading 4307th epoch
Loss:[0.00000932]
Loading 4308th epoch
Loss:[0.00000932]
Loading 4309th epoch
Loss:[0.00000931]
Loading 4310th epoch
Loss:[0.00000931]
Loading 4311th epoch
Loss:[0.00000930]
Loading 4312th epoch
Loss:[0.00000929]
Loading 4313th epoch
Loss:[0.00000929]
Loading 4314th epoch
Loss:[0.00000928]
Loading 4315th epoch
Loss:[0.00000927]
Loading 4316th epoch
Loss:[0.00000927]
Loading 4317th epoch
Loss:[0.00000926]
Loading 4318th epoch
Loss:[0.00000926]
Loading 4319th epoch
Loss:[0.00000925]
Loading 4320th epoch
Loss:[0.00000924]
Loading 4321th epoch
Loss:[0.00000924]
Loading 4322th epoch
Loss:[0.00000923]
Loading 4323th epoch
Loss:[0.00000922]
Loading 4324th epoch
Loss:[0.00000922]
Loading 4325th epoch
Loss:[0.00000921]
Loading 4326th epoch
Loss:[0.00000921]
Loading 4327th epoch
Loss:[0.00000920]
Loading 4328th epoch
Loss:[0.00000920]
Loading 4329th epoch
Loss:[0.00000919]
Loading 4330th epoch
Loss:[0.00000918]
Loading 4331th epoch
Loss:[0.00000918]
Loading 4332th epoch
Loss:[0.00000917]
Loading 4333th epoch
Loss:[0.00000916]
Loading 4334th epoch
Loss:[0.00000916]
Loading 4335th epoch
Loss:[0.00000915]
Loading 4336th epoch
Loss:[0.00000915]
Loading 4337th epoch
Loss:[0.00000914]
Loading 4338th epoch
Loss:[0.00000913]
Loading 4339th epoch
Loss:[0.00000913]
Loading 4340th epoch
Loss:[0.00000912]
Loading 4341th epoch
Loss:[0.00000912]
Loading 4342th epoch
Loss:[0.00000911]
Loading 4343th epoch
Loss:[0.00000910]
Loading 4344th epoch
Loss:[0.00000910]
Loading 4345th epoch
Loss:[0.00000909]
Loading 4346th epoch
Loss:[0.00000909]
Loading 4347th epoch
Loss:[0.00000908]
Loading 4348th epoch
Loss:[0.00000907]
Loading 4349th epoch
Loss:[0.00000907]
Loading 4350th epoch
Loss:[0.00000906]
Loading 4351th epoch
Loss:[0.00000906]
Loading 4352th epoch
Loss:[0.00000905]
Loading 4353th epoch
Loss:[0.00000904]
Loading 4354th epoch
Loss:[0.00000904]
Loading 4355th epoch
Loss:[0.00000903]
Loading 4356th epoch
Loss:[0.00000903]
Loading 4357th epoch
Loss:[0.00000902]
Loading 4358th epoch
Loss:[0.00000901]
Loading 4359th epoch
Loss:[0.00000901]
Loading 4360th epoch
Loss:[0.00000900]
Loading 4361th epoch
Loss:[0.00000900]
Loading 4362th epoch
Loss:[0.00000899]
Loading 4363th epoch
Loss:[0.00000898]
Loading 4364th epoch
Loss:[0.00000898]
Loading 4365th epoch
Loss:[0.00000897]
Loading 4366th epoch
Loss:[0.00000896]
Loading 4367th epoch
Loss:[0.00000896]
Loading 4368th epoch
Loss:[0.00000895]
Loading 4369th epoch
Loss:[0.00000895]
Loading 4370th epoch
Loss:[0.00000894]
Loading 4371th epoch
Loss:[0.00000893]
Loading 4372th epoch
Loss:[0.00000893]
Loading 4373th epoch
Loss:[0.00000892]
Loading 4374th epoch
Loss:[0.00000892]
Loading 4375th epoch
Loss:[0.00000891]
Loading 4376th epoch
Loss:[0.00000891]
Loading 4377th epoch
Loss:[0.00000890]
Loading 4378th epoch
Loss:[0.00000889]
Loading 4379th epoch
Loss:[0.00000889]
Loading 4380th epoch
Loss:[0.00000888]
Loading 4381th epoch
Loss:[0.00000888]
Loading 4382th epoch
Loss:[0.00000887]
Loading 4383th epoch
Loss:[0.00000886]
Loading 4384th epoch
Loss:[0.00000886]
Loading 4385th epoch
Loss:[0.00000885]
Loading 4386th epoch
Loss:[0.00000885]
Loading 4387th epoch
Loss:[0.00000884]
Loading 4388th epoch
Loss:[0.00000884]
Loading 4389th epoch
Loss:[0.00000883]
Loading 4390th epoch
Loss:[0.00000882]
Loading 4391th epoch
Loss:[0.00000882]
Loading 4392th epoch
Loss:[0.00000881]
Loading 4393th epoch
Loss:[0.00000881]
Loading 4394th epoch
Loss:[0.00000880]
Loading 4395th epoch
Loss:[0.00000879]
Loading 4396th epoch
Loss:[0.00000879]
Loading 4397th epoch
Loss:[0.00000878]
Loading 4398th epoch
Loss:[0.00000878]
Loading 4399th epoch
Loss:[0.00000877]
Loading 4400th epoch
Loss:[0.00000877]
Loading 4401th epoch
Loss:[0.00000876]
Loading 4402th epoch
Loss:[0.00000875]
Loading 4403th epoch
Loss:[0.00000875]
Loading 4404th epoch
Loss:[0.00000874]
Loading 4405th epoch
Loss:[0.00000874]
Loading 4406th epoch
Loss:[0.00000873]
Loading 4407th epoch
Loss:[0.00000872]
Loading 4408th epoch
Loss:[0.00000872]
Loading 4409th epoch
Loss:[0.00000871]
Loading 4410th epoch
Loss:[0.00000871]
Loading 4411th epoch
Loss:[0.00000870]
Loading 4412th epoch
Loss:[0.00000870]
Loading 4413th epoch
Loss:[0.00000869]
Loading 4414th epoch
Loss:[0.00000868]
Loading 4415th epoch
Loss:[0.00000868]
Loading 4416th epoch
Loss:[0.00000867]
Loading 4417th epoch
Loss:[0.00000867]
Loading 4418th epoch
Loss:[0.00000866]
Loading 4419th epoch
Loss:[0.00000865]
Loading 4420th epoch
Loss:[0.00000865]
Loading 4421th epoch
Loss:[0.00000864]
Loading 4422th epoch
Loss:[0.00000864]
Loading 4423th epoch
Loss:[0.00000863]
Loading 4424th epoch
Loss:[0.00000863]
Loading 4425th epoch
Loss:[0.00000862]
Loading 4426th epoch
Loss:[0.00000861]
Loading 4427th epoch
Loss:[0.00000861]
Loading 4428th epoch
Loss:[0.00000860]
Loading 4429th epoch
Loss:[0.00000860]
Loading 4430th epoch
Loss:[0.00000859]
Loading 4431th epoch
Loss:[0.00000859]
Loading 4432th epoch
Loss:[0.00000858]
Loading 4433th epoch
Loss:[0.00000857]
Loading 4434th epoch
Loss:[0.00000857]
Loading 4435th epoch
Loss:[0.00000856]
Loading 4436th epoch
Loss:[0.00000856]
Loading 4437th epoch
Loss:[0.00000855]
Loading 4438th epoch
Loss:[0.00000855]
Loading 4439th epoch
Loss:[0.00000854]
Loading 4440th epoch
Loss:[0.00000853]
Loading 4441th epoch
Loss:[0.00000853]
Loading 4442th epoch
Loss:[0.00000852]
Loading 4443th epoch
Loss:[0.00000852]
Loading 4444th epoch
Loss:[0.00000851]
Loading 4445th epoch
Loss:[0.00000851]
Loading 4446th epoch
Loss:[0.00000850]
Loading 4447th epoch
Loss:[0.00000850]
Loading 4448th epoch
Loss:[0.00000849]
Loading 4449th epoch
Loss:[0.00000849]
Loading 4450th epoch
Loss:[0.00000848]
Loading 4451th epoch
Loss:[0.00000847]
Loading 4452th epoch
Loss:[0.00000847]
Loading 4453th epoch
Loss:[0.00000846]
Loading 4454th epoch
Loss:[0.00000846]
Loading 4455th epoch
Loss:[0.00000845]
Loading 4456th epoch
Loss:[0.00000845]
Loading 4457th epoch
Loss:[0.00000844]
Loading 4458th epoch
Loss:[0.00000844]
Loading 4459th epoch
Loss:[0.00000843]
Loading 4460th epoch
Loss:[0.00000842]
Loading 4461th epoch
Loss:[0.00000842]
Loading 4462th epoch
Loss:[0.00000841]
Loading 4463th epoch
Loss:[0.00000841]
Loading 4464th epoch
Loss:[0.00000840]
Loading 4465th epoch
Loss:[0.00000840]
Loading 4466th epoch
Loss:[0.00000839]
Loading 4467th epoch
Loss:[0.00000839]
Loading 4468th epoch
Loss:[0.00000838]
Loading 4469th epoch
Loss:[0.00000837]
Loading 4470th epoch
Loss:[0.00000837]
Loading 4471th epoch
Loss:[0.00000836]
Loading 4472th epoch
Loss:[0.00000836]
Loading 4473th epoch
Loss:[0.00000835]
Loading 4474th epoch
Loss:[0.00000835]
Loading 4475th epoch
Loss:[0.00000834]
Loading 4476th epoch
Loss:[0.00000833]
Loading 4477th epoch
Loss:[0.00000833]
Loading 4478th epoch
Loss:[0.00000832]
Loading 4479th epoch
Loss:[0.00000832]
Loading 4480th epoch
Loss:[0.00000831]
Loading 4481th epoch
Loss:[0.00000831]
Loading 4482th epoch
Loss:[0.00000830]
Loading 4483th epoch
Loss:[0.00000829]
Loading 4484th epoch
Loss:[0.00000829]
Loading 4485th epoch
Loss:[0.00000828]
Loading 4486th epoch
Loss:[0.00000828]
Loading 4487th epoch
Loss:[0.00000827]
Loading 4488th epoch
Loss:[0.00000827]
Loading 4489th epoch
Loss:[0.00000826]
Loading 4490th epoch
Loss:[0.00000826]
Loading 4491th epoch
Loss:[0.00000825]
Loading 4492th epoch
Loss:[0.00000825]
Loading 4493th epoch
Loss:[0.00000824]
Loading 4494th epoch
Loss:[0.00000824]
Loading 4495th epoch
Loss:[0.00000823]
Loading 4496th epoch
Loss:[0.00000822]
Loading 4497th epoch
Loss:[0.00000822]
Loading 4498th epoch
[ReliabilityLoss] step=4500 mode=descriptor pos(mean/min/max)=0.9645/0.2441/1.0000 neg(mean/min/max)=0.6051/0.3046/0.9202 base_bce=0.000002 weighted_bce=0.000001 weighted/base=0.6860
Loss:[0.00000821]
Loading 4499th epoch
Loss:[0.00000821]
Loading 4500th epoch
Loss:[0.00000820]
Loading 4501th epoch
Loss:[0.00000820]
Loading 4502th epoch
Loss:[0.00000819]
Loading 4503th epoch
Loss:[0.00000819]
Loading 4504th epoch
Loss:[0.00000818]
Loading 4505th epoch
Loss:[0.00000818]
Loading 4506th epoch
Loss:[0.00000817]
Loading 4507th epoch
Loss:[0.00000817]
Loading 4508th epoch
Loss:[0.00000816]
Loading 4509th epoch
Loss:[0.00000816]
Loading 4510th epoch
Loss:[0.00000815]
Loading 4511th epoch
Loss:[0.00000814]
Loading 4512th epoch
Loss:[0.00000814]
Loading 4513th epoch
Loss:[0.00000813]
Loading 4514th epoch
Loss:[0.00000813]
Loading 4515th epoch
Loss:[0.00000812]
Loading 4516th epoch
Loss:[0.00000812]
Loading 4517th epoch
Loss:[0.00000811]
Loading 4518th epoch
Loss:[0.00000811]
Loading 4519th epoch
Loss:[0.00000810]
Loading 4520th epoch
Loss:[0.00000810]
Loading 4521th epoch
Loss:[0.00000809]
Loading 4522th epoch
Loss:[0.00000809]
Loading 4523th epoch
Loss:[0.00000808]
Loading 4524th epoch
Loss:[0.00000808]
Loading 4525th epoch
Loss:[0.00000807]
Loading 4526th epoch
Loss:[0.00000807]
Loading 4527th epoch
Loss:[0.00000806]
Loading 4528th epoch
Loss:[0.00000805]
Loading 4529th epoch
Loss:[0.00000805]
Loading 4530th epoch
Loss:[0.00000804]
Loading 4531th epoch
Loss:[0.00000804]
Loading 4532th epoch
Loss:[0.00000803]
Loading 4533th epoch
Loss:[0.00000803]
Loading 4534th epoch
Loss:[0.00000802]
Loading 4535th epoch
Loss:[0.00000802]
Loading 4536th epoch
Loss:[0.00000801]
Loading 4537th epoch
Loss:[0.00000801]
Loading 4538th epoch
Loss:[0.00000800]
Loading 4539th epoch
Loss:[0.00000800]
Loading 4540th epoch
Loss:[0.00000799]
Loading 4541th epoch
Loss:[0.00000799]
Loading 4542th epoch
Loss:[0.00000798]
Loading 4543th epoch
Loss:[0.00000798]
Loading 4544th epoch
Loss:[0.00000797]
Loading 4545th epoch
Loss:[0.00000797]
Loading 4546th epoch
Loss:[0.00000796]
Loading 4547th epoch
Loss:[0.00000795]
Loading 4548th epoch
Loss:[0.00000795]
Loading 4549th epoch
Loss:[0.00000794]
Loading 4550th epoch
Loss:[0.00000794]
Loading 4551th epoch
Loss:[0.00000793]
Loading 4552th epoch
Loss:[0.00000793]
Loading 4553th epoch
Loss:[0.00000792]
Loading 4554th epoch
Loss:[0.00000792]
Loading 4555th epoch
Loss:[0.00000791]
Loading 4556th epoch
Loss:[0.00000791]
Loading 4557th epoch
Loss:[0.00000790]
Loading 4558th epoch
Loss:[0.00000790]
Loading 4559th epoch
Loss:[0.00000789]
Loading 4560th epoch
Loss:[0.00000789]
Loading 4561th epoch
Loss:[0.00000788]
Loading 4562th epoch
Loss:[0.00000788]
Loading 4563th epoch
Loss:[0.00000787]
Loading 4564th epoch
Loss:[0.00000787]
Loading 4565th epoch
Loss:[0.00000786]
Loading 4566th epoch
Loss:[0.00000786]
Loading 4567th epoch
Loss:[0.00000785]
Loading 4568th epoch
Loss:[0.00000785]
Loading 4569th epoch
Loss:[0.00000784]
Loading 4570th epoch
Loss:[0.00000784]
Loading 4571th epoch
Loss:[0.00000783]
Loading 4572th epoch
Loss:[0.00000783]
Loading 4573th epoch
Loss:[0.00000782]
Loading 4574th epoch
Loss:[0.00000781]
Loading 4575th epoch
Loss:[0.00000781]
Loading 4576th epoch
Loss:[0.00000780]
Loading 4577th epoch
Loss:[0.00000780]
Loading 4578th epoch
Loss:[0.00000779]
Loading 4579th epoch
Loss:[0.00000779]
Loading 4580th epoch
Loss:[0.00000778]
Loading 4581th epoch
Loss:[0.00000778]
Loading 4582th epoch
Loss:[0.00000777]
Loading 4583th epoch
Loss:[0.00000777]
Loading 4584th epoch
Loss:[0.00000776]
Loading 4585th epoch
Loss:[0.00000776]
Loading 4586th epoch
Loss:[0.00000775]
Loading 4587th epoch
Loss:[0.00000775]
Loading 4588th epoch
Loss:[0.00000774]
Loading 4589th epoch
Loss:[0.00000774]
Loading 4590th epoch
Loss:[0.00000773]
Loading 4591th epoch
Loss:[0.00000773]
Loading 4592th epoch
Loss:[0.00000772]
Loading 4593th epoch
Loss:[0.00000772]
Loading 4594th epoch
Loss:[0.00000771]
Loading 4595th epoch
Loss:[0.00000771]
Loading 4596th epoch
Loss:[0.00000770]
Loading 4597th epoch
Loss:[0.00000770]
Loading 4598th epoch
Loss:[0.00000769]
Loading 4599th epoch
Loss:[0.00000769]
Loading 4600th epoch
Loss:[0.00000768]
Loading 4601th epoch
Loss:[0.00000768]
Loading 4602th epoch
Loss:[0.00000767]
Loading 4603th epoch
Loss:[0.00000767]
Loading 4604th epoch
Loss:[0.00000766]
Loading 4605th epoch
Loss:[0.00000766]
Loading 4606th epoch
Loss:[0.00000765]
Loading 4607th epoch
Loss:[0.00000765]
Loading 4608th epoch
Loss:[0.00000764]
Loading 4609th epoch
Loss:[0.00000764]
Loading 4610th epoch
Loss:[0.00000763]
Loading 4611th epoch
Loss:[0.00000763]
Loading 4612th epoch
Loss:[0.00000762]
Loading 4613th epoch
Loss:[0.00000762]
Loading 4614th epoch
Loss:[0.00000761]
Loading 4615th epoch
Loss:[0.00000761]
Loading 4616th epoch
Loss:[0.00000760]
Loading 4617th epoch
Loss:[0.00000760]
Loading 4618th epoch
Loss:[0.00000759]
Loading 4619th epoch
Loss:[0.00000759]
Loading 4620th epoch
Loss:[0.00000758]
Loading 4621th epoch
Loss:[0.00000758]
Loading 4622th epoch
Loss:[0.00000757]
Loading 4623th epoch
Loss:[0.00000757]
Loading 4624th epoch
Loss:[0.00000756]
Loading 4625th epoch
Loss:[0.00000756]
Loading 4626th epoch
Loss:[0.00000756]
Loading 4627th epoch
Loss:[0.00000755]
Loading 4628th epoch
Loss:[0.00000755]
Loading 4629th epoch
Loss:[0.00000754]
Loading 4630th epoch
Loss:[0.00000754]
Loading 4631th epoch
Loss:[0.00000753]
Loading 4632th epoch
Loss:[0.00000752]
Loading 4633th epoch
Loss:[0.00000752]
Loading 4634th epoch
Loss:[0.00000752]
Loading 4635th epoch
Loss:[0.00000751]
Loading 4636th epoch
Loss:[0.00000751]
Loading 4637th epoch
Loss:[0.00000750]
Loading 4638th epoch
Loss:[0.00000750]
Loading 4639th epoch
Loss:[0.00000749]
Loading 4640th epoch
Loss:[0.00000749]
Loading 4641th epoch
Loss:[0.00000748]
Loading 4642th epoch
Loss:[0.00000748]
Loading 4643th epoch
Loss:[0.00000747]
Loading 4644th epoch
Loss:[0.00000747]
Loading 4645th epoch
Loss:[0.00000746]
Loading 4646th epoch
Loss:[0.00000746]
Loading 4647th epoch
Loss:[0.00000745]
Loading 4648th epoch
Loss:[0.00000745]
Loading 4649th epoch
Loss:[0.00000744]
Loading 4650th epoch
Loss:[0.00000744]
Loading 4651th epoch
Loss:[0.00000743]
Loading 4652th epoch
Loss:[0.00000743]
Loading 4653th epoch
Loss:[0.00000742]
Loading 4654th epoch
Loss:[0.00000742]
Loading 4655th epoch
Loss:[0.00000741]
Loading 4656th epoch
Loss:[0.00000741]
Loading 4657th epoch
Loss:[0.00000741]
Loading 4658th epoch
Loss:[0.00000740]
Loading 4659th epoch
Loss:[0.00000740]
Loading 4660th epoch
Loss:[0.00000739]
Loading 4661th epoch
Loss:[0.00000739]
Loading 4662th epoch
Loss:[0.00000738]
Loading 4663th epoch
Loss:[0.00000738]
Loading 4664th epoch
Loss:[0.00000737]
Loading 4665th epoch
Loss:[0.00000737]
Loading 4666th epoch
Loss:[0.00000736]
Loading 4667th epoch
Loss:[0.00000736]
Loading 4668th epoch
Loss:[0.00000735]
Loading 4669th epoch
Loss:[0.00000735]
Loading 4670th epoch
Loss:[0.00000734]
Loading 4671th epoch
Loss:[0.00000734]
Loading 4672th epoch
Loss:[0.00000733]
Loading 4673th epoch
Loss:[0.00000733]
Loading 4674th epoch
Loss:[0.00000732]
Loading 4675th epoch
Loss:[0.00000732]
Loading 4676th epoch
Loss:[0.00000731]
Loading 4677th epoch
Loss:[0.00000731]
Loading 4678th epoch
Loss:[0.00000730]
Loading 4679th epoch
Loss:[0.00000730]
Loading 4680th epoch
Loss:[0.00000729]
Loading 4681th epoch
Loss:[0.00000729]
Loading 4682th epoch
Loss:[0.00000729]
Loading 4683th epoch
Loss:[0.00000728]
Loading 4684th epoch
Loss:[0.00000728]
Loading 4685th epoch
Loss:[0.00000727]
Loading 4686th epoch
Loss:[0.00000727]
Loading 4687th epoch
Loss:[0.00000726]
Loading 4688th epoch
Loss:[0.00000726]
Loading 4689th epoch
Loss:[0.00000725]
Loading 4690th epoch
Loss:[0.00000725]
Loading 4691th epoch
Loss:[0.00000724]
Loading 4692th epoch
Loss:[0.00000724]
Loading 4693th epoch
Loss:[0.00000723]
Loading 4694th epoch
Loss:[0.00000723]
Loading 4695th epoch
Loss:[0.00000722]
Loading 4696th epoch
Loss:[0.00000722]
Loading 4697th epoch
Loss:[0.00000722]
Loading 4698th epoch
Loss:[0.00000721]
Loading 4699th epoch
Loss:[0.00000721]
Loading 4700th epoch
Loss:[0.00000720]
Loading 4701th epoch
Loss:[0.00000720]
Loading 4702th epoch
Loss:[0.00000719]
Loading 4703th epoch
Loss:[0.00000719]
Loading 4704th epoch
Loss:[0.00000718]
Loading 4705th epoch
Loss:[0.00000718]
Loading 4706th epoch
Loss:[0.00000717]
Loading 4707th epoch
Loss:[0.00000717]
Loading 4708th epoch
Loss:[0.00000716]
Loading 4709th epoch
Loss:[0.00000716]
Loading 4710th epoch
Loss:[0.00000716]
Loading 4711th epoch
Loss:[0.00000715]
Loading 4712th epoch
Loss:[0.00000715]
Loading 4713th epoch
Loss:[0.00000714]
Loading 4714th epoch
Loss:[0.00000714]
Loading 4715th epoch
Loss:[0.00000713]
Loading 4716th epoch
Loss:[0.00000713]
Loading 4717th epoch
Loss:[0.00000712]
Loading 4718th epoch
Loss:[0.00000712]
Loading 4719th epoch
Loss:[0.00000711]
Loading 4720th epoch
Loss:[0.00000711]
Loading 4721th epoch
Loss:[0.00000710]
Loading 4722th epoch
Loss:[0.00000710]
Loading 4723th epoch
Loss:[0.00000709]
Loading 4724th epoch
Loss:[0.00000709]
Loading 4725th epoch
Loss:[0.00000709]
Loading 4726th epoch
Loss:[0.00000708]
Loading 4727th epoch
Loss:[0.00000708]
Loading 4728th epoch
Loss:[0.00000707]
Loading 4729th epoch
Loss:[0.00000707]
Loading 4730th epoch
Loss:[0.00000706]
Loading 4731th epoch
Loss:[0.00000706]
Loading 4732th epoch
Loss:[0.00000705]
Loading 4733th epoch
Loss:[0.00000705]
Loading 4734th epoch
Loss:[0.00000704]
Loading 4735th epoch
Loss:[0.00000704]
Loading 4736th epoch
Loss:[0.00000704]
Loading 4737th epoch
Loss:[0.00000703]
Loading 4738th epoch
Loss:[0.00000703]
Loading 4739th epoch
Loss:[0.00000702]
Loading 4740th epoch
Loss:[0.00000702]
Loading 4741th epoch
Loss:[0.00000701]
Loading 4742th epoch
Loss:[0.00000701]
Loading 4743th epoch
Loss:[0.00000700]
Loading 4744th epoch
Loss:[0.00000700]
Loading 4745th epoch
Loss:[0.00000700]
Loading 4746th epoch
Loss:[0.00000699]
Loading 4747th epoch
Loss:[0.00000699]
Loading 4748th epoch
Loss:[0.00000698]
Loading 4749th epoch
Loss:[0.00000698]
Loading 4750th epoch
Loss:[0.00000697]
Loading 4751th epoch
Loss:[0.00000697]
Loading 4752th epoch
Loss:[0.00000696]
Loading 4753th epoch
Loss:[0.00000696]
Loading 4754th epoch
Loss:[0.00000696]
Loading 4755th epoch
Loss:[0.00000695]
Loading 4756th epoch
Loss:[0.00000695]
Loading 4757th epoch
Loss:[0.00000694]
Loading 4758th epoch
Loss:[0.00000694]
Loading 4759th epoch
Loss:[0.00000693]
Loading 4760th epoch
Loss:[0.00000693]
Loading 4761th epoch
Loss:[0.00000692]
Loading 4762th epoch
Loss:[0.00000692]
Loading 4763th epoch
Loss:[0.00000691]
Loading 4764th epoch
Loss:[0.00000691]
Loading 4765th epoch
Loss:[0.00000691]
Loading 4766th epoch
Loss:[0.00000690]
Loading 4767th epoch
Loss:[0.00000690]
Loading 4768th epoch
Loss:[0.00000689]
Loading 4769th epoch
Loss:[0.00000689]
Loading 4770th epoch
Loss:[0.00000688]
Loading 4771th epoch
Loss:[0.00000688]
Loading 4772th epoch
Loss:[0.00000688]
Loading 4773th epoch
Loss:[0.00000687]
Loading 4774th epoch
Loss:[0.00000687]
Loading 4775th epoch
Loss:[0.00000686]
Loading 4776th epoch
Loss:[0.00000686]
Loading 4777th epoch
Loss:[0.00000685]
Loading 4778th epoch
Loss:[0.00000685]
Loading 4779th epoch
Loss:[0.00000684]
Loading 4780th epoch
Loss:[0.00000684]
Loading 4781th epoch
Loss:[0.00000684]
Loading 4782th epoch
Loss:[0.00000683]
Loading 4783th epoch
Loss:[0.00000683]
Loading 4784th epoch
Loss:[0.00000682]
Loading 4785th epoch
Loss:[0.00000682]
Loading 4786th epoch
Loss:[0.00000681]
Loading 4787th epoch
Loss:[0.00000681]
Loading 4788th epoch
Loss:[0.00000680]
Loading 4789th epoch
Loss:[0.00000680]
Loading 4790th epoch
Loss:[0.00000680]
Loading 4791th epoch
Loss:[0.00000679]
Loading 4792th epoch
Loss:[0.00000679]
Loading 4793th epoch
Loss:[0.00000678]
Loading 4794th epoch
Loss:[0.00000678]
Loading 4795th epoch
Loss:[0.00000677]
Loading 4796th epoch
Loss:[0.00000677]
Loading 4797th epoch
Loss:[0.00000677]
Loading 4798th epoch
Loss:[0.00000676]
Loading 4799th epoch
Loss:[0.00000676]
Loading 4800th epoch
Loss:[0.00000675]
Loading 4801th epoch
Loss:[0.00000675]
Loading 4802th epoch
Loss:[0.00000674]
Loading 4803th epoch
Loss:[0.00000674]
Loading 4804th epoch
Loss:[0.00000674]
Loading 4805th epoch
Loss:[0.00000673]
Loading 4806th epoch
Loss:[0.00000673]
Loading 4807th epoch
Loss:[0.00000672]
Loading 4808th epoch
Loss:[0.00000672]
Loading 4809th epoch
Loss:[0.00000671]
Loading 4810th epoch
Loss:[0.00000671]
Loading 4811th epoch
Loss:[0.00000671]
Loading 4812th epoch
Loss:[0.00000670]
Loading 4813th epoch
Loss:[0.00000670]
Loading 4814th epoch
Loss:[0.00000669]
Loading 4815th epoch
Loss:[0.00000669]
Loading 4816th epoch
Loss:[0.00000668]
Loading 4817th epoch
Loss:[0.00000668]
Loading 4818th epoch
Loss:[0.00000667]
Loading 4819th epoch
Loss:[0.00000667]
Loading 4820th epoch
Loss:[0.00000667]
Loading 4821th epoch
Loss:[0.00000666]
Loading 4822th epoch
Loss:[0.00000666]
Loading 4823th epoch
Loss:[0.00000665]
Loading 4824th epoch
Loss:[0.00000665]
Loading 4825th epoch
Loss:[0.00000664]
Loading 4826th epoch
Loss:[0.00000664]
Loading 4827th epoch
Loss:[0.00000664]
Loading 4828th epoch
Loss:[0.00000663]
Loading 4829th epoch
Loss:[0.00000663]
Loading 4830th epoch
Loss:[0.00000662]
Loading 4831th epoch
Loss:[0.00000662]
Loading 4832th epoch
Loss:[0.00000661]
Loading 4833th epoch
Loss:[0.00000661]
Loading 4834th epoch
Loss:[0.00000661]
Loading 4835th epoch
Loss:[0.00000660]
Loading 4836th epoch
Loss:[0.00000660]
Loading 4837th epoch
Loss:[0.00000659]
Loading 4838th epoch
Loss:[0.00000659]
Loading 4839th epoch
Loss:[0.00000659]
Loading 4840th epoch
Loss:[0.00000658]
Loading 4841th epoch
Loss:[0.00000658]
Loading 4842th epoch
Loss:[0.00000657]
Loading 4843th epoch
Loss:[0.00000657]
Loading 4844th epoch
Loss:[0.00000656]
Loading 4845th epoch
Loss:[0.00000656]
Loading 4846th epoch
Loss:[0.00000656]
Loading 4847th epoch
Loss:[0.00000655]
Loading 4848th epoch
Loss:[0.00000655]
Loading 4849th epoch
Loss:[0.00000654]
Loading 4850th epoch
Loss:[0.00000654]
Loading 4851th epoch
Loss:[0.00000654]
Loading 4852th epoch
Loss:[0.00000653]
Loading 4853th epoch
Loss:[0.00000653]
Loading 4854th epoch
Loss:[0.00000652]
Loading 4855th epoch
Loss:[0.00000652]
Loading 4856th epoch
Loss:[0.00000651]
Loading 4857th epoch
Loss:[0.00000651]
Loading 4858th epoch
Loss:[0.00000651]
Loading 4859th epoch
Loss:[0.00000650]
Loading 4860th epoch
Loss:[0.00000650]
Loading 4861th epoch
Loss:[0.00000649]
Loading 4862th epoch
Loss:[0.00000649]
Loading 4863th epoch
Loss:[0.00000649]
Loading 4864th epoch
Loss:[0.00000648]
Loading 4865th epoch
Loss:[0.00000648]
Loading 4866th epoch
Loss:[0.00000647]
Loading 4867th epoch
Loss:[0.00000647]
Loading 4868th epoch
Loss:[0.00000646]
Loading 4869th epoch
Loss:[0.00000646]
Loading 4870th epoch
Loss:[0.00000646]
Loading 4871th epoch
Loss:[0.00000645]
Loading 4872th epoch
Loss:[0.00000645]
Loading 4873th epoch
Loss:[0.00000644]
Loading 4874th epoch
Loss:[0.00000644]
Loading 4875th epoch
Loss:[0.00000644]
Loading 4876th epoch
Loss:[0.00000643]
Loading 4877th epoch
Loss:[0.00000643]
Loading 4878th epoch
Loss:[0.00000642]
Loading 4879th epoch
Loss:[0.00000642]
Loading 4880th epoch
Loss:[0.00000642]
Loading 4881th epoch
Loss:[0.00000641]
Loading 4882th epoch
Loss:[0.00000641]
Loading 4883th epoch
Loss:[0.00000640]
Loading 4884th epoch
Loss:[0.00000640]
Loading 4885th epoch
Loss:[0.00000639]
Loading 4886th epoch
Loss:[0.00000639]
Loading 4887th epoch
Loss:[0.00000639]
Loading 4888th epoch
Loss:[0.00000638]
Loading 4889th epoch
Loss:[0.00000638]
Loading 4890th epoch
Loss:[0.00000637]
Loading 4891th epoch
Loss:[0.00000637]
Loading 4892th epoch
Loss:[0.00000637]
Loading 4893th epoch
Loss:[0.00000636]
Loading 4894th epoch
Loss:[0.00000636]
Loading 4895th epoch
Loss:[0.00000635]
Loading 4896th epoch
Loss:[0.00000635]
Loading 4897th epoch
Loss:[0.00000635]
Loading 4898th epoch
Loss:[0.00000634]
Loading 4899th epoch
Loss:[0.00000634]
Loading 4900th epoch
Loss:[0.00000633]
Loading 4901th epoch
Loss:[0.00000633]
Loading 4902th epoch
Loss:[0.00000633]
Loading 4903th epoch
Loss:[0.00000632]
Loading 4904th epoch
Loss:[0.00000632]
Loading 4905th epoch
Loss:[0.00000631]
Loading 4906th epoch
Loss:[0.00000631]
Loading 4907th epoch
Loss:[0.00000631]
Loading 4908th epoch
Loss:[0.00000630]
Loading 4909th epoch
Loss:[0.00000630]
Loading 4910th epoch
Loss:[0.00000629]
Loading 4911th epoch
Loss:[0.00000629]
Loading 4912th epoch
Loss:[0.00000629]
Loading 4913th epoch
Loss:[0.00000628]
Loading 4914th epoch
Loss:[0.00000628]
Loading 4915th epoch
Loss:[0.00000627]
Loading 4916th epoch
Loss:[0.00000627]
Loading 4917th epoch
Loss:[0.00000627]
Loading 4918th epoch
Loss:[0.00000626]
Loading 4919th epoch
Loss:[0.00000626]
Loading 4920th epoch
Loss:[0.00000625]
Loading 4921th epoch
Loss:[0.00000625]
Loading 4922th epoch
Loss:[0.00000625]
Loading 4923th epoch
Loss:[0.00000624]
Loading 4924th epoch
Loss:[0.00000624]
Loading 4925th epoch
Loss:[0.00000623]
Loading 4926th epoch
Loss:[0.00000623]
Loading 4927th epoch
Loss:[0.00000623]
Loading 4928th epoch
Loss:[0.00000622]
Loading 4929th epoch
Loss:[0.00000622]
Loading 4930th epoch
Loss:[0.00000621]
Loading 4931th epoch
Loss:[0.00000621]
Loading 4932th epoch
Loss:[0.00000621]
Loading 4933th epoch
Loss:[0.00000620]
Loading 4934th epoch
Loss:[0.00000620]
Loading 4935th epoch
Loss:[0.00000619]
Loading 4936th epoch
Loss:[0.00000619]
Loading 4937th epoch
Loss:[0.00000619]
Loading 4938th epoch
Loss:[0.00000618]
Loading 4939th epoch
Loss:[0.00000618]
Loading 4940th epoch
Loss:[0.00000617]
Loading 4941th epoch
Loss:[0.00000617]
Loading 4942th epoch
Loss:[0.00000617]
Loading 4943th epoch
Loss:[0.00000616]
Loading 4944th epoch
Loss:[0.00000616]
Loading 4945th epoch
Loss:[0.00000616]
Loading 4946th epoch
Loss:[0.00000615]
Loading 4947th epoch
Loss:[0.00000615]
Loading 4948th epoch
Loss:[0.00000614]
Loading 4949th epoch
Loss:[0.00000614]
Loading 4950th epoch
Loss:[0.00000614]
Loading 4951th epoch
Loss:[0.00000613]
Loading 4952th epoch
Loss:[0.00000613]
Loading 4953th epoch
Loss:[0.00000612]
Loading 4954th epoch
Loss:[0.00000612]
Loading 4955th epoch
Loss:[0.00000612]
Loading 4956th epoch
Loss:[0.00000611]
Loading 4957th epoch
Loss:[0.00000611]
Loading 4958th epoch
Loss:[0.00000611]
Loading 4959th epoch
Loss:[0.00000610]
Loading 4960th epoch
Loss:[0.00000610]
Loading 4961th epoch
Loss:[0.00000609]
Loading 4962th epoch
Loss:[0.00000609]
Loading 4963th epoch
Loss:[0.00000609]
Loading 4964th epoch
Loss:[0.00000608]
Loading 4965th epoch
Loss:[0.00000608]
Loading 4966th epoch
Loss:[0.00000607]
Loading 4967th epoch
Loss:[0.00000607]
Loading 4968th epoch
Loss:[0.00000607]
Loading 4969th epoch
Loss:[0.00000606]
Loading 4970th epoch
Loss:[0.00000606]
Loading 4971th epoch
Loss:[0.00000606]
Loading 4972th epoch
Loss:[0.00000605]
Loading 4973th epoch
Loss:[0.00000605]
Loading 4974th epoch
Loss:[0.00000604]
Loading 4975th epoch
Loss:[0.00000604]
Loading 4976th epoch
Loss:[0.00000604]
Loading 4977th epoch
Loss:[0.00000603]
Loading 4978th epoch
Loss:[0.00000603]
Loading 4979th epoch
Loss:[0.00000603]
Loading 4980th epoch
Loss:[0.00000602]
Loading 4981th epoch
Loss:[0.00000602]
Loading 4982th epoch
Loss:[0.00000601]
Loading 4983th epoch
Loss:[0.00000601]
Loading 4984th epoch
Loss:[0.00000601]
Loading 4985th epoch
Loss:[0.00000600]
Loading 4986th epoch
Loss:[0.00000600]
Loading 4987th epoch
Loss:[0.00000599]
Loading 4988th epoch
Loss:[0.00000599]
Loading 4989th epoch
Loss:[0.00000599]
Loading 4990th epoch
Loss:[0.00000598]
Loading 4991th epoch
Loss:[0.00000598]
Loading 4992th epoch
Loss:[0.00000598]
Loading 4993th epoch
Loss:[0.00000597]
Loading 4994th epoch
Loss:[0.00000597]
Loading 4995th epoch
Loss:[0.00000596]
Loading 4996th epoch
Loss:[0.00000596]
Loading 4997th epoch
Loss:[0.00000596]
Loading 4998th epoch
[ReliabilityLoss] step=5000 mode=descriptor pos(mean/min/max)=0.9645/0.2441/1.0000 neg(mean/min/max)=0.6052/0.3046/0.9202 base_bce=0.000001 weighted_bce=0.000001 weighted/base=0.6863
Loss:[0.00000595]
Loading 4999th epoch
Loss:[0.00000595]
Loading 5000th epoch
Loss:[0.00000595]
Loading 5001th epoch
Loss:[0.00000594]
Loading 5002th epoch
Loss:[0.00000594]
Loading 5003th epoch
Loss:[0.00000593]
Loading 5004th epoch
Loss:[0.00000593]
Loading 5005th epoch
Loss:[0.00000593]
Loading 5006th epoch
Loss:[0.00000592]
Loading 5007th epoch
Loss:[0.00000592]
Loading 5008th epoch
Loss:[0.00000592]
Loading 5009th epoch
Loss:[0.00000591]
Loading 5010th epoch
Loss:[0.00000591]
Loading 5011th epoch
Loss:[0.00000590]
Loading 5012th epoch
Loss:[0.00000590]
Loading 5013th epoch
Loss:[0.00000590]
Loading 5014th epoch
Loss:[0.00000589]
Loading 5015th epoch
Loss:[0.00000589]
Loading 5016th epoch
Loss:[0.00000589]
Loading 5017th epoch
Loss:[0.00000588]
Loading 5018th epoch
Loss:[0.00000588]
Loading 5019th epoch
Loss:[0.00000587]
Loading 5020th epoch
Loss:[0.00000587]
Loading 5021th epoch
Loss:[0.00000587]
Loading 5022th epoch
Loss:[0.00000586]
Loading 5023th epoch
Loss:[0.00000586]
Loading 5024th epoch
Loss:[0.00000586]
Loading 5025th epoch
Loss:[0.00000585]
Loading 5026th epoch
Loss:[0.00000585]
Loading 5027th epoch
Loss:[0.00000584]
Loading 5028th epoch
Loss:[0.00000584]
Loading 5029th epoch
Loss:[0.00000584]
Loading 5030th epoch
Loss:[0.00000583]
Loading 5031th epoch
Loss:[0.00000583]
Loading 5032th epoch
Loss:[0.00000583]
Loading 5033th epoch
Loss:[0.00000582]
Loading 5034th epoch
Loss:[0.00000582]
Loading 5035th epoch
Loss:[0.00000581]
Loading 5036th epoch
Loss:[0.00000581]
Loading 5037th epoch
Loss:[0.00000581]
Loading 5038th epoch
Loss:[0.00000580]
Loading 5039th epoch
Loss:[0.00000580]
Loading 5040th epoch
Loss:[0.00000580]
Loading 5041th epoch
Loss:[0.00000579]
Loading 5042th epoch
Loss:[0.00000579]
Loading 5043th epoch
Loss:[0.00000579]
Loading 5044th epoch
Loss:[0.00000578]
Loading 5045th epoch
Loss:[0.00000578]
Loading 5046th epoch
Loss:[0.00000577]
Loading 5047th epoch
Loss:[0.00000577]
Loading 5048th epoch
Loss:[0.00000577]
Loading 5049th epoch
Loss:[0.00000576]
Loading 5050th epoch
Loss:[0.00000576]
Loading 5051th epoch
Loss:[0.00000576]
Loading 5052th epoch
Loss:[0.00000575]
Loading 5053th epoch
Loss:[0.00000575]
Loading 5054th epoch
Loss:[0.00000575]
Loading 5055th epoch
Loss:[0.00000574]
Loading 5056th epoch
Loss:[0.00000574]
Loading 5057th epoch
Loss:[0.00000573]
Loading 5058th epoch
Loss:[0.00000573]
Loading 5059th epoch
Loss:[0.00000573]
Loading 5060th epoch
Loss:[0.00000572]
Loading 5061th epoch
Loss:[0.00000572]
Loading 5062th epoch
Loss:[0.00000572]
Loading 5063th epoch
Loss:[0.00000571]
Loading 5064th epoch
Loss:[0.00000571]
Loading 5065th epoch
Loss:[0.00000571]
Loading 5066th epoch
Loss:[0.00000570]
Loading 5067th epoch
Loss:[0.00000570]
Loading 5068th epoch
Loss:[0.00000569]
Loading 5069th epoch
Loss:[0.00000569]
Loading 5070th epoch
Loss:[0.00000569]
Loading 5071th epoch
Loss:[0.00000568]
Loading 5072th epoch
Loss:[0.00000568]
Loading 5073th epoch
Loss:[0.00000568]
Loading 5074th epoch
Loss:[0.00000567]
Loading 5075th epoch
Loss:[0.00000567]
Loading 5076th epoch
Loss:[0.00000567]
Loading 5077th epoch
Loss:[0.00000566]
Loading 5078th epoch
Loss:[0.00000566]
Loading 5079th epoch
Loss:[0.00000566]
Loading 5080th epoch
Loss:[0.00000565]
Loading 5081th epoch
Loss:[0.00000565]
Loading 5082th epoch
Loss:[0.00000565]
Loading 5083th epoch
Loss:[0.00000564]
Loading 5084th epoch
Loss:[0.00000564]
Loading 5085th epoch
Loss:[0.00000564]
Loading 5086th epoch
Loss:[0.00000563]
Loading 5087th epoch
Loss:[0.00000563]
Loading 5088th epoch
Loss:[0.00000562]
Loading 5089th epoch
Loss:[0.00000562]
Loading 5090th epoch
Loss:[0.00000562]
Loading 5091th epoch
Loss:[0.00000561]
Loading 5092th epoch
Loss:[0.00000561]
Loading 5093th epoch
Loss:[0.00000561]
Loading 5094th epoch
Loss:[0.00000560]
Loading 5095th epoch
Loss:[0.00000560]
Loading 5096th epoch
Loss:[0.00000560]
Loading 5097th epoch
Loss:[0.00000559]
Loading 5098th epoch
Loss:[0.00000559]
Loading 5099th epoch
Loss:[0.00000559]
Loading 5100th epoch
Loss:[0.00000558]
Loading 5101th epoch
Loss:[0.00000558]
Loading 5102th epoch
Loss:[0.00000558]
Loading 5103th epoch
Loss:[0.00000557]
Loading 5104th epoch
Loss:[0.00000557]
Loading 5105th epoch
Loss:[0.00000557]
Loading 5106th epoch
Loss:[0.00000556]
Loading 5107th epoch
Loss:[0.00000556]
Loading 5108th epoch
Loss:[0.00000556]
Loading 5109th epoch
Loss:[0.00000555]
Loading 5110th epoch
Loss:[0.00000555]
Loading 5111th epoch
Loss:[0.00000554]
Loading 5112th epoch
Loss:[0.00000554]
Loading 5113th epoch
Loss:[0.00000554]
Loading 5114th epoch
Loss:[0.00000553]
Loading 5115th epoch
Loss:[0.00000553]
Loading 5116th epoch
Loss:[0.00000553]
Loading 5117th epoch
Loss:[0.00000552]
Loading 5118th epoch
Loss:[0.00000552]
Loading 5119th epoch
Loss:[0.00000552]
Loading 5120th epoch
Loss:[0.00000551]
Loading 5121th epoch
Loss:[0.00000551]
Loading 5122th epoch
Loss:[0.00000551]
Loading 5123th epoch
Loss:[0.00000550]
Loading 5124th epoch
Loss:[0.00000550]
Loading 5125th epoch
Loss:[0.00000550]
Loading 5126th epoch
Loss:[0.00000549]
Loading 5127th epoch
Loss:[0.00000549]
Loading 5128th epoch
Loss:[0.00000549]
Loading 5129th epoch
Loss:[0.00000548]
Loading 5130th epoch
Loss:[0.00000548]
Loading 5131th epoch
Loss:[0.00000548]
Loading 5132th epoch
Loss:[0.00000547]
Loading 5133th epoch
Loss:[0.00000547]
Loading 5134th epoch
Loss:[0.00000546]
Loading 5135th epoch
Loss:[0.00000546]
Loading 5136th epoch
Loss:[0.00000546]
Loading 5137th epoch
Loss:[0.00000545]
Loading 5138th epoch
Loss:[0.00000545]
Loading 5139th epoch
Loss:[0.00000545]
Loading 5140th epoch
Loss:[0.00000544]
Loading 5141th epoch
Loss:[0.00000544]
Loading 5142th epoch
Loss:[0.00000544]
Loading 5143th epoch
Loss:[0.00000543]
Loading 5144th epoch
Loss:[0.00000543]
Loading 5145th epoch
Loss:[0.00000543]
Loading 5146th epoch
Loss:[0.00000542]
Loading 5147th epoch
Loss:[0.00000542]
Loading 5148th epoch
Loss:[0.00000542]
Loading 5149th epoch
Loss:[0.00000541]
Loading 5150th epoch
Loss:[0.00000541]
Loading 5151th epoch
Loss:[0.00000541]
Loading 5152th epoch
Loss:[0.00000540]
Loading 5153th epoch
Loss:[0.00000540]
Loading 5154th epoch
Loss:[0.00000540]
Loading 5155th epoch
Loss:[0.00000539]
Loading 5156th epoch
Loss:[0.00000539]
Loading 5157th epoch
Loss:[0.00000539]
Loading 5158th epoch
Loss:[0.00000538]
Loading 5159th epoch
Loss:[0.00000538]
Loading 5160th epoch
Loss:[0.00000538]
Loading 5161th epoch
Loss:[0.00000537]
Loading 5162th epoch
Loss:[0.00000537]
Loading 5163th epoch
Loss:[0.00000537]
Loading 5164th epoch
Loss:[0.00000536]
Loading 5165th epoch
Loss:[0.00000536]
Loading 5166th epoch
Loss:[0.00000536]
Loading 5167th epoch
Loss:[0.00000535]
Loading 5168th epoch
Loss:[0.00000535]
Loading 5169th epoch
Loss:[0.00000535]
Loading 5170th epoch
Loss:[0.00000534]
Loading 5171th epoch
Loss:[0.00000534]
Loading 5172th epoch
Loss:[0.00000534]
Loading 5173th epoch
Loss:[0.00000533]
Loading 5174th epoch
Loss:[0.00000533]
Loading 5175th epoch
Loss:[0.00000533]
Loading 5176th epoch
Loss:[0.00000532]
Loading 5177th epoch
Loss:[0.00000532]
Loading 5178th epoch
Loss:[0.00000532]
Loading 5179th epoch
Loss:[0.00000531]
Loading 5180th epoch
Loss:[0.00000531]
Loading 5181th epoch
Loss:[0.00000531]
Loading 5182th epoch
Loss:[0.00000530]
Loading 5183th epoch
Loss:[0.00000530]
Loading 5184th epoch
Loss:[0.00000530]
Loading 5185th epoch
Loss:[0.00000529]
Loading 5186th epoch
Loss:[0.00000529]
Loading 5187th epoch
Loss:[0.00000529]
Loading 5188th epoch
Loss:[0.00000528]
Loading 5189th epoch
Loss:[0.00000528]
Loading 5190th epoch
Loss:[0.00000528]
Loading 5191th epoch
Loss:[0.00000527]
Loading 5192th epoch
Loss:[0.00000527]
Loading 5193th epoch
Loss:[0.00000527]
Loading 5194th epoch
Loss:[0.00000526]
Loading 5195th epoch
Loss:[0.00000526]
Loading 5196th epoch
Loss:[0.00000526]
Loading 5197th epoch
Loss:[0.00000525]
Loading 5198th epoch
Loss:[0.00000525]
Loading 5199th epoch
Loss:[0.00000525]
Loading 5200th epoch
Loss:[0.00000524]
Loading 5201th epoch
Loss:[0.00000524]
Loading 5202th epoch
Loss:[0.00000524]
Loading 5203th epoch
Loss:[0.00000524]
Loading 5204th epoch
Loss:[0.00000523]
Loading 5205th epoch
Loss:[0.00000523]
Loading 5206th epoch
Loss:[0.00000523]
Loading 5207th epoch
Loss:[0.00000522]
Loading 5208th epoch
Loss:[0.00000522]
Loading 5209th epoch
Loss:[0.00000522]
Loading 5210th epoch
Loss:[0.00000521]
Loading 5211th epoch
Loss:[0.00000521]
Loading 5212th epoch
Loss:[0.00000521]
Loading 5213th epoch
Loss:[0.00000520]
Loading 5214th epoch
Loss:[0.00000520]
Loading 5215th epoch
Loss:[0.00000520]
Loading 5216th epoch
Loss:[0.00000519]
Loading 5217th epoch
Loss:[0.00000519]
Loading 5218th epoch
Loss:[0.00000519]
Loading 5219th epoch
Loss:[0.00000518]
Loading 5220th epoch
Loss:[0.00000518]
Loading 5221th epoch
Loss:[0.00000518]
Loading 5222th epoch
Loss:[0.00000517]
Loading 5223th epoch
Loss:[0.00000517]
Loading 5224th epoch
Loss:[0.00000517]
Loading 5225th epoch
Loss:[0.00000516]
Loading 5226th epoch
Loss:[0.00000516]
Loading 5227th epoch
Loss:[0.00000516]
Loading 5228th epoch
Loss:[0.00000515]
Loading 5229th epoch
Loss:[0.00000515]
Loading 5230th epoch
Loss:[0.00000515]
Loading 5231th epoch
Loss:[0.00000514]
Loading 5232th epoch
Loss:[0.00000514]
Loading 5233th epoch
Loss:[0.00000514]
Loading 5234th epoch
Loss:[0.00000513]
Loading 5235th epoch
Loss:[0.00000513]
Loading 5236th epoch
Loss:[0.00000513]
Loading 5237th epoch
Loss:[0.00000512]
Loading 5238th epoch
Loss:[0.00000512]
Loading 5239th epoch
Loss:[0.00000512]
Loading 5240th epoch
Loss:[0.00000511]
Loading 5241th epoch
Loss:[0.00000511]
Loading 5242th epoch
Loss:[0.00000511]
Loading 5243th epoch
Loss:[0.00000511]
Loading 5244th epoch
Loss:[0.00000510]
Loading 5245th epoch
Loss:[0.00000510]
Loading 5246th epoch
Loss:[0.00000510]
Loading 5247th epoch
Loss:[0.00000509]
Loading 5248th epoch
Loss:[0.00000509]
Loading 5249th epoch
Loss:[0.00000509]
Loading 5250th epoch
Loss:[0.00000508]
Loading 5251th epoch
Loss:[0.00000508]
Loading 5252th epoch
Loss:[0.00000508]
Loading 5253th epoch
Loss:[0.00000507]
Loading 5254th epoch
Loss:[0.00000507]
Loading 5255th epoch
Loss:[0.00000507]
Loading 5256th epoch
Loss:[0.00000507]
Loading 5257th epoch
Loss:[0.00000506]
Loading 5258th epoch
Loss:[0.00000506]
Loading 5259th epoch
Loss:[0.00000506]
Loading 5260th epoch
Loss:[0.00000505]
Loading 5261th epoch
Loss:[0.00000505]
Loading 5262th epoch
Loss:[0.00000505]
Loading 5263th epoch
Loss:[0.00000504]
Loading 5264th epoch
Loss:[0.00000504]
Loading 5265th epoch
Loss:[0.00000504]
Loading 5266th epoch
Loss:[0.00000503]
Loading 5267th epoch
Loss:[0.00000503]
Loading 5268th epoch
Loss:[0.00000503]
Loading 5269th epoch
Loss:[0.00000503]
Loading 5270th epoch
Loss:[0.00000502]
Loading 5271th epoch
Loss:[0.00000502]
Loading 5272th epoch
Loss:[0.00000502]
Loading 5273th epoch
Loss:[0.00000501]
Loading 5274th epoch
Loss:[0.00000501]
Loading 5275th epoch
Loss:[0.00000501]
Loading 5276th epoch
Loss:[0.00000500]
Loading 5277th epoch
Loss:[0.00000500]
Loading 5278th epoch
Loss:[0.00000500]
Loading 5279th epoch
Loss:[0.00000499]
Loading 5280th epoch
Loss:[0.00000499]
Loading 5281th epoch
Loss:[0.00000499]
Loading 5282th epoch
Loss:[0.00000498]
Loading 5283th epoch
Loss:[0.00000498]
Loading 5284th epoch
Loss:[0.00000498]
Loading 5285th epoch
Loss:[0.00000497]
Loading 5286th epoch
Loss:[0.00000497]
Loading 5287th epoch
Loss:[0.00000497]
Loading 5288th epoch
Loss:[0.00000496]
Loading 5289th epoch
Loss:[0.00000496]
Loading 5290th epoch
Loss:[0.00000496]
Loading 5291th epoch
Loss:[0.00000496]
Loading 5292th epoch
Loss:[0.00000495]
Loading 5293th epoch
Loss:[0.00000495]
Loading 5294th epoch
Loss:[0.00000495]
Loading 5295th epoch
Loss:[0.00000494]
Loading 5296th epoch
Loss:[0.00000494]
Loading 5297th epoch
Loss:[0.00000494]
Loading 5298th epoch
Loss:[0.00000493]
Loading 5299th epoch
Loss:[0.00000493]
Loading 5300th epoch
Loss:[0.00000493]
Loading 5301th epoch
Loss:[0.00000492]
Loading 5302th epoch
Loss:[0.00000492]
Loading 5303th epoch
Loss:[0.00000492]
Loading 5304th epoch
Loss:[0.00000492]
Loading 5305th epoch
Loss:[0.00000491]
Loading 5306th epoch
Loss:[0.00000491]
Loading 5307th epoch
Loss:[0.00000491]
Loading 5308th epoch
Loss:[0.00000490]
Loading 5309th epoch
Loss:[0.00000490]
Loading 5310th epoch
Loss:[0.00000490]
Loading 5311th epoch
Loss:[0.00000489]
Loading 5312th epoch
Loss:[0.00000489]
Loading 5313th epoch
Loss:[0.00000489]
Loading 5314th epoch
Loss:[0.00000489]
Loading 5315th epoch
Loss:[0.00000488]
Loading 5316th epoch
Loss:[0.00000488]
Loading 5317th epoch
Loss:[0.00000488]
Loading 5318th epoch
Loss:[0.00000487]
Loading 5319th epoch
Loss:[0.00000487]
Loading 5320th epoch
Loss:[0.00000487]
Loading 5321th epoch
Loss:[0.00000486]
Loading 5322th epoch
Loss:[0.00000486]
Loading 5323th epoch
Loss:[0.00000486]
Loading 5324th epoch
Loss:[0.00000486]
Loading 5325th epoch
Loss:[0.00000485]
Loading 5326th epoch
Loss:[0.00000485]
Loading 5327th epoch
Loss:[0.00000485]
Loading 5328th epoch
Loss:[0.00000484]
Loading 5329th epoch
Loss:[0.00000484]
Loading 5330th epoch
Loss:[0.00000484]
Loading 5331th epoch
Loss:[0.00000483]
Loading 5332th epoch
Loss:[0.00000483]
Loading 5333th epoch
Loss:[0.00000483]
Loading 5334th epoch
Loss:[0.00000483]
Loading 5335th epoch
Loss:[0.00000482]
Loading 5336th epoch
Loss:[0.00000482]
Loading 5337th epoch
Loss:[0.00000482]
Loading 5338th epoch
Loss:[0.00000481]
Loading 5339th epoch
Loss:[0.00000481]
Loading 5340th epoch
Loss:[0.00000481]
Loading 5341th epoch
Loss:[0.00000480]
Loading 5342th epoch
Loss:[0.00000480]
Loading 5343th epoch
Loss:[0.00000480]
Loading 5344th epoch
Loss:[0.00000480]
Loading 5345th epoch
Loss:[0.00000479]
Loading 5346th epoch
Loss:[0.00000479]
Loading 5347th epoch
Loss:[0.00000479]
Loading 5348th epoch
Loss:[0.00000478]
Loading 5349th epoch
Loss:[0.00000478]
Loading 5350th epoch
Loss:[0.00000478]
Loading 5351th epoch
Loss:[0.00000477]
Loading 5352th epoch
Loss:[0.00000477]
Loading 5353th epoch
Loss:[0.00000477]
Loading 5354th epoch
Loss:[0.00000477]
Loading 5355th epoch
Loss:[0.00000476]
Loading 5356th epoch
Loss:[0.00000476]
Loading 5357th epoch
Loss:[0.00000476]
Loading 5358th epoch
Loss:[0.00000475]
Loading 5359th epoch
Loss:[0.00000475]
Loading 5360th epoch
Loss:[0.00000475]
Loading 5361th epoch
Loss:[0.00000475]
Loading 5362th epoch
Loss:[0.00000474]
Loading 5363th epoch
Loss:[0.00000474]
Loading 5364th epoch
Loss:[0.00000474]
Loading 5365th epoch
Loss:[0.00000473]
Loading 5366th epoch
Loss:[0.00000473]
Loading 5367th epoch
Loss:[0.00000473]
Loading 5368th epoch
Loss:[0.00000472]
Loading 5369th epoch
Loss:[0.00000472]
Loading 5370th epoch
Loss:[0.00000472]
Loading 5371th epoch
Loss:[0.00000472]
Loading 5372th epoch
Loss:[0.00000471]
Loading 5373th epoch
Loss:[0.00000471]
Loading 5374th epoch
Loss:[0.00000471]
Loading 5375th epoch
Loss:[0.00000470]
Loading 5376th epoch
Loss:[0.00000470]
Loading 5377th epoch
Loss:[0.00000470]
Loading 5378th epoch
Loss:[0.00000470]
Loading 5379th epoch
Loss:[0.00000469]
Loading 5380th epoch
Loss:[0.00000469]
Loading 5381th epoch
Loss:[0.00000469]
Loading 5382th epoch
Loss:[0.00000468]
Loading 5383th epoch
Loss:[0.00000468]
Loading 5384th epoch
Loss:[0.00000468]
Loading 5385th epoch
Loss:[0.00000468]
Loading 5386th epoch
Loss:[0.00000467]
Loading 5387th epoch
Loss:[0.00000467]
Loading 5388th epoch
Loss:[0.00000467]
Loading 5389th epoch
Loss:[0.00000466]
Loading 5390th epoch
Loss:[0.00000466]
Loading 5391th epoch
Loss:[0.00000466]
Loading 5392th epoch
Loss:[0.00000465]
Loading 5393th epoch
Loss:[0.00000465]
Loading 5394th epoch
Loss:[0.00000465]
Loading 5395th epoch
Loss:[0.00000465]
Loading 5396th epoch
Loss:[0.00000464]
Loading 5397th epoch
Loss:[0.00000464]
Loading 5398th epoch
Loss:[0.00000464]
Loading 5399th epoch
Loss:[0.00000463]
Loading 5400th epoch
Loss:[0.00000463]
Loading 5401th epoch
Loss:[0.00000463]
Loading 5402th epoch
Loss:[0.00000463]
Loading 5403th epoch
Loss:[0.00000462]
Loading 5404th epoch
Loss:[0.00000462]
Loading 5405th epoch
Loss:[0.00000462]
Loading 5406th epoch
Loss:[0.00000462]
Loading 5407th epoch
Loss:[0.00000461]
Loading 5408th epoch
Loss:[0.00000461]
Loading 5409th epoch
Loss:[0.00000461]
Loading 5410th epoch
Loss:[0.00000460]
Loading 5411th epoch
Loss:[0.00000460]
Loading 5412th epoch
Loss:[0.00000460]
Loading 5413th epoch
Loss:[0.00000460]
Loading 5414th epoch
Loss:[0.00000459]
Loading 5415th epoch
Loss:[0.00000459]
Loading 5416th epoch
Loss:[0.00000459]
Loading 5417th epoch
Loss:[0.00000458]
Loading 5418th epoch
Loss:[0.00000458]
Loading 5419th epoch
Loss:[0.00000458]
Loading 5420th epoch
Loss:[0.00000458]
Loading 5421th epoch
Loss:[0.00000457]
Loading 5422th epoch
Loss:[0.00000457]
Loading 5423th epoch
Loss:[0.00000457]
Loading 5424th epoch
Loss:[0.00000456]
Loading 5425th epoch
Loss:[0.00000456]
Loading 5426th epoch
Loss:[0.00000456]
Loading 5427th epoch
Loss:[0.00000456]
Loading 5428th epoch
Loss:[0.00000455]
Loading 5429th epoch
Loss:[0.00000455]
Loading 5430th epoch
Loss:[0.00000455]
Loading 5431th epoch
Loss:[0.00000454]
Loading 5432th epoch
Loss:[0.00000454]
Loading 5433th epoch
Loss:[0.00000454]
Loading 5434th epoch
Loss:[0.00000454]
Loading 5435th epoch
Loss:[0.00000453]
Loading 5436th epoch
Loss:[0.00000453]
Loading 5437th epoch
Loss:[0.00000453]
Loading 5438th epoch
Loss:[0.00000453]
Loading 5439th epoch
Loss:[0.00000452]
Loading 5440th epoch
Loss:[0.00000452]
Loading 5441th epoch
Loss:[0.00000452]
Loading 5442th epoch
Loss:[0.00000451]
Loading 5443th epoch
Loss:[0.00000451]
Loading 5444th epoch
Loss:[0.00000451]
Loading 5445th epoch
Loss:[0.00000451]
Loading 5446th epoch
Loss:[0.00000450]
Loading 5447th epoch
Loss:[0.00000450]
Loading 5448th epoch
Loss:[0.00000450]
Loading 5449th epoch
Loss:[0.00000449]
Loading 5450th epoch
Loss:[0.00000449]
Loading 5451th epoch
Loss:[0.00000449]
Loading 5452th epoch
Loss:[0.00000449]
Loading 5453th epoch
Loss:[0.00000448]
Loading 5454th epoch
Loss:[0.00000448]
Loading 5455th epoch
Loss:[0.00000448]
Loading 5456th epoch
Loss:[0.00000448]
Loading 5457th epoch
Loss:[0.00000447]
Loading 5458th epoch
Loss:[0.00000447]
Loading 5459th epoch
Loss:[0.00000447]
Loading 5460th epoch
Loss:[0.00000446]
Loading 5461th epoch
Loss:[0.00000446]
Loading 5462th epoch
Loss:[0.00000446]
Loading 5463th epoch
Loss:[0.00000446]
Loading 5464th epoch
Loss:[0.00000445]
Loading 5465th epoch
Loss:[0.00000445]
Loading 5466th epoch
Loss:[0.00000445]
Loading 5467th epoch
Loss:[0.00000445]
Loading 5468th epoch
Loss:[0.00000444]
Loading 5469th epoch
Loss:[0.00000444]
Loading 5470th epoch
Loss:[0.00000444]
Loading 5471th epoch
Loss:[0.00000443]
Loading 5472th epoch
Loss:[0.00000443]
Loading 5473th epoch
Loss:[0.00000443]
Loading 5474th epoch
Loss:[0.00000443]
Loading 5475th epoch
Loss:[0.00000442]
Loading 5476th epoch
Loss:[0.00000442]
Loading 5477th epoch
Loss:[0.00000442]
Loading 5478th epoch
Loss:[0.00000442]
Loading 5479th epoch
Loss:[0.00000441]
Loading 5480th epoch
Loss:[0.00000441]
Loading 5481th epoch
Loss:[0.00000441]
Loading 5482th epoch
Loss:[0.00000440]
Loading 5483th epoch
Loss:[0.00000440]
Loading 5484th epoch
Loss:[0.00000440]
Loading 5485th epoch
Loss:[0.00000440]
Loading 5486th epoch
Loss:[0.00000439]
Loading 5487th epoch
Loss:[0.00000439]
Loading 5488th epoch
Loss:[0.00000439]
Loading 5489th epoch
Loss:[0.00000439]
Loading 5490th epoch
Loss:[0.00000438]
Loading 5491th epoch
Loss:[0.00000438]
Loading 5492th epoch
Loss:[0.00000438]
Loading 5493th epoch
Loss:[0.00000437]
Loading 5494th epoch
Loss:[0.00000437]
Loading 5495th epoch
Loss:[0.00000437]
Loading 5496th epoch
Loss:[0.00000437]
Loading 5497th epoch
Loss:[0.00000436]
Loading 5498th epoch
[ReliabilityLoss] step=5500 mode=descriptor pos(mean/min/max)=0.9645/0.2441/1.0000 neg(mean/min/max)=0.6053/0.3046/0.9202 base_bce=0.000001 weighted_bce=0.000001 weighted/base=0.6866
Loss:[0.00000436]
Loading 5499th epoch
Loss:[0.00000436]
Loading 5500th epoch
Loss:[0.00000436]
Loading 5501th epoch
Loss:[0.00000435]
Loading 5502th epoch
Loss:[0.00000435]
Loading 5503th epoch
Loss:[0.00000435]
Loading 5504th epoch
Loss:[0.00000435]
Loading 5505th epoch
Loss:[0.00000434]
Loading 5506th epoch
Loss:[0.00000434]
Loading 5507th epoch
Loss:[0.00000434]
Loading 5508th epoch
Loss:[0.00000433]
Loading 5509th epoch
Loss:[0.00000433]
Loading 5510th epoch
Loss:[0.00000433]
Loading 5511th epoch
Loss:[0.00000433]
Loading 5512th epoch
Loss:[0.00000432]
Loading 5513th epoch
Loss:[0.00000432]
Loading 5514th epoch
Loss:[0.00000432]
Loading 5515th epoch
Loss:[0.00000432]
Loading 5516th epoch
Loss:[0.00000431]
Loading 5517th epoch
Loss:[0.00000431]
Loading 5518th epoch
Loss:[0.00000431]
Loading 5519th epoch
Loss:[0.00000431]
Loading 5520th epoch
Loss:[0.00000430]
Loading 5521th epoch
Loss:[0.00000430]
Loading 5522th epoch
Loss:[0.00000430]
Loading 5523th epoch
Loss:[0.00000430]
Loading 5524th epoch
Loss:[0.00000429]
Loading 5525th epoch
Loss:[0.00000429]
Loading 5526th epoch
Loss:[0.00000429]
Loading 5527th epoch
Loss:[0.00000429]
Loading 5528th epoch
Loss:[0.00000428]
Loading 5529th epoch
Loss:[0.00000428]
Loading 5530th epoch
Loss:[0.00000428]
Loading 5531th epoch
Loss:[0.00000428]
Loading 5532th epoch
Loss:[0.00000427]
Loading 5533th epoch
Loss:[0.00000427]
Loading 5534th epoch
Loss:[0.00000427]
Loading 5535th epoch
Loss:[0.00000426]
Loading 5536th epoch
Loss:[0.00000426]
Loading 5537th epoch
Loss:[0.00000426]
Loading 5538th epoch
Loss:[0.00000426]
Loading 5539th epoch
Loss:[0.00000425]
Loading 5540th epoch
Loss:[0.00000425]
Loading 5541th epoch
Loss:[0.00000425]
Loading 5542th epoch
Loss:[0.00000425]
Loading 5543th epoch
Loss:[0.00000424]
Loading 5544th epoch
Loss:[0.00000424]
Loading 5545th epoch
Loss:[0.00000424]
Loading 5546th epoch
Loss:[0.00000423]
Loading 5547th epoch
Loss:[0.00000423]
Loading 5548th epoch
Loss:[0.00000423]
Loading 5549th epoch
Loss:[0.00000423]
Loading 5550th epoch
Loss:[0.00000423]
Loading 5551th epoch
Loss:[0.00000422]
Loading 5552th epoch
Loss:[0.00000422]
Loading 5553th epoch
Loss:[0.00000422]
Loading 5554th epoch
Loss:[0.00000421]
Loading 5555th epoch
Loss:[0.00000421]
Loading 5556th epoch
Loss:[0.00000421]
Loading 5557th epoch
Loss:[0.00000421]
Loading 5558th epoch
Loss:[0.00000421]
Loading 5559th epoch
Loss:[0.00000420]
Loading 5560th epoch
Loss:[0.00000420]
Loading 5561th epoch
Loss:[0.00000420]
Loading 5562th epoch
Loss:[0.00000420]
Loading 5563th epoch
Loss:[0.00000419]
Loading 5564th epoch
Loss:[0.00000419]
Loading 5565th epoch
Loss:[0.00000419]
Loading 5566th epoch
Loss:[0.00000418]
Loading 5567th epoch
Loss:[0.00000418]
Loading 5568th epoch
Loss:[0.00000418]
Loading 5569th epoch
Loss:[0.00000418]
Loading 5570th epoch
Loss:[0.00000417]
Loading 5571th epoch
Loss:[0.00000417]
Loading 5572th epoch
Loss:[0.00000417]
Loading 5573th epoch
Loss:[0.00000417]
Loading 5574th epoch
Loss:[0.00000416]
Loading 5575th epoch
Loss:[0.00000416]
Loading 5576th epoch
Loss:[0.00000416]
Loading 5577th epoch
Loss:[0.00000416]
Loading 5578th epoch
Loss:[0.00000415]
Loading 5579th epoch
Loss:[0.00000415]
Loading 5580th epoch
Loss:[0.00000415]
Loading 5581th epoch
Loss:[0.00000415]
Loading 5582th epoch
Loss:[0.00000414]
Loading 5583th epoch
Loss:[0.00000414]
Loading 5584th epoch
Loss:[0.00000414]
Loading 5585th epoch
Loss:[0.00000414]
Loading 5586th epoch
Loss:[0.00000413]
Loading 5587th epoch
Loss:[0.00000413]
Loading 5588th epoch
Loss:[0.00000413]
Loading 5589th epoch
Loss:[0.00000413]
Loading 5590th epoch
Loss:[0.00000412]
Loading 5591th epoch
Loss:[0.00000412]
Loading 5592th epoch
Loss:[0.00000412]
Loading 5593th epoch
Loss:[0.00000412]
Loading 5594th epoch
Loss:[0.00000411]
Loading 5595th epoch
Loss:[0.00000411]
Loading 5596th epoch
Loss:[0.00000411]
Loading 5597th epoch
Loss:[0.00000411]
Loading 5598th epoch
Loss:[0.00000410]
Loading 5599th epoch
Loss:[0.00000410]
Loading 5600th epoch
Loss:[0.00000410]
Loading 5601th epoch
Loss:[0.00000410]
Loading 5602th epoch
Loss:[0.00000409]
Loading 5603th epoch
Loss:[0.00000409]
Loading 5604th epoch
Loss:[0.00000409]
Loading 5605th epoch
Loss:[0.00000408]
Loading 5606th epoch
Loss:[0.00000408]
Loading 5607th epoch
Loss:[0.00000408]
Loading 5608th epoch
Loss:[0.00000408]
Loading 5609th epoch
Loss:[0.00000408]
Loading 5610th epoch
Loss:[0.00000407]
Loading 5611th epoch
Loss:[0.00000407]
Loading 5612th epoch
Loss:[0.00000407]
Loading 5613th epoch
Loss:[0.00000407]
Loading 5614th epoch
Loss:[0.00000406]
Loading 5615th epoch
Loss:[0.00000406]
Loading 5616th epoch
Loss:[0.00000406]
Loading 5617th epoch
Loss:[0.00000406]
Loading 5618th epoch
Loss:[0.00000405]
Loading 5619th epoch
Loss:[0.00000405]
Loading 5620th epoch
Loss:[0.00000405]
Loading 5621th epoch
Loss:[0.00000405]
Loading 5622th epoch
Loss:[0.00000404]
Loading 5623th epoch
Loss:[0.00000404]
Loading 5624th epoch
Loss:[0.00000404]
Loading 5625th epoch
Loss:[0.00000404]
Loading 5626th epoch
Loss:[0.00000403]
Loading 5627th epoch
Loss:[0.00000403]
Loading 5628th epoch
Loss:[0.00000403]
Loading 5629th epoch
Loss:[0.00000403]
Loading 5630th epoch
Loss:[0.00000402]
Loading 5631th epoch
Loss:[0.00000402]
Loading 5632th epoch
Loss:[0.00000402]
Loading 5633th epoch
Loss:[0.00000402]
Loading 5634th epoch
Loss:[0.00000401]
Loading 5635th epoch
Loss:[0.00000401]
Loading 5636th epoch
Loss:[0.00000401]
Loading 5637th epoch
Loss:[0.00000401]
Loading 5638th epoch
Loss:[0.00000400]
Loading 5639th epoch
Loss:[0.00000400]
Loading 5640th epoch
Loss:[0.00000400]
Loading 5641th epoch
Loss:[0.00000400]
Loading 5642th epoch
Loss:[0.00000399]
Loading 5643th epoch
Loss:[0.00000399]
Loading 5644th epoch
Loss:[0.00000399]
Loading 5645th epoch
Loss:[0.00000399]
Loading 5646th epoch
Loss:[0.00000398]
Loading 5647th epoch
Loss:[0.00000398]
Loading 5648th epoch
Loss:[0.00000398]
Loading 5649th epoch
Loss:[0.00000398]
Loading 5650th epoch
Loss:[0.00000397]
Loading 5651th epoch
Loss:[0.00000397]
Loading 5652th epoch
Loss:[0.00000397]
Loading 5653th epoch
Loss:[0.00000397]
Loading 5654th epoch
Loss:[0.00000396]
Loading 5655th epoch
Loss:[0.00000396]
Loading 5656th epoch
Loss:[0.00000396]
Loading 5657th epoch
Loss:[0.00000396]
Loading 5658th epoch
Loss:[0.00000395]
Loading 5659th epoch
Loss:[0.00000395]
Loading 5660th epoch
Loss:[0.00000395]
Loading 5661th epoch
Loss:[0.00000395]
Loading 5662th epoch
Loss:[0.00000395]
Loading 5663th epoch
Loss:[0.00000394]
Loading 5664th epoch
Loss:[0.00000394]
Loading 5665th epoch
Loss:[0.00000394]
Loading 5666th epoch
Loss:[0.00000394]
Loading 5667th epoch
Loss:[0.00000393]
Loading 5668th epoch
Loss:[0.00000393]
Loading 5669th epoch
Loss:[0.00000393]
Loading 5670th epoch
Loss:[0.00000393]
Loading 5671th epoch
Loss:[0.00000392]
Loading 5672th epoch
Loss:[0.00000392]
Loading 5673th epoch
Loss:[0.00000392]
Loading 5674th epoch
Loss:[0.00000392]
Loading 5675th epoch
Loss:[0.00000391]
Loading 5676th epoch
Loss:[0.00000391]
Loading 5677th epoch
Loss:[0.00000391]
Loading 5678th epoch
Loss:[0.00000391]
Loading 5679th epoch
Loss:[0.00000390]
Loading 5680th epoch
Loss:[0.00000390]
Loading 5681th epoch
Loss:[0.00000390]
Loading 5682th epoch
Loss:[0.00000390]
Loading 5683th epoch
Loss:[0.00000389]
Loading 5684th epoch
Loss:[0.00000389]
Loading 5685th epoch
Loss:[0.00000389]
Loading 5686th epoch
Loss:[0.00000389]
Loading 5687th epoch
Loss:[0.00000388]
Loading 5688th epoch
Loss:[0.00000388]
Loading 5689th epoch
Loss:[0.00000388]
Loading 5690th epoch
Loss:[0.00000388]
Loading 5691th epoch
Loss:[0.00000388]
Loading 5692th epoch
Loss:[0.00000387]
Loading 5693th epoch
Loss:[0.00000387]
Loading 5694th epoch
Loss:[0.00000387]
Loading 5695th epoch
Loss:[0.00000387]
Loading 5696th epoch
Loss:[0.00000386]
Loading 5697th epoch
Loss:[0.00000386]
Loading 5698th epoch
Loss:[0.00000386]
Loading 5699th epoch
Loss:[0.00000386]
Loading 5700th epoch
Loss:[0.00000385]
Loading 5701th epoch
Loss:[0.00000385]
Loading 5702th epoch
Loss:[0.00000385]
Loading 5703th epoch
Loss:[0.00000385]
Loading 5704th epoch
Loss:[0.00000385]
Loading 5705th epoch
Loss:[0.00000384]
Loading 5706th epoch
Loss:[0.00000384]
Loading 5707th epoch
Loss:[0.00000384]
Loading 5708th epoch
Loss:[0.00000384]
Loading 5709th epoch
Loss:[0.00000383]
Loading 5710th epoch
Loss:[0.00000383]
Loading 5711th epoch
Loss:[0.00000383]
Loading 5712th epoch
Loss:[0.00000383]
Loading 5713th epoch
Loss:[0.00000382]
Loading 5714th epoch
Loss:[0.00000382]
Loading 5715th epoch
Loss:[0.00000382]
Loading 5716th epoch
Loss:[0.00000382]
Loading 5717th epoch
Loss:[0.00000382]
Loading 5718th epoch
Loss:[0.00000381]
Loading 5719th epoch
Loss:[0.00000381]
Loading 5720th epoch
Loss:[0.00000381]
Loading 5721th epoch
Loss:[0.00000381]
Loading 5722th epoch
Loss:[0.00000380]
Loading 5723th epoch
Loss:[0.00000380]
Loading 5724th epoch
Loss:[0.00000380]
Loading 5725th epoch
Loss:[0.00000380]
Loading 5726th epoch
Loss:[0.00000380]
Loading 5727th epoch
Loss:[0.00000379]
Loading 5728th epoch
Loss:[0.00000379]
Loading 5729th epoch
Loss:[0.00000379]
Loading 5730th epoch
Loss:[0.00000379]
Loading 5731th epoch
Loss:[0.00000378]
Loading 5732th epoch
Loss:[0.00000378]
Loading 5733th epoch
Loss:[0.00000378]
Loading 5734th epoch
Loss:[0.00000378]
Loading 5735th epoch
Loss:[0.00000378]
Loading 5736th epoch
Loss:[0.00000377]
Loading 5737th epoch
Loss:[0.00000377]
Loading 5738th epoch
Loss:[0.00000377]
Loading 5739th epoch
Loss:[0.00000377]
Loading 5740th epoch
Loss:[0.00000376]
Loading 5741th epoch
Loss:[0.00000376]
Loading 5742th epoch
Loss:[0.00000376]
Loading 5743th epoch
Loss:[0.00000376]
Loading 5744th epoch
Loss:[0.00000375]
Loading 5745th epoch
Loss:[0.00000375]
Loading 5746th epoch
Loss:[0.00000375]
Loading 5747th epoch
Loss:[0.00000375]
Loading 5748th epoch
Loss:[0.00000374]
Loading 5749th epoch
Loss:[0.00000374]
Loading 5750th epoch
Loss:[0.00000374]
Loading 5751th epoch
Loss:[0.00000374]
Loading 5752th epoch
Loss:[0.00000374]
Loading 5753th epoch
Loss:[0.00000373]
Loading 5754th epoch
Loss:[0.00000373]
Loading 5755th epoch
Loss:[0.00000373]
Loading 5756th epoch
Loss:[0.00000373]
Loading 5757th epoch
Loss:[0.00000372]
Loading 5758th epoch
Loss:[0.00000372]
Loading 5759th epoch
Loss:[0.00000372]
Loading 5760th epoch
Loss:[0.00000372]
Loading 5761th epoch
Loss:[0.00000372]
Loading 5762th epoch
Loss:[0.00000371]
Loading 5763th epoch
Loss:[0.00000371]
Loading 5764th epoch
Loss:[0.00000371]
Loading 5765th epoch
Loss:[0.00000371]
Loading 5766th epoch
Loss:[0.00000370]
Loading 5767th epoch
Loss:[0.00000370]
Loading 5768th epoch
Loss:[0.00000370]
Loading 5769th epoch
Loss:[0.00000370]
Loading 5770th epoch
Loss:[0.00000370]
Loading 5771th epoch
Loss:[0.00000369]
Loading 5772th epoch
Loss:[0.00000369]
Loading 5773th epoch
Loss:[0.00000369]
Loading 5774th epoch
Loss:[0.00000369]
Loading 5775th epoch
Loss:[0.00000368]
Loading 5776th epoch
Loss:[0.00000368]
Loading 5777th epoch
Loss:[0.00000368]
Loading 5778th epoch
Loss:[0.00000368]
Loading 5779th epoch
Loss:[0.00000368]
Loading 5780th epoch
Loss:[0.00000367]
Loading 5781th epoch
Loss:[0.00000367]
Loading 5782th epoch
Loss:[0.00000367]
Loading 5783th epoch
Loss:[0.00000367]
Loading 5784th epoch
Loss:[0.00000366]
Loading 5785th epoch
Loss:[0.00000366]
Loading 5786th epoch
Loss:[0.00000366]
Loading 5787th epoch
Loss:[0.00000366]
Loading 5788th epoch
Loss:[0.00000366]
Loading 5789th epoch
Loss:[0.00000365]
Loading 5790th epoch
Loss:[0.00000365]
Loading 5791th epoch
Loss:[0.00000365]
Loading 5792th epoch
Loss:[0.00000365]
Loading 5793th epoch
Loss:[0.00000364]
Loading 5794th epoch
Loss:[0.00000364]
Loading 5795th epoch
Loss:[0.00000364]
Loading 5796th epoch
Loss:[0.00000364]
Loading 5797th epoch
Loss:[0.00000364]
Loading 5798th epoch
Loss:[0.00000363]
Loading 5799th epoch
Loss:[0.00000363]
Loading 5800th epoch
Loss:[0.00000363]
Loading 5801th epoch
Loss:[0.00000363]
Loading 5802th epoch
Loss:[0.00000362]
Loading 5803th epoch
Loss:[0.00000362]
Loading 5804th epoch
Loss:[0.00000362]
Loading 5805th epoch
Loss:[0.00000362]
Loading 5806th epoch
Loss:[0.00000362]
Loading 5807th epoch
Loss:[0.00000361]
Loading 5808th epoch
Loss:[0.00000361]
Loading 5809th epoch
Loss:[0.00000361]
Loading 5810th epoch
Loss:[0.00000361]
Loading 5811th epoch
Loss:[0.00000361]
Loading 5812th epoch
Loss:[0.00000360]
Loading 5813th epoch
Loss:[0.00000360]
Loading 5814th epoch
Loss:[0.00000360]
Loading 5815th epoch
Loss:[0.00000360]
Loading 5816th epoch
Loss:[0.00000360]
Loading 5817th epoch
Loss:[0.00000359]
Loading 5818th epoch
Loss:[0.00000359]
Loading 5819th epoch
Loss:[0.00000359]
Loading 5820th epoch
Loss:[0.00000359]
Loading 5821th epoch
Loss:[0.00000358]
Loading 5822th epoch
Loss:[0.00000358]
Loading 5823th epoch
Loss:[0.00000358]
Loading 5824th epoch
Loss:[0.00000358]
Loading 5825th epoch
Loss:[0.00000358]
Loading 5826th epoch
Loss:[0.00000357]
Loading 5827th epoch
Loss:[0.00000357]
Loading 5828th epoch
Loss:[0.00000357]
Loading 5829th epoch
Loss:[0.00000357]
Loading 5830th epoch
Loss:[0.00000356]
Loading 5831th epoch
Loss:[0.00000356]
Loading 5832th epoch
Loss:[0.00000356]
Loading 5833th epoch
Loss:[0.00000356]
Loading 5834th epoch
Loss:[0.00000356]
Loading 5835th epoch
Loss:[0.00000355]
Loading 5836th epoch
Loss:[0.00000355]
Loading 5837th epoch
Loss:[0.00000355]
Loading 5838th epoch
Loss:[0.00000355]
Loading 5839th epoch
Loss:[0.00000355]
Loading 5840th epoch
Loss:[0.00000354]
Loading 5841th epoch
Loss:[0.00000354]
Loading 5842th epoch
Loss:[0.00000354]
Loading 5843th epoch
Loss:[0.00000354]
Loading 5844th epoch
Loss:[0.00000353]
Loading 5845th epoch
Loss:[0.00000353]
Loading 5846th epoch
Loss:[0.00000353]
Loading 5847th epoch
Loss:[0.00000353]
Loading 5848th epoch
Loss:[0.00000353]
Loading 5849th epoch
Loss:[0.00000352]
Loading 5850th epoch
Loss:[0.00000352]
Loading 5851th epoch
Loss:[0.00000352]
Loading 5852th epoch
Loss:[0.00000352]
Loading 5853th epoch
Loss:[0.00000352]
Loading 5854th epoch
Loss:[0.00000351]
Loading 5855th epoch
Loss:[0.00000351]
Loading 5856th epoch
Loss:[0.00000351]
Loading 5857th epoch
Loss:[0.00000351]
Loading 5858th epoch
Loss:[0.00000351]
Loading 5859th epoch
Loss:[0.00000350]
Loading 5860th epoch
Loss:[0.00000350]
Loading 5861th epoch
Loss:[0.00000350]
Loading 5862th epoch
Loss:[0.00000350]
Loading 5863th epoch
Loss:[0.00000349]
Loading 5864th epoch
Loss:[0.00000349]
Loading 5865th epoch
Loss:[0.00000349]
Loading 5866th epoch
Loss:[0.00000349]
Loading 5867th epoch
Loss:[0.00000349]
Loading 5868th epoch
Loss:[0.00000348]
Loading 5869th epoch
Loss:[0.00000348]
Loading 5870th epoch
Loss:[0.00000348]
Loading 5871th epoch
Loss:[0.00000348]
Loading 5872th epoch
Loss:[0.00000348]
Loading 5873th epoch
Loss:[0.00000347]
Loading 5874th epoch
Loss:[0.00000347]
Loading 5875th epoch
Loss:[0.00000347]
Loading 5876th epoch
Loss:[0.00000347]
Loading 5877th epoch
Loss:[0.00000346]
Loading 5878th epoch
Loss:[0.00000346]
Loading 5879th epoch
Loss:[0.00000346]
Loading 5880th epoch
Loss:[0.00000346]
Loading 5881th epoch
Loss:[0.00000346]
Loading 5882th epoch
Loss:[0.00000345]
Loading 5883th epoch
Loss:[0.00000345]
Loading 5884th epoch
Loss:[0.00000345]
Loading 5885th epoch
Loss:[0.00000345]
Loading 5886th epoch
Loss:[0.00000345]
Loading 5887th epoch
Loss:[0.00000344]
Loading 5888th epoch
Loss:[0.00000344]
Loading 5889th epoch
Loss:[0.00000344]
Loading 5890th epoch
Loss:[0.00000344]
Loading 5891th epoch
Loss:[0.00000344]
Loading 5892th epoch
Loss:[0.00000343]
Loading 5893th epoch
Loss:[0.00000343]
Loading 5894th epoch
Loss:[0.00000343]
Loading 5895th epoch
Loss:[0.00000343]
Loading 5896th epoch
Loss:[0.00000343]
Loading 5897th epoch
Loss:[0.00000342]
Loading 5898th epoch
Loss:[0.00000342]
Loading 5899th epoch
Loss:[0.00000342]
Loading 5900th epoch
Loss:[0.00000342]
Loading 5901th epoch
Loss:[0.00000342]
Loading 5902th epoch
Loss:[0.00000341]
Loading 5903th epoch
Loss:[0.00000341]
Loading 5904th epoch
Loss:[0.00000341]
Loading 5905th epoch
Loss:[0.00000341]
Loading 5906th epoch
Loss:[0.00000340]
Loading 5907th epoch
Loss:[0.00000340]
Loading 5908th epoch
Loss:[0.00000340]
Loading 5909th epoch
Loss:[0.00000340]
Loading 5910th epoch
Loss:[0.00000340]
Loading 5911th epoch
Loss:[0.00000339]
Loading 5912th epoch
Loss:[0.00000339]
Loading 5913th epoch
Loss:[0.00000339]
Loading 5914th epoch
Loss:[0.00000339]
Loading 5915th epoch
Loss:[0.00000339]
Loading 5916th epoch
Loss:[0.00000338]
Loading 5917th epoch
Loss:[0.00000338]
Loading 5918th epoch
Loss:[0.00000338]
Loading 5919th epoch
Loss:[0.00000338]
Loading 5920th epoch
Loss:[0.00000338]
Loading 5921th epoch
Loss:[0.00000338]
Loading 5922th epoch
Loss:[0.00000337]
Loading 5923th epoch
Loss:[0.00000337]
Loading 5924th epoch
Loss:[0.00000337]
Loading 5925th epoch
Loss:[0.00000337]
Loading 5926th epoch
Loss:[0.00000336]
Loading 5927th epoch
Loss:[0.00000336]
Loading 5928th epoch
Loss:[0.00000336]
Loading 5929th epoch
Loss:[0.00000336]
Loading 5930th epoch
Loss:[0.00000336]
Loading 5931th epoch
Loss:[0.00000336]
Loading 5932th epoch
Loss:[0.00000335]
Loading 5933th epoch
Loss:[0.00000335]
Loading 5934th epoch
Loss:[0.00000335]
Loading 5935th epoch
Loss:[0.00000335]
Loading 5936th epoch
Loss:[0.00000334]
Loading 5937th epoch
Loss:[0.00000334]
Loading 5938th epoch
Loss:[0.00000334]
Loading 5939th epoch
Loss:[0.00000334]
Loading 5940th epoch
Loss:[0.00000334]
Loading 5941th epoch
Loss:[0.00000333]
Loading 5942th epoch
Loss:[0.00000333]
Loading 5943th epoch
Loss:[0.00000333]
Loading 5944th epoch
Loss:[0.00000333]
Loading 5945th epoch
Loss:[0.00000333]
Loading 5946th epoch
Loss:[0.00000332]
Loading 5947th epoch
Loss:[0.00000332]
Loading 5948th epoch
Loss:[0.00000332]
Loading 5949th epoch
Loss:[0.00000332]
Loading 5950th epoch
Loss:[0.00000332]
Loading 5951th epoch
Loss:[0.00000331]
Loading 5952th epoch
Loss:[0.00000331]
Loading 5953th epoch
Loss:[0.00000331]
Loading 5954th epoch
Loss:[0.00000331]
Loading 5955th epoch
Loss:[0.00000331]
Loading 5956th epoch
Loss:[0.00000330]
Loading 5957th epoch
Loss:[0.00000330]
Loading 5958th epoch
Loss:[0.00000330]
Loading 5959th epoch
Loss:[0.00000330]
Loading 5960th epoch
Loss:[0.00000330]
Loading 5961th epoch
Loss:[0.00000329]
Loading 5962th epoch
Loss:[0.00000329]
Loading 5963th epoch
Loss:[0.00000329]
Loading 5964th epoch
Loss:[0.00000329]
Loading 5965th epoch
Loss:[0.00000329]
Loading 5966th epoch
Loss:[0.00000328]
Loading 5967th epoch
Loss:[0.00000328]
Loading 5968th epoch
Loss:[0.00000328]
Loading 5969th epoch
Loss:[0.00000328]
Loading 5970th epoch
Loss:[0.00000328]
Loading 5971th epoch
Loss:[0.00000327]
Loading 5972th epoch
Loss:[0.00000327]
Loading 5973th epoch
Loss:[0.00000327]
Loading 5974th epoch
Loss:[0.00000327]
Loading 5975th epoch
Loss:[0.00000327]
Loading 5976th epoch
Loss:[0.00000326]
Loading 5977th epoch
Loss:[0.00000326]
Loading 5978th epoch
Loss:[0.00000326]
Loading 5979th epoch
Loss:[0.00000326]
Loading 5980th epoch
Loss:[0.00000326]
Loading 5981th epoch
Loss:[0.00000326]
Loading 5982th epoch
Loss:[0.00000325]
Loading 5983th epoch
Loss:[0.00000325]
Loading 5984th epoch
Loss:[0.00000325]
Loading 5985th epoch
Loss:[0.00000325]
Loading 5986th epoch
Loss:[0.00000325]
Loading 5987th epoch
Loss:[0.00000324]
Loading 5988th epoch
Loss:[0.00000324]
Loading 5989th epoch
Loss:[0.00000324]
Loading 5990th epoch
Loss:[0.00000324]
Loading 5991th epoch
Loss:[0.00000324]
Loading 5992th epoch
Loss:[0.00000323]
Loading 5993th epoch
Loss:[0.00000323]
Loading 5994th epoch
Loss:[0.00000323]
Loading 5995th epoch
Loss:[0.00000323]
Loading 5996th epoch
Loss:[0.00000323]
Loading 5997th epoch
Loss:[0.00000322]
Loading 5998th epoch
[ReliabilityLoss] step=6000 mode=descriptor pos(mean/min/max)=0.9645/0.2441/1.0000 neg(mean/min/max)=0.6053/0.3046/0.9202 base_bce=0.000001 weighted_bce=0.000001 weighted/base=0.6870
Loss:[0.00000322]
Loading 5999th epoch
Loss:[0.00000322]
Loading 6000th epoch
Loss:[0.00000322]
Loading 6001th epoch
Loss:[0.00000322]
Loading 6002th epoch
Loss:[0.00000321]
Loading 6003th epoch
Loss:[0.00000321]
Loading 6004th epoch
Loss:[0.00000321]
Loading 6005th epoch
Loss:[0.00000321]
Loading 6006th epoch
Loss:[0.00000321]
Loading 6007th epoch
Loss:[0.00000320]
Loading 6008th epoch
Loss:[0.00000320]
Loading 6009th epoch
Loss:[0.00000320]
Loading 6010th epoch
Loss:[0.00000320]
Loading 6011th epoch
Loss:[0.00000320]
Loading 6012th epoch
Loss:[0.00000320]
Loading 6013th epoch
Loss:[0.00000319]
Loading 6014th epoch
Loss:[0.00000319]
Loading 6015th epoch
Loss:[0.00000319]
Loading 6016th epoch
Loss:[0.00000319]
Loading 6017th epoch
Loss:[0.00000319]
Loading 6018th epoch
Loss:[0.00000318]
Loading 6019th epoch
Loss:[0.00000318]
Loading 6020th epoch
Loss:[0.00000318]
Loading 6021th epoch
Loss:[0.00000318]
Loading 6022th epoch
Loss:[0.00000318]
Loading 6023th epoch
Loss:[0.00000317]
Loading 6024th epoch
Loss:[0.00000317]
Loading 6025th epoch
Loss:[0.00000317]
Loading 6026th epoch
Loss:[0.00000317]
Loading 6027th epoch
Loss:[0.00000317]
Loading 6028th epoch
Loss:[0.00000316]
Loading 6029th epoch
Loss:[0.00000316]
Loading 6030th epoch
Loss:[0.00000316]
Loading 6031th epoch
Loss:[0.00000316]
Loading 6032th epoch
Loss:[0.00000316]
Loading 6033th epoch
Loss:[0.00000316]
Loading 6034th epoch
Loss:[0.00000315]
Loading 6035th epoch
Loss:[0.00000315]
Loading 6036th epoch
Loss:[0.00000315]
Loading 6037th epoch
Loss:[0.00000315]
Loading 6038th epoch
Loss:[0.00000315]
Loading 6039th epoch
Loss:[0.00000314]
Loading 6040th epoch
Loss:[0.00000314]
Loading 6041th epoch
Loss:[0.00000314]
Loading 6042th epoch
Loss:[0.00000314]
Loading 6043th epoch
Loss:[0.00000314]
Loading 6044th epoch
Loss:[0.00000313]
Loading 6045th epoch
Loss:[0.00000313]
Loading 6046th epoch
Loss:[0.00000313]
Loading 6047th epoch
Loss:[0.00000313]
Loading 6048th epoch
Loss:[0.00000313]
Loading 6049th epoch
Loss:[0.00000313]
Loading 6050th epoch
Loss:[0.00000312]
Loading 6051th epoch
Loss:[0.00000312]
Loading 6052th epoch
Loss:[0.00000312]
Loading 6053th epoch
Loss:[0.00000312]
Loading 6054th epoch
Loss:[0.00000312]
Loading 6055th epoch
Loss:[0.00000311]
Loading 6056th epoch
Loss:[0.00000311]
Loading 6057th epoch
Loss:[0.00000311]
Loading 6058th epoch
Loss:[0.00000311]
Loading 6059th epoch
Loss:[0.00000311]
Loading 6060th epoch
Loss:[0.00000310]
Loading 6061th epoch
Loss:[0.00000310]
Loading 6062th epoch
Loss:[0.00000310]
Loading 6063th epoch
Loss:[0.00000310]
Loading 6064th epoch
Loss:[0.00000310]
Loading 6065th epoch
Loss:[0.00000310]
Loading 6066th epoch
Loss:[0.00000309]
Loading 6067th epoch
Loss:[0.00000309]
Loading 6068th epoch
Loss:[0.00000309]
Loading 6069th epoch
Loss:[0.00000309]
Loading 6070th epoch
Loss:[0.00000309]
Loading 6071th epoch
Loss:[0.00000308]
Loading 6072th epoch
Loss:[0.00000308]
Loading 6073th epoch
Loss:[0.00000308]
Loading 6074th epoch
Loss:[0.00000308]
Loading 6075th epoch
Loss:[0.00000308]
Loading 6076th epoch
Loss:[0.00000308]
Loading 6077th epoch
Loss:[0.00000307]
Loading 6078th epoch
Loss:[0.00000307]
Loading 6079th epoch
Loss:[0.00000307]
Loading 6080th epoch
Loss:[0.00000307]
Loading 6081th epoch
Loss:[0.00000307]
Loading 6082th epoch
Loss:[0.00000306]
Loading 6083th epoch
Loss:[0.00000306]
Loading 6084th epoch
Loss:[0.00000306]
Loading 6085th epoch
Loss:[0.00000306]
Loading 6086th epoch
Loss:[0.00000306]
Loading 6087th epoch
Loss:[0.00000305]
Loading 6088th epoch
Loss:[0.00000305]
Loading 6089th epoch
Loss:[0.00000305]
Loading 6090th epoch
Loss:[0.00000305]
Loading 6091th epoch
Loss:[0.00000305]
Loading 6092th epoch
Loss:[0.00000305]
Loading 6093th epoch
Loss:[0.00000304]
Loading 6094th epoch
Loss:[0.00000304]
Loading 6095th epoch
Loss:[0.00000304]
Loading 6096th epoch
Loss:[0.00000304]
Loading 6097th epoch
Loss:[0.00000304]
Loading 6098th epoch
Loss:[0.00000303]
Loading 6099th epoch
Loss:[0.00000303]
Loading 6100th epoch
Loss:[0.00000303]
Loading 6101th epoch
Loss:[0.00000303]
Loading 6102th epoch
Loss:[0.00000303]
Loading 6103th epoch
Loss:[0.00000303]
Loading 6104th epoch
Loss:[0.00000302]
Loading 6105th epoch
Loss:[0.00000302]
Loading 6106th epoch
Loss:[0.00000302]
Loading 6107th epoch
Loss:[0.00000302]
Loading 6108th epoch
Loss:[0.00000302]
Loading 6109th epoch
Loss:[0.00000301]
Loading 6110th epoch
Loss:[0.00000301]
Loading 6111th epoch
Loss:[0.00000301]
Loading 6112th epoch
Loss:[0.00000301]
Loading 6113th epoch
Loss:[0.00000301]
Loading 6114th epoch
Loss:[0.00000301]
Loading 6115th epoch
Loss:[0.00000300]
Loading 6116th epoch
Loss:[0.00000300]
Loading 6117th epoch
Loss:[0.00000300]
Loading 6118th epoch
Loss:[0.00000300]
Loading 6119th epoch
Loss:[0.00000300]
Loading 6120th epoch
Loss:[0.00000300]
Loading 6121th epoch
Loss:[0.00000299]
Loading 6122th epoch
Loss:[0.00000299]
Loading 6123th epoch
Loss:[0.00000299]
Loading 6124th epoch
Loss:[0.00000299]
Loading 6125th epoch
Loss:[0.00000299]
Loading 6126th epoch
Loss:[0.00000298]
Loading 6127th epoch
Loss:[0.00000298]
Loading 6128th epoch
Loss:[0.00000298]
Loading 6129th epoch
Loss:[0.00000298]
Loading 6130th epoch
Loss:[0.00000298]
Loading 6131th epoch
Loss:[0.00000298]
Loading 6132th epoch
Loss:[0.00000297]
Loading 6133th epoch
Loss:[0.00000297]
Loading 6134th epoch
Loss:[0.00000297]
Loading 6135th epoch
Loss:[0.00000297]
Loading 6136th epoch
Loss:[0.00000297]
Loading 6137th epoch
Loss:[0.00000296]
Loading 6138th epoch
Loss:[0.00000296]
Loading 6139th epoch
Loss:[0.00000296]
Loading 6140th epoch
Loss:[0.00000296]
Loading 6141th epoch
Loss:[0.00000296]
Loading 6142th epoch
Loss:[0.00000296]
Loading 6143th epoch
Loss:[0.00000295]
Loading 6144th epoch
Loss:[0.00000295]
Loading 6145th epoch
Loss:[0.00000295]
Loading 6146th epoch
Loss:[0.00000295]
Loading 6147th epoch
Loss:[0.00000295]
Loading 6148th epoch
Loss:[0.00000294]
Loading 6149th epoch
Loss:[0.00000294]
Loading 6150th epoch
Loss:[0.00000294]
Loading 6151th epoch
Loss:[0.00000294]
Loading 6152th epoch
Loss:[0.00000294]
Loading 6153th epoch
Loss:[0.00000294]
Loading 6154th epoch
Loss:[0.00000293]
Loading 6155th epoch
Loss:[0.00000293]
Loading 6156th epoch
Loss:[0.00000293]
Loading 6157th epoch
Loss:[0.00000293]
Loading 6158th epoch
Loss:[0.00000293]
Loading 6159th epoch
Loss:[0.00000293]
Loading 6160th epoch
Loss:[0.00000292]
Loading 6161th epoch
Loss:[0.00000292]
Loading 6162th epoch
Loss:[0.00000292]
Loading 6163th epoch
Loss:[0.00000292]
Loading 6164th epoch
Loss:[0.00000292]
Loading 6165th epoch
Loss:[0.00000291]
Loading 6166th epoch
Loss:[0.00000291]
Loading 6167th epoch
Loss:[0.00000291]
Loading 6168th epoch
Loss:[0.00000291]
Loading 6169th epoch
Loss:[0.00000291]
Loading 6170th epoch
Loss:[0.00000291]
Loading 6171th epoch
Loss:[0.00000290]
Loading 6172th epoch
Loss:[0.00000290]
Loading 6173th epoch
Loss:[0.00000290]
Loading 6174th epoch
Loss:[0.00000290]
Loading 6175th epoch
Loss:[0.00000290]
Loading 6176th epoch
Loss:[0.00000290]
Loading 6177th epoch
Loss:[0.00000289]
Loading 6178th epoch
Loss:[0.00000289]
Loading 6179th epoch
Loss:[0.00000289]
Loading 6180th epoch
Loss:[0.00000289]
Loading 6181th epoch
Loss:[0.00000289]
Loading 6182th epoch
Loss:[0.00000289]
Loading 6183th epoch
Loss:[0.00000288]
Loading 6184th epoch
Loss:[0.00000288]
Loading 6185th epoch
Loss:[0.00000288]
Loading 6186th epoch
Loss:[0.00000288]
Loading 6187th epoch
Loss:[0.00000288]
Loading 6188th epoch
Loss:[0.00000288]
Loading 6189th epoch
Loss:[0.00000287]
Loading 6190th epoch
Loss:[0.00000287]
Loading 6191th epoch
Loss:[0.00000287]
Loading 6192th epoch
Loss:[0.00000287]
Loading 6193th epoch
Loss:[0.00000287]
Loading 6194th epoch
Loss:[0.00000287]
Loading 6195th epoch
Loss:[0.00000286]
Loading 6196th epoch
Loss:[0.00000286]
Loading 6197th epoch
Loss:[0.00000286]
Loading 6198th epoch
Loss:[0.00000286]
Loading 6199th epoch
Loss:[0.00000286]
Loading 6200th epoch
Loss:[0.00000285]
Loading 6201th epoch
Loss:[0.00000285]
Loading 6202th epoch
Loss:[0.00000285]
Loading 6203th epoch
Loss:[0.00000285]
Loading 6204th epoch
Loss:[0.00000285]
Loading 6205th epoch
Loss:[0.00000285]
Loading 6206th epoch
Loss:[0.00000285]
Loading 6207th epoch
Loss:[0.00000284]
Loading 6208th epoch
Loss:[0.00000284]
Loading 6209th epoch
Loss:[0.00000284]
Loading 6210th epoch
Loss:[0.00000284]
Loading 6211th epoch
Loss:[0.00000284]
Loading 6212th epoch
Loss:[0.00000284]
Loading 6213th epoch
Loss:[0.00000283]
Loading 6214th epoch
Loss:[0.00000283]
Loading 6215th epoch
Loss:[0.00000283]
Loading 6216th epoch
Loss:[0.00000283]
Loading 6217th epoch
Loss:[0.00000283]
Loading 6218th epoch
Loss:[0.00000283]
Loading 6219th epoch
Loss:[0.00000282]
Loading 6220th epoch
Loss:[0.00000282]
Loading 6221th epoch
Loss:[0.00000282]
Loading 6222th epoch
Loss:[0.00000282]
Loading 6223th epoch
Loss:[0.00000282]
Loading 6224th epoch
Loss:[0.00000282]
Loading 6225th epoch
Loss:[0.00000281]
Loading 6226th epoch
Loss:[0.00000281]
Loading 6227th epoch
Loss:[0.00000281]
Loading 6228th epoch
Loss:[0.00000281]
Loading 6229th epoch
Loss:[0.00000281]
Loading 6230th epoch
Loss:[0.00000281]
Loading 6231th epoch
Loss:[0.00000280]
Loading 6232th epoch
Loss:[0.00000280]
Loading 6233th epoch
Loss:[0.00000280]
Loading 6234th epoch
Loss:[0.00000280]
Loading 6235th epoch
Loss:[0.00000280]
Loading 6236th epoch
Loss:[0.00000280]
Loading 6237th epoch
Loss:[0.00000279]
Loading 6238th epoch
Loss:[0.00000279]
Loading 6239th epoch
Loss:[0.00000279]
Loading 6240th epoch
Loss:[0.00000279]
Loading 6241th epoch
Loss:[0.00000279]
Loading 6242th epoch
Loss:[0.00000279]
Loading 6243th epoch
Loss:[0.00000278]
Loading 6244th epoch
Loss:[0.00000278]
Loading 6245th epoch
Loss:[0.00000278]
Loading 6246th epoch
Loss:[0.00000278]
Loading 6247th epoch
Loss:[0.00000278]
Loading 6248th epoch
Loss:[0.00000278]
Loading 6249th epoch
Loss:[0.00000277]
Loading 6250th epoch
Loss:[0.00000277]
Loading 6251th epoch
Loss:[0.00000277]
Loading 6252th epoch
Loss:[0.00000277]
Loading 6253th epoch
Loss:[0.00000277]
Loading 6254th epoch
Loss:[0.00000277]
Loading 6255th epoch
Loss:[0.00000276]
Loading 6256th epoch
Loss:[0.00000276]
Loading 6257th epoch
Loss:[0.00000276]
Loading 6258th epoch
Loss:[0.00000276]
Loading 6259th epoch
Loss:[0.00000276]
Loading 6260th epoch
Loss:[0.00000276]
Loading 6261th epoch
Loss:[0.00000275]
Loading 6262th epoch
Loss:[0.00000275]
Loading 6263th epoch
Loss:[0.00000275]
Loading 6264th epoch
Loss:[0.00000275]
Loading 6265th epoch
Loss:[0.00000275]
Loading 6266th epoch
Loss:[0.00000275]
Loading 6267th epoch
Loss:[0.00000274]
Loading 6268th epoch
Loss:[0.00000274]
Loading 6269th epoch
Loss:[0.00000274]
Loading 6270th epoch
Loss:[0.00000274]
Loading 6271th epoch
Loss:[0.00000274]
Loading 6272th epoch
Loss:[0.00000274]
Loading 6273th epoch
Loss:[0.00000273]
Loading 6274th epoch
Loss:[0.00000273]
Loading 6275th epoch
Loss:[0.00000273]
Loading 6276th epoch
Loss:[0.00000273]
Loading 6277th epoch
Loss:[0.00000273]
Loading 6278th epoch
Loss:[0.00000273]
Loading 6279th epoch
Loss:[0.00000273]
Loading 6280th epoch
Loss:[0.00000272]
Loading 6281th epoch
Loss:[0.00000272]
Loading 6282th epoch
Loss:[0.00000272]
Loading 6283th epoch
Loss:[0.00000272]
Loading 6284th epoch
Loss:[0.00000272]
Loading 6285th epoch
Loss:[0.00000272]
Loading 6286th epoch
Loss:[0.00000271]
Loading 6287th epoch
Loss:[0.00000271]
Loading 6288th epoch
Loss:[0.00000271]
Loading 6289th epoch
Loss:[0.00000271]
Loading 6290th epoch
Loss:[0.00000271]
Loading 6291th epoch
Loss:[0.00000271]
Loading 6292th epoch
Loss:[0.00000270]
Loading 6293th epoch
Loss:[0.00000270]
Loading 6294th epoch
Loss:[0.00000270]
Loading 6295th epoch
Loss:[0.00000270]
Loading 6296th epoch
Loss:[0.00000270]
Loading 6297th epoch
Loss:[0.00000270]
Loading 6298th epoch
Loss:[0.00000269]
Loading 6299th epoch
Loss:[0.00000269]
Loading 6300th epoch
Loss:[0.00000269]
Loading 6301th epoch
Loss:[0.00000269]
Loading 6302th epoch
Loss:[0.00000269]
Loading 6303th epoch
Loss:[0.00000269]
Loading 6304th epoch
Loss:[0.00000269]
Loading 6305th epoch
Loss:[0.00000268]
Loading 6306th epoch
Loss:[0.00000268]
Loading 6307th epoch
Loss:[0.00000268]
Loading 6308th epoch
Loss:[0.00000268]
Loading 6309th epoch
Loss:[0.00000268]
Loading 6310th epoch
Loss:[0.00000268]
Loading 6311th epoch
Loss:[0.00000267]
Loading 6312th epoch
Loss:[0.00000267]
Loading 6313th epoch
Loss:[0.00000267]
Loading 6314th epoch
Loss:[0.00000267]
Loading 6315th epoch
Loss:[0.00000267]
Loading 6316th epoch
Loss:[0.00000267]
Loading 6317th epoch
Loss:[0.00000266]
Loading 6318th epoch
Loss:[0.00000266]
Loading 6319th epoch
Loss:[0.00000266]
Loading 6320th epoch
Loss:[0.00000266]
Loading 6321th epoch
Loss:[0.00000266]
Loading 6322th epoch
Loss:[0.00000266]
Loading 6323th epoch
Loss:[0.00000266]
Loading 6324th epoch
Loss:[0.00000265]
Loading 6325th epoch
Loss:[0.00000265]
Loading 6326th epoch
Loss:[0.00000265]
Loading 6327th epoch
Loss:[0.00000265]
Loading 6328th epoch
Loss:[0.00000265]
Loading 6329th epoch
Loss:[0.00000265]
Loading 6330th epoch
Loss:[0.00000264]
Loading 6331th epoch
Loss:[0.00000264]
Loading 6332th epoch
Loss:[0.00000264]
Loading 6333th epoch
Loss:[0.00000264]
Loading 6334th epoch
Loss:[0.00000264]
Loading 6335th epoch
Loss:[0.00000264]
Loading 6336th epoch
Loss:[0.00000264]
Loading 6337th epoch
Loss:[0.00000263]
Loading 6338th epoch
Loss:[0.00000263]
Loading 6339th epoch
Loss:[0.00000263]
Loading 6340th epoch
Loss:[0.00000263]
Loading 6341th epoch
Loss:[0.00000263]
Loading 6342th epoch
Loss:[0.00000263]
Loading 6343th epoch
Loss:[0.00000262]
Loading 6344th epoch
Loss:[0.00000262]
Loading 6345th epoch
Loss:[0.00000262]
Loading 6346th epoch
Loss:[0.00000262]
Loading 6347th epoch
Loss:[0.00000262]
Loading 6348th epoch
Loss:[0.00000262]
Loading 6349th epoch
Loss:[0.00000262]
Loading 6350th epoch
Loss:[0.00000261]
Loading 6351th epoch
Loss:[0.00000261]
Loading 6352th epoch
Loss:[0.00000261]
Loading 6353th epoch
Loss:[0.00000261]
Loading 6354th epoch
Loss:[0.00000261]
Loading 6355th epoch
Loss:[0.00000261]
Loading 6356th epoch
Loss:[0.00000260]
Loading 6357th epoch
Loss:[0.00000260]
Loading 6358th epoch
Loss:[0.00000260]
Loading 6359th epoch
Loss:[0.00000260]
Loading 6360th epoch
Loss:[0.00000260]
Loading 6361th epoch
Loss:[0.00000260]
Loading 6362th epoch
Loss:[0.00000259]
Loading 6363th epoch
Loss:[0.00000259]
Loading 6364th epoch
Loss:[0.00000259]
Loading 6365th epoch
Loss:[0.00000259]
Loading 6366th epoch
Loss:[0.00000259]
Loading 6367th epoch
Loss:[0.00000259]
Loading 6368th epoch
Loss:[0.00000259]
Loading 6369th epoch
Loss:[0.00000258]
Loading 6370th epoch
Loss:[0.00000258]
Loading 6371th epoch
Loss:[0.00000258]
Loading 6372th epoch
Loss:[0.00000258]
Loading 6373th epoch
Loss:[0.00000258]
Loading 6374th epoch
Loss:[0.00000258]
Loading 6375th epoch
Loss:[0.00000258]
Loading 6376th epoch
Loss:[0.00000257]
Loading 6377th epoch
Loss:[0.00000257]
Loading 6378th epoch
Loss:[0.00000257]
Loading 6379th epoch
Loss:[0.00000257]
Loading 6380th epoch
Loss:[0.00000257]
Loading 6381th epoch
Loss:[0.00000257]
Loading 6382th epoch
Loss:[0.00000257]
Loading 6383th epoch
Loss:[0.00000256]
Loading 6384th epoch
Loss:[0.00000256]
Loading 6385th epoch
Loss:[0.00000256]
Loading 6386th epoch
Loss:[0.00000256]
Loading 6387th epoch
Loss:[0.00000256]
Loading 6388th epoch
Loss:[0.00000256]
Loading 6389th epoch
Loss:[0.00000255]
Loading 6390th epoch
Loss:[0.00000255]
Loading 6391th epoch
Loss:[0.00000255]
Loading 6392th epoch
Loss:[0.00000255]
Loading 6393th epoch
Loss:[0.00000255]
Loading 6394th epoch
Loss:[0.00000255]
Loading 6395th epoch
Loss:[0.00000255]
Loading 6396th epoch
Loss:[0.00000254]
Loading 6397th epoch
Loss:[0.00000254]
Loading 6398th epoch
Loss:[0.00000254]
Loading 6399th epoch
Loss:[0.00000254]
Loading 6400th epoch
Loss:[0.00000254]
Loading 6401th epoch
Loss:[0.00000254]
Loading 6402th epoch
Loss:[0.00000254]
Loading 6403th epoch
Loss:[0.00000253]
Loading 6404th epoch
Loss:[0.00000253]
Loading 6405th epoch
Loss:[0.00000253]
Loading 6406th epoch
Loss:[0.00000253]
Loading 6407th epoch
Loss:[0.00000253]
Loading 6408th epoch
Loss:[0.00000253]
Loading 6409th epoch
Loss:[0.00000252]
Loading 6410th epoch
Loss:[0.00000252]
Loading 6411th epoch
Loss:[0.00000252]
Loading 6412th epoch
Loss:[0.00000252]
Loading 6413th epoch
Loss:[0.00000252]
Loading 6414th epoch
Loss:[0.00000252]
Loading 6415th epoch
Loss:[0.00000252]
Loading 6416th epoch
Loss:[0.00000251]
Loading 6417th epoch
Loss:[0.00000251]
Loading 6418th epoch
Loss:[0.00000251]
Loading 6419th epoch
Loss:[0.00000251]
Loading 6420th epoch
Loss:[0.00000251]
Loading 6421th epoch
Loss:[0.00000251]
Loading 6422th epoch
Loss:[0.00000251]
Loading 6423th epoch
Loss:[0.00000250]
Loading 6424th epoch
Loss:[0.00000250]
Loading 6425th epoch
Loss:[0.00000250]
Loading 6426th epoch
Loss:[0.00000250]
Loading 6427th epoch
Loss:[0.00000250]
Loading 6428th epoch
Loss:[0.00000250]
Loading 6429th epoch
Loss:[0.00000249]
Loading 6430th epoch
Loss:[0.00000249]
Loading 6431th epoch
Loss:[0.00000249]
Loading 6432th epoch
Loss:[0.00000249]
Loading 6433th epoch
Loss:[0.00000249]
Loading 6434th epoch
Loss:[0.00000249]
Loading 6435th epoch
Loss:[0.00000249]
Loading 6436th epoch
Loss:[0.00000248]
Loading 6437th epoch
Loss:[0.00000248]
Loading 6438th epoch
Loss:[0.00000248]
Loading 6439th epoch
Loss:[0.00000248]
Loading 6440th epoch
Loss:[0.00000248]
Loading 6441th epoch
Loss:[0.00000248]
Loading 6442th epoch
Loss:[0.00000248]
Loading 6443th epoch
Loss:[0.00000247]
Loading 6444th epoch
Loss:[0.00000247]
Loading 6445th epoch
Loss:[0.00000247]
Loading 6446th epoch
Loss:[0.00000247]
Loading 6447th epoch
Loss:[0.00000247]
Loading 6448th epoch
Loss:[0.00000247]
Loading 6449th epoch
Loss:[0.00000247]
Loading 6450th epoch
Loss:[0.00000246]
Loading 6451th epoch
Loss:[0.00000246]
Loading 6452th epoch
Loss:[0.00000246]
Loading 6453th epoch
Loss:[0.00000246]
Loading 6454th epoch
Loss:[0.00000246]
Loading 6455th epoch
Loss:[0.00000246]
Loading 6456th epoch
Loss:[0.00000246]
Loading 6457th epoch
Loss:[0.00000245]
Loading 6458th epoch
Loss:[0.00000245]
Loading 6459th epoch
Loss:[0.00000245]
Loading 6460th epoch
Loss:[0.00000245]
Loading 6461th epoch
Loss:[0.00000245]
Loading 6462th epoch
Loss:[0.00000245]
Loading 6463th epoch
Loss:[0.00000245]
Loading 6464th epoch
Loss:[0.00000244]
Loading 6465th epoch
Loss:[0.00000244]
Loading 6466th epoch
Loss:[0.00000244]
Loading 6467th epoch
Loss:[0.00000244]
Loading 6468th epoch
Loss:[0.00000244]
Loading 6469th epoch
Loss:[0.00000244]
Loading 6470th epoch
Loss:[0.00000244]
Loading 6471th epoch
Loss:[0.00000243]
Loading 6472th epoch
Loss:[0.00000243]
Loading 6473th epoch
Loss:[0.00000243]
Loading 6474th epoch
Loss:[0.00000243]
Loading 6475th epoch
Loss:[0.00000243]
Loading 6476th epoch
Loss:[0.00000243]
Loading 6477th epoch
Loss:[0.00000242]
Loading 6478th epoch
Loss:[0.00000242]
Loading 6479th epoch
Loss:[0.00000242]
Loading 6480th epoch
Loss:[0.00000242]
Loading 6481th epoch
Loss:[0.00000242]
Loading 6482th epoch
Loss:[0.00000242]
Loading 6483th epoch
Loss:[0.00000242]
Loading 6484th epoch
Loss:[0.00000242]
Loading 6485th epoch
Loss:[0.00000241]
Loading 6486th epoch
Loss:[0.00000241]
Loading 6487th epoch
Loss:[0.00000241]
Loading 6488th epoch
Loss:[0.00000241]
Loading 6489th epoch
Loss:[0.00000241]
Loading 6490th epoch
Loss:[0.00000241]
Loading 6491th epoch
Loss:[0.00000241]
Loading 6492th epoch
Loss:[0.00000240]
Loading 6493th epoch
Loss:[0.00000240]
Loading 6494th epoch
Loss:[0.00000240]
Loading 6495th epoch
Loss:[0.00000240]
Loading 6496th epoch
Loss:[0.00000240]
Loading 6497th epoch
Loss:[0.00000240]
Loading 6498th epoch
[ReliabilityLoss] step=6500 mode=descriptor pos(mean/min/max)=0.9645/0.2441/1.0000 neg(mean/min/max)=0.6054/0.3046/0.9202 base_bce=0.000001 weighted_bce=0.000000 weighted/base=0.6874
Loss:[0.00000240]
Loading 6499th epoch
Loss:[0.00000240]
Loading 6500th epoch
Loss:[0.00000239]
Loading 6501th epoch
Loss:[0.00000239]
Loading 6502th epoch
Loss:[0.00000239]
Loading 6503th epoch
Loss:[0.00000239]
Loading 6504th epoch
Loss:[0.00000239]
Loading 6505th epoch
Loss:[0.00000239]
Loading 6506th epoch
Loss:[0.00000238]
Loading 6507th epoch
Loss:[0.00000238]
Loading 6508th epoch
Loss:[0.00000238]
Loading 6509th epoch
Loss:[0.00000238]
Loading 6510th epoch
Loss:[0.00000238]
Loading 6511th epoch
Loss:[0.00000238]
Loading 6512th epoch
Loss:[0.00000238]
Loading 6513th epoch
Loss:[0.00000237]
Loading 6514th epoch
Loss:[0.00000237]
Loading 6515th epoch
Loss:[0.00000237]
Loading 6516th epoch
Loss:[0.00000237]
Loading 6517th epoch
Loss:[0.00000237]
Loading 6518th epoch
Loss:[0.00000237]
Loading 6519th epoch
Loss:[0.00000237]
Loading 6520th epoch
Loss:[0.00000236]
Loading 6521th epoch
Loss:[0.00000236]
Loading 6522th epoch
Loss:[0.00000236]
Loading 6523th epoch
Loss:[0.00000236]
Loading 6524th epoch
Loss:[0.00000236]
Loading 6525th epoch
Loss:[0.00000236]
Loading 6526th epoch
Loss:[0.00000236]
Loading 6527th epoch
Loss:[0.00000235]
Loading 6528th epoch
Loss:[0.00000235]
Loading 6529th epoch
Loss:[0.00000235]
Loading 6530th epoch
Loss:[0.00000235]
Loading 6531th epoch
Loss:[0.00000235]
Loading 6532th epoch
Loss:[0.00000235]
Loading 6533th epoch
Loss:[0.00000235]
Loading 6534th epoch
Loss:[0.00000235]
Loading 6535th epoch
Loss:[0.00000234]
Loading 6536th epoch
Loss:[0.00000234]
Loading 6537th epoch
Loss:[0.00000234]
Loading 6538th epoch
Loss:[0.00000234]
Loading 6539th epoch
Loss:[0.00000234]
Loading 6540th epoch
Loss:[0.00000234]
Loading 6541th epoch
Loss:[0.00000234]
Loading 6542th epoch
Loss:[0.00000233]
Loading 6543th epoch
Loss:[0.00000233]
Loading 6544th epoch
Loss:[0.00000233]
Loading 6545th epoch
Loss:[0.00000233]
Loading 6546th epoch
Loss:[0.00000233]
Loading 6547th epoch
Loss:[0.00000233]
Loading 6548th epoch
Loss:[0.00000233]
Loading 6549th epoch
Loss:[0.00000232]
Loading 6550th epoch
Loss:[0.00000232]
Loading 6551th epoch
Loss:[0.00000232]
Loading 6552th epoch
Loss:[0.00000232]
Loading 6553th epoch
Loss:[0.00000232]
Loading 6554th epoch
Loss:[0.00000232]
Loading 6555th epoch
Loss:[0.00000232]
Loading 6556th epoch
Loss:[0.00000231]
Loading 6557th epoch
Loss:[0.00000231]
Loading 6558th epoch
Loss:[0.00000231]
Loading 6559th epoch
Loss:[0.00000231]
Loading 6560th epoch
Loss:[0.00000231]
Loading 6561th epoch
Loss:[0.00000231]
Loading 6562th epoch
Loss:[0.00000231]
Loading 6563th epoch
Loss:[0.00000231]
Loading 6564th epoch
Loss:[0.00000230]
Loading 6565th epoch
Loss:[0.00000230]
Loading 6566th epoch
Loss:[0.00000230]
Loading 6567th epoch
Loss:[0.00000230]
Loading 6568th epoch
Loss:[0.00000230]
Loading 6569th epoch
Loss:[0.00000230]
Loading 6570th epoch
Loss:[0.00000230]
Loading 6571th epoch
Loss:[0.00000229]
Loading 6572th epoch
Loss:[0.00000229]
Loading 6573th epoch
Loss:[0.00000229]
Loading 6574th epoch
Loss:[0.00000229]
Loading 6575th epoch
Loss:[0.00000229]
Loading 6576th epoch
Loss:[0.00000229]
Loading 6577th epoch
Loss:[0.00000229]
Loading 6578th epoch
Loss:[0.00000228]
Loading 6579th epoch
Loss:[0.00000228]
Loading 6580th epoch
Loss:[0.00000228]
Loading 6581th epoch
Loss:[0.00000228]
Loading 6582th epoch
Loss:[0.00000228]
Loading 6583th epoch
Loss:[0.00000228]
Loading 6584th epoch
Loss:[0.00000228]
Loading 6585th epoch
Loss:[0.00000228]
Loading 6586th epoch
Loss:[0.00000227]
Loading 6587th epoch
Loss:[0.00000227]
Loading 6588th epoch
Loss:[0.00000227]
Loading 6589th epoch
Loss:[0.00000227]
Loading 6590th epoch
Loss:[0.00000227]
Loading 6591th epoch
Loss:[0.00000227]
Loading 6592th epoch
Loss:[0.00000227]
Loading 6593th epoch
Loss:[0.00000226]
Loading 6594th epoch
Loss:[0.00000226]
Loading 6595th epoch
Loss:[0.00000226]
Loading 6596th epoch
Loss:[0.00000226]
Loading 6597th epoch
Loss:[0.00000226]
Loading 6598th epoch
Loss:[0.00000226]
Loading 6599th epoch
Loss:[0.00000226]
Loading 6600th epoch
Loss:[0.00000226]
Loading 6601th epoch
Loss:[0.00000226]
Loading 6602th epoch
Loss:[0.00000225]
Loading 6603th epoch
Loss:[0.00000225]
Loading 6604th epoch
Loss:[0.00000225]
Loading 6605th epoch
Loss:[0.00000225]
Loading 6606th epoch
Loss:[0.00000225]
Loading 6607th epoch
Loss:[0.00000225]
Loading 6608th epoch
Loss:[0.00000225]
Loading 6609th epoch
Loss:[0.00000224]
Loading 6610th epoch
Loss:[0.00000224]
Loading 6611th epoch
Loss:[0.00000224]
Loading 6612th epoch
Loss:[0.00000224]
Loading 6613th epoch
Loss:[0.00000224]
Loading 6614th epoch
Loss:[0.00000224]
Loading 6615th epoch
Loss:[0.00000224]
Loading 6616th epoch
Loss:[0.00000224]
Loading 6617th epoch
Loss:[0.00000223]
Loading 6618th epoch
Loss:[0.00000223]
Loading 6619th epoch
Loss:[0.00000223]
Loading 6620th epoch
Loss:[0.00000223]
Loading 6621th epoch
Loss:[0.00000223]
Loading 6622th epoch
Loss:[0.00000223]
Loading 6623th epoch
Loss:[0.00000223]
Loading 6624th epoch
Loss:[0.00000223]
Loading 6625th epoch
Loss:[0.00000222]
Loading 6626th epoch
Loss:[0.00000222]
Loading 6627th epoch
Loss:[0.00000222]
Loading 6628th epoch
Loss:[0.00000222]
Loading 6629th epoch
Loss:[0.00000222]
Loading 6630th epoch
Loss:[0.00000222]
Loading 6631th epoch
Loss:[0.00000222]
Loading 6632th epoch
Loss:[0.00000221]
Loading 6633th epoch
Loss:[0.00000221]
Loading 6634th epoch
Loss:[0.00000221]
Loading 6635th epoch
Loss:[0.00000221]
Loading 6636th epoch
Loss:[0.00000221]
Loading 6637th epoch
Loss:[0.00000221]
Loading 6638th epoch
Loss:[0.00000221]
Loading 6639th epoch
Loss:[0.00000221]
Loading 6640th epoch
Loss:[0.00000220]
Loading 6641th epoch
Loss:[0.00000220]
Loading 6642th epoch
Loss:[0.00000220]
Loading 6643th epoch
Loss:[0.00000220]
Loading 6644th epoch
Loss:[0.00000220]
Loading 6645th epoch
Loss:[0.00000220]
Loading 6646th epoch
Loss:[0.00000220]
Loading 6647th epoch
Loss:[0.00000220]
Loading 6648th epoch
Loss:[0.00000219]
Loading 6649th epoch
Loss:[0.00000219]
Loading 6650th epoch
Loss:[0.00000219]
Loading 6651th epoch
Loss:[0.00000219]
Loading 6652th epoch
Loss:[0.00000219]
Loading 6653th epoch
Loss:[0.00000219]
Loading 6654th epoch
Loss:[0.00000219]
Loading 6655th epoch
Loss:[0.00000218]
Loading 6656th epoch
Loss:[0.00000218]
Loading 6657th epoch
Loss:[0.00000218]
Loading 6658th epoch
Loss:[0.00000218]
Loading 6659th epoch
Loss:[0.00000218]
Loading 6660th epoch
Loss:[0.00000218]
Loading 6661th epoch
Loss:[0.00000218]
Loading 6662th epoch
Loss:[0.00000218]
Loading 6663th epoch
Loss:[0.00000218]
Loading 6664th epoch
Loss:[0.00000217]
Loading 6665th epoch
Loss:[0.00000217]
Loading 6666th epoch
Loss:[0.00000217]
Loading 6667th epoch
Loss:[0.00000217]
Loading 6668th epoch
Loss:[0.00000217]
Loading 6669th epoch
Loss:[0.00000217]
Loading 6670th epoch
Loss:[0.00000217]
Loading 6671th epoch
Loss:[0.00000216]
Loading 6672th epoch
Loss:[0.00000216]
Loading 6673th epoch
Loss:[0.00000216]
Loading 6674th epoch
Loss:[0.00000216]
Loading 6675th epoch
Loss:[0.00000216]
Loading 6676th epoch
Loss:[0.00000216]
Loading 6677th epoch
Loss:[0.00000216]
Loading 6678th epoch
Loss:[0.00000216]
Loading 6679th epoch
Loss:[0.00000216]
Loading 6680th epoch
Loss:[0.00000215]
Loading 6681th epoch
Loss:[0.00000215]
Loading 6682th epoch
Loss:[0.00000215]
Loading 6683th epoch
Loss:[0.00000215]
Loading 6684th epoch
Loss:[0.00000215]
Loading 6685th epoch
Loss:[0.00000215]
Loading 6686th epoch
Loss:[0.00000215]
Loading 6687th epoch
Loss:[0.00000215]
Loading 6688th epoch
Loss:[0.00000214]
Loading 6689th epoch
Loss:[0.00000214]
Loading 6690th epoch
Loss:[0.00000214]
Loading 6691th epoch
Loss:[0.00000214]
Loading 6692th epoch
Loss:[0.00000214]
Loading 6693th epoch
Loss:[0.00000214]
Loading 6694th epoch
Loss:[0.00000214]
Loading 6695th epoch
Loss:[0.00000214]
Loading 6696th epoch
Loss:[0.00000213]
Loading 6697th epoch
Loss:[0.00000213]
Loading 6698th epoch
Loss:[0.00000213]
Loading 6699th epoch
Loss:[0.00000213]
Loading 6700th epoch
Loss:[0.00000213]
Loading 6701th epoch
Loss:[0.00000213]
Loading 6702th epoch
Loss:[0.00000213]
Loading 6703th epoch
Loss:[0.00000213]
Loading 6704th epoch
Loss:[0.00000212]
Loading 6705th epoch
Loss:[0.00000212]
Loading 6706th epoch
Loss:[0.00000212]
Loading 6707th epoch
Loss:[0.00000212]
Loading 6708th epoch
Loss:[0.00000212]
Loading 6709th epoch
Loss:[0.00000212]
Loading 6710th epoch
Loss:[0.00000212]
Loading 6711th epoch
Loss:[0.00000212]
Loading 6712th epoch
Loss:[0.00000211]
Loading 6713th epoch
Loss:[0.00000211]
Loading 6714th epoch
Loss:[0.00000211]
Loading 6715th epoch
Loss:[0.00000211]
Loading 6716th epoch
Loss:[0.00000211]
Loading 6717th epoch
Loss:[0.00000211]
Loading 6718th epoch
Loss:[0.00000211]
Loading 6719th epoch
Loss:[0.00000211]
Loading 6720th epoch
Loss:[0.00000210]
Loading 6721th epoch
Loss:[0.00000210]
Loading 6722th epoch
Loss:[0.00000210]
Loading 6723th epoch
Loss:[0.00000210]
Loading 6724th epoch
Loss:[0.00000210]
Loading 6725th epoch
Loss:[0.00000210]
Loading 6726th epoch
Loss:[0.00000210]
Loading 6727th epoch
Loss:[0.00000210]
Loading 6728th epoch
Loss:[0.00000209]
Loading 6729th epoch
Loss:[0.00000209]
Loading 6730th epoch
Loss:[0.00000209]
Loading 6731th epoch
Loss:[0.00000209]
Loading 6732th epoch
Loss:[0.00000209]
Loading 6733th epoch
Loss:[0.00000209]
Loading 6734th epoch
Loss:[0.00000209]
Loading 6735th epoch
Loss:[0.00000209]
Loading 6736th epoch
Loss:[0.00000208]
Loading 6737th epoch
Loss:[0.00000208]
Loading 6738th epoch
Loss:[0.00000208]
Loading 6739th epoch
Loss:[0.00000208]
Loading 6740th epoch
Loss:[0.00000208]
Loading 6741th epoch
Loss:[0.00000208]
Loading 6742th epoch
Loss:[0.00000208]
Loading 6743th epoch
Loss:[0.00000208]
Loading 6744th epoch
Loss:[0.00000208]
Loading 6745th epoch
Loss:[0.00000207]
Loading 6746th epoch
Loss:[0.00000207]
Loading 6747th epoch
Loss:[0.00000207]
Loading 6748th epoch
Loss:[0.00000207]
Loading 6749th epoch
Loss:[0.00000207]
Loading 6750th epoch
Loss:[0.00000207]
Loading 6751th epoch
Loss:[0.00000207]
Loading 6752th epoch
Loss:[0.00000207]
Loading 6753th epoch
Loss:[0.00000206]
Loading 6754th epoch
Loss:[0.00000206]
Loading 6755th epoch
Loss:[0.00000206]
Loading 6756th epoch
Loss:[0.00000206]
Loading 6757th epoch
Loss:[0.00000206]
Loading 6758th epoch
Loss:[0.00000206]
Loading 6759th epoch
Loss:[0.00000206]
Loading 6760th epoch
Loss:[0.00000206]
Loading 6761th epoch
Loss:[0.00000205]
Loading 6762th epoch
Loss:[0.00000205]
Loading 6763th epoch
Loss:[0.00000205]
Loading 6764th epoch
Loss:[0.00000205]
Loading 6765th epoch
Loss:[0.00000205]
Loading 6766th epoch
Loss:[0.00000205]
Loading 6767th epoch
Loss:[0.00000205]
Loading 6768th epoch
Loss:[0.00000205]
Loading 6769th epoch
Loss:[0.00000205]
Loading 6770th epoch
Loss:[0.00000204]
Loading 6771th epoch
Loss:[0.00000204]
Loading 6772th epoch
Loss:[0.00000204]
Loading 6773th epoch
Loss:[0.00000204]
Loading 6774th epoch
Loss:[0.00000204]
Loading 6775th epoch
Loss:[0.00000204]
Loading 6776th epoch
Loss:[0.00000204]
Loading 6777th epoch
Loss:[0.00000204]
Loading 6778th epoch
Loss:[0.00000203]
Loading 6779th epoch
Loss:[0.00000203]
Loading 6780th epoch
Loss:[0.00000203]
Loading 6781th epoch
Loss:[0.00000203]
Loading 6782th epoch
Loss:[0.00000203]
Loading 6783th epoch
Loss:[0.00000203]
Loading 6784th epoch
Loss:[0.00000203]
Loading 6785th epoch
Loss:[0.00000203]
Loading 6786th epoch
Loss:[0.00000203]
Loading 6787th epoch
Loss:[0.00000202]
Loading 6788th epoch
Loss:[0.00000202]
Loading 6789th epoch
Loss:[0.00000202]
Loading 6790th epoch
Loss:[0.00000202]
Loading 6791th epoch
Loss:[0.00000202]
Loading 6792th epoch
Loss:[0.00000202]
Loading 6793th epoch
Loss:[0.00000202]
Loading 6794th epoch
Loss:[0.00000202]
Loading 6795th epoch
Loss:[0.00000202]
Loading 6796th epoch
Loss:[0.00000201]
Loading 6797th epoch
Loss:[0.00000201]
Loading 6798th epoch
Loss:[0.00000201]
Loading 6799th epoch
Loss:[0.00000201]
Loading 6800th epoch
Loss:[0.00000201]
Loading 6801th epoch
Loss:[0.00000201]
Loading 6802th epoch
Loss:[0.00000201]
Loading 6803th epoch
Loss:[0.00000201]
Loading 6804th epoch
Loss:[0.00000200]
Loading 6805th epoch
Loss:[0.00000200]
Loading 6806th epoch
Loss:[0.00000200]
Loading 6807th epoch
Loss:[0.00000200]
Loading 6808th epoch
Loss:[0.00000200]
Loading 6809th epoch
Loss:[0.00000200]
Loading 6810th epoch
Loss:[0.00000200]
Loading 6811th epoch
Loss:[0.00000200]
Loading 6812th epoch
Loss:[0.00000200]
Loading 6813th epoch
Loss:[0.00000199]
Loading 6814th epoch
Loss:[0.00000199]
Loading 6815th epoch
Loss:[0.00000199]
Loading 6816th epoch
Loss:[0.00000199]
Loading 6817th epoch
Loss:[0.00000199]
Loading 6818th epoch
Loss:[0.00000199]
Loading 6819th epoch
Loss:[0.00000199]
Loading 6820th epoch
Loss:[0.00000199]
Loading 6821th epoch
Loss:[0.00000199]
Loading 6822th epoch
Loss:[0.00000198]
Loading 6823th epoch
Loss:[0.00000198]
Loading 6824th epoch
Loss:[0.00000198]
Loading 6825th epoch
Loss:[0.00000198]
Loading 6826th epoch
Loss:[0.00000198]
Loading 6827th epoch
Loss:[0.00000198]
Loading 6828th epoch
Loss:[0.00000198]
Loading 6829th epoch
Loss:[0.00000198]
Loading 6830th epoch
Loss:[0.00000197]
Loading 6831th epoch
Loss:[0.00000197]
Loading 6832th epoch
Loss:[0.00000197]
Loading 6833th epoch
Loss:[0.00000197]
Loading 6834th epoch
Loss:[0.00000197]
Loading 6835th epoch
Loss:[0.00000197]
Loading 6836th epoch
Loss:[0.00000197]
Loading 6837th epoch
Loss:[0.00000197]
Loading 6838th epoch
Loss:[0.00000197]
Loading 6839th epoch
Loss:[0.00000196]
Loading 6840th epoch
Loss:[0.00000196]
Loading 6841th epoch
Loss:[0.00000196]
Loading 6842th epoch
Loss:[0.00000196]
Loading 6843th epoch
Loss:[0.00000196]
Loading 6844th epoch
Loss:[0.00000196]
Loading 6845th epoch
Loss:[0.00000196]
Loading 6846th epoch
Loss:[0.00000196]
Loading 6847th epoch
Loss:[0.00000195]
Loading 6848th epoch
Loss:[0.00000195]
Loading 6849th epoch
Loss:[0.00000195]
Loading 6850th epoch
Loss:[0.00000195]
Loading 6851th epoch
Loss:[0.00000195]
Loading 6852th epoch
Loss:[0.00000195]
Loading 6853th epoch
Loss:[0.00000195]
Loading 6854th epoch
Loss:[0.00000195]
Loading 6855th epoch
Loss:[0.00000195]
Loading 6856th epoch
Loss:[0.00000194]
Loading 6857th epoch
Loss:[0.00000194]
Loading 6858th epoch
Loss:[0.00000194]
Loading 6859th epoch
Loss:[0.00000194]
Loading 6860th epoch
Loss:[0.00000194]
Loading 6861th epoch
Loss:[0.00000194]
Loading 6862th epoch
Loss:[0.00000194]
Loading 6863th epoch
Loss:[0.00000194]
Loading 6864th epoch
Loss:[0.00000194]
Loading 6865th epoch
Loss:[0.00000194]
Loading 6866th epoch
Loss:[0.00000193]
Loading 6867th epoch
Loss:[0.00000193]
Loading 6868th epoch
Loss:[0.00000193]
Loading 6869th epoch
Loss:[0.00000193]
Loading 6870th epoch
Loss:[0.00000193]
Loading 6871th epoch
Loss:[0.00000193]
Loading 6872th epoch
Loss:[0.00000193]
Loading 6873th epoch
Loss:[0.00000193]
Loading 6874th epoch
Loss:[0.00000192]
Loading 6875th epoch
Loss:[0.00000192]
Loading 6876th epoch
Loss:[0.00000192]
Loading 6877th epoch
Loss:[0.00000192]
Loading 6878th epoch
Loss:[0.00000192]
Loading 6879th epoch
Loss:[0.00000192]
Loading 6880th epoch
Loss:[0.00000192]
Loading 6881th epoch
Loss:[0.00000192]
Loading 6882th epoch
Loss:[0.00000192]
Loading 6883th epoch
Loss:[0.00000192]
Loading 6884th epoch
Loss:[0.00000191]
Loading 6885th epoch
Loss:[0.00000191]
Loading 6886th epoch
Loss:[0.00000191]
Loading 6887th epoch
Loss:[0.00000191]
Loading 6888th epoch
Loss:[0.00000191]
Loading 6889th epoch
Loss:[0.00000191]
Loading 6890th epoch
Loss:[0.00000191]
Loading 6891th epoch
Loss:[0.00000191]
Loading 6892th epoch
Loss:[0.00000190]
Loading 6893th epoch
Loss:[0.00000190]
Loading 6894th epoch
Loss:[0.00000190]
Loading 6895th epoch
Loss:[0.00000190]
Loading 6896th epoch
Loss:[0.00000190]
Loading 6897th epoch
Loss:[0.00000190]
Loading 6898th epoch
Loss:[0.00000190]
Loading 6899th epoch
Loss:[0.00000190]
Loading 6900th epoch
Loss:[0.00000190]
Loading 6901th epoch
Loss:[0.00000190]
Loading 6902th epoch
Loss:[0.00000189]
Loading 6903th epoch
Loss:[0.00000189]
Loading 6904th epoch
Loss:[0.00000189]
Loading 6905th epoch
Loss:[0.00000189]
Loading 6906th epoch
Loss:[0.00000189]
Loading 6907th epoch
Loss:[0.00000189]
Loading 6908th epoch
Loss:[0.00000189]
Loading 6909th epoch
Loss:[0.00000189]
Loading 6910th epoch
Loss:[0.00000188]
Loading 6911th epoch
Loss:[0.00000188]
Loading 6912th epoch
Loss:[0.00000188]
Loading 6913th epoch
Loss:[0.00000188]
Loading 6914th epoch
Loss:[0.00000188]
Loading 6915th epoch
Loss:[0.00000188]
Loading 6916th epoch
Loss:[0.00000188]
Loading 6917th epoch
Loss:[0.00000188]
Loading 6918th epoch
Loss:[0.00000188]
Loading 6919th epoch
Loss:[0.00000187]
Loading 6920th epoch
Loss:[0.00000187]
Loading 6921th epoch
Loss:[0.00000187]
Loading 6922th epoch
Loss:[0.00000187]
Loading 6923th epoch
Loss:[0.00000187]
Loading 6924th epoch
Loss:[0.00000187]
Loading 6925th epoch
Loss:[0.00000187]
Loading 6926th epoch
Loss:[0.00000187]
Loading 6927th epoch
Loss:[0.00000187]
Loading 6928th epoch
Loss:[0.00000186]
Loading 6929th epoch
Loss:[0.00000186]
Loading 6930th epoch
Loss:[0.00000186]
Loading 6931th epoch
Loss:[0.00000186]
Loading 6932th epoch
Loss:[0.00000186]
Loading 6933th epoch
Loss:[0.00000186]
Loading 6934th epoch
Loss:[0.00000186]
Loading 6935th epoch
Loss:[0.00000186]
Loading 6936th epoch
Loss:[0.00000186]
Loading 6937th epoch
Loss:[0.00000185]
Loading 6938th epoch
Loss:[0.00000185]
Loading 6939th epoch
Loss:[0.00000185]
Loading 6940th epoch
Loss:[0.00000185]
Loading 6941th epoch
Loss:[0.00000185]
Loading 6942th epoch
Loss:[0.00000185]
Loading 6943th epoch
Loss:[0.00000185]
Loading 6944th epoch
Loss:[0.00000185]
Loading 6945th epoch
Loss:[0.00000185]
Loading 6946th epoch
Loss:[0.00000184]
Loading 6947th epoch
Loss:[0.00000184]
Loading 6948th epoch
Loss:[0.00000184]
Loading 6949th epoch
Loss:[0.00000184]
Loading 6950th epoch
Loss:[0.00000184]
Loading 6951th epoch
Loss:[0.00000184]
Loading 6952th epoch
Loss:[0.00000184]
Loading 6953th epoch
Loss:[0.00000184]
Loading 6954th epoch
Loss:[0.00000184]
Loading 6955th epoch
Loss:[0.00000184]
Loading 6956th epoch
Loss:[0.00000183]
Loading 6957th epoch
Loss:[0.00000183]
Loading 6958th epoch
Loss:[0.00000183]
Loading 6959th epoch
Loss:[0.00000183]
Loading 6960th epoch
Loss:[0.00000183]
Loading 6961th epoch
Loss:[0.00000183]
Loading 6962th epoch
Loss:[0.00000183]
Loading 6963th epoch
Loss:[0.00000183]
Loading 6964th epoch
Loss:[0.00000183]
Loading 6965th epoch
Loss:[0.00000183]
Loading 6966th epoch
Loss:[0.00000182]
Loading 6967th epoch
Loss:[0.00000182]
Loading 6968th epoch
Loss:[0.00000182]
Loading 6969th epoch
Loss:[0.00000182]
Loading 6970th epoch
Loss:[0.00000182]
Loading 6971th epoch
Loss:[0.00000182]
Loading 6972th epoch
Loss:[0.00000182]
Loading 6973th epoch
Loss:[0.00000182]
Loading 6974th epoch
Loss:[0.00000182]
Loading 6975th epoch
Loss:[0.00000181]
Loading 6976th epoch
Loss:[0.00000181]
Loading 6977th epoch
Loss:[0.00000181]
Loading 6978th epoch
Loss:[0.00000181]
Loading 6979th epoch
Loss:[0.00000181]
Loading 6980th epoch
Loss:[0.00000181]
Loading 6981th epoch
Loss:[0.00000181]
Loading 6982th epoch
Loss:[0.00000181]
Loading 6983th epoch
Loss:[0.00000181]
Loading 6984th epoch
Loss:[0.00000181]
Loading 6985th epoch
Loss:[0.00000180]
Loading 6986th epoch
Loss:[0.00000180]
Loading 6987th epoch
Loss:[0.00000180]
Loading 6988th epoch
Loss:[0.00000180]
Loading 6989th epoch
Loss:[0.00000180]
Loading 6990th epoch
Loss:[0.00000180]
Loading 6991th epoch
Loss:[0.00000180]
Loading 6992th epoch
Loss:[0.00000180]
Loading 6993th epoch
Loss:[0.00000180]
Loading 6994th epoch
Loss:[0.00000179]
Loading 6995th epoch
Loss:[0.00000179]
Loading 6996th epoch
Loss:[0.00000179]
Loading 6997th epoch
Loss:[0.00000179]
Loading 6998th epoch
[ReliabilityLoss] step=7000 mode=descriptor pos(mean/min/max)=0.9645/0.2441/1.0000 neg(mean/min/max)=0.6055/0.3046/0.9202 base_bce=0.000000 weighted_bce=0.000000 weighted/base=0.6880
Loss:[0.00000179]
Loading 6999th epoch
Loss:[0.00000179]
Loading 7000th epoch
Loss:[0.00000179]
Loading 7001th epoch
Loss:[0.00000179]
Loading 7002th epoch
Loss:[0.00000179]
Loading 7003th epoch
Loss:[0.00000178]
Loading 7004th epoch
Loss:[0.00000178]
Loading 7005th epoch
Loss:[0.00000178]
Loading 7006th epoch
Loss:[0.00000178]
Loading 7007th epoch
Loss:[0.00000178]
Loading 7008th epoch
Loss:[0.00000178]
Loading 7009th epoch
Loss:[0.00000178]
Loading 7010th epoch
Loss:[0.00000178]
Loading 7011th epoch
Loss:[0.00000178]
Loading 7012th epoch
Loss:[0.00000178]
Loading 7013th epoch
Loss:[0.00000177]
Loading 7014th epoch
Loss:[0.00000177]
Loading 7015th epoch
Loss:[0.00000177]
Loading 7016th epoch
Loss:[0.00000177]
Loading 7017th epoch
Loss:[0.00000177]
Loading 7018th epoch
Loss:[0.00000177]
Loading 7019th epoch
Loss:[0.00000177]
Loading 7020th epoch
Loss:[0.00000177]
Loading 7021th epoch
Loss:[0.00000177]
Loading 7022th epoch
Loss:[0.00000177]
Loading 7023th epoch
Loss:[0.00000176]
Loading 7024th epoch
Loss:[0.00000176]
Loading 7025th epoch
Loss:[0.00000176]
Loading 7026th epoch
Loss:[0.00000176]
Loading 7027th epoch
Loss:[0.00000176]
Loading 7028th epoch
Loss:[0.00000176]
Loading 7029th epoch
Loss:[0.00000176]
Loading 7030th epoch
Loss:[0.00000176]
Loading 7031th epoch
Loss:[0.00000176]
Loading 7032th epoch
Loss:[0.00000176]
Loading 7033th epoch
Loss:[0.00000175]
Loading 7034th epoch
Loss:[0.00000175]
Loading 7035th epoch
Loss:[0.00000175]
Loading 7036th epoch
Loss:[0.00000175]
Loading 7037th epoch
Loss:[0.00000175]
Loading 7038th epoch
Loss:[0.00000175]
Loading 7039th epoch
Loss:[0.00000175]
Loading 7040th epoch
Loss:[0.00000175]
Loading 7041th epoch
Loss:[0.00000175]
Loading 7042th epoch
Loss:[0.00000174]
Loading 7043th epoch
Loss:[0.00000174]
Loading 7044th epoch
Loss:[0.00000174]
Loading 7045th epoch
Loss:[0.00000174]
Loading 7046th epoch
Loss:[0.00000174]
Loading 7047th epoch
Loss:[0.00000174]
Loading 7048th epoch
Loss:[0.00000174]
Loading 7049th epoch
Loss:[0.00000174]
Loading 7050th epoch
Loss:[0.00000174]
Loading 7051th epoch
Loss:[0.00000174]
Loading 7052th epoch
Loss:[0.00000173]
Loading 7053th epoch
Loss:[0.00000173]
Loading 7054th epoch
Loss:[0.00000173]
Loading 7055th epoch
Loss:[0.00000173]
Loading 7056th epoch
Loss:[0.00000173]
Loading 7057th epoch
Loss:[0.00000173]
Loading 7058th epoch
Loss:[0.00000173]
Loading 7059th epoch
Loss:[0.00000173]
Loading 7060th epoch
Loss:[0.00000173]
Loading 7061th epoch
Loss:[0.00000173]
Loading 7062th epoch
Loss:[0.00000172]
Loading 7063th epoch
Loss:[0.00000172]
Loading 7064th epoch
Loss:[0.00000172]
Loading 7065th epoch
Loss:[0.00000172]
Loading 7066th epoch
Loss:[0.00000172]
Loading 7067th epoch
Loss:[0.00000172]
Loading 7068th epoch
Loss:[0.00000172]
Loading 7069th epoch
Loss:[0.00000172]
Loading 7070th epoch
Loss:[0.00000172]
Loading 7071th epoch
Loss:[0.00000172]
Loading 7072th epoch
Loss:[0.00000171]
Loading 7073th epoch
Loss:[0.00000171]
Loading 7074th epoch
Loss:[0.00000171]
Loading 7075th epoch
Loss:[0.00000171]
Loading 7076th epoch
Loss:[0.00000171]
Loading 7077th epoch
Loss:[0.00000171]
Loading 7078th epoch
Loss:[0.00000171]
Loading 7079th epoch
Loss:[0.00000171]
Loading 7080th epoch
Loss:[0.00000171]
Loading 7081th epoch
Loss:[0.00000171]
Loading 7082th epoch
Loss:[0.00000171]
Loading 7083th epoch
Loss:[0.00000170]
Loading 7084th epoch
Loss:[0.00000170]
Loading 7085th epoch
Loss:[0.00000170]
Loading 7086th epoch
Loss:[0.00000170]
Loading 7087th epoch
Loss:[0.00000170]
Loading 7088th epoch
Loss:[0.00000170]
Loading 7089th epoch
Loss:[0.00000170]
Loading 7090th epoch
Loss:[0.00000170]
Loading 7091th epoch
Loss:[0.00000170]
Loading 7092th epoch
Loss:[0.00000170]
Loading 7093th epoch
Loss:[0.00000169]
Loading 7094th epoch
Loss:[0.00000169]
Loading 7095th epoch
Loss:[0.00000169]
Loading 7096th epoch
Loss:[0.00000169]
Loading 7097th epoch
Loss:[0.00000169]
Loading 7098th epoch
Loss:[0.00000169]
Loading 7099th epoch
Loss:[0.00000169]
Loading 7100th epoch
Loss:[0.00000169]
Loading 7101th epoch
Loss:[0.00000169]
Loading 7102th epoch
Loss:[0.00000169]
Loading 7103th epoch
Loss:[0.00000168]
Loading 7104th epoch
Loss:[0.00000168]
Loading 7105th epoch
Loss:[0.00000168]
Loading 7106th epoch
Loss:[0.00000168]
Loading 7107th epoch
Loss:[0.00000168]
Loading 7108th epoch
Loss:[0.00000168]
Loading 7109th epoch
Loss:[0.00000168]
Loading 7110th epoch
Loss:[0.00000168]
Loading 7111th epoch
Loss:[0.00000168]
Loading 7112th epoch
Loss:[0.00000168]
Loading 7113th epoch
Loss:[0.00000167]
Loading 7114th epoch
Loss:[0.00000167]
Loading 7115th epoch
Loss:[0.00000167]
Loading 7116th epoch
Loss:[0.00000167]
Loading 7117th epoch
Loss:[0.00000167]
Loading 7118th epoch
Loss:[0.00000167]
Loading 7119th epoch
Loss:[0.00000167]
Loading 7120th epoch
Loss:[0.00000167]
Loading 7121th epoch
Loss:[0.00000167]
Loading 7122th epoch
Loss:[0.00000167]
Loading 7123th epoch
Loss:[0.00000167]
Loading 7124th epoch
Loss:[0.00000167]
Loading 7125th epoch
Loss:[0.00000166]
Loading 7126th epoch
Loss:[0.00000166]
Loading 7127th epoch
Loss:[0.00000166]
Loading 7128th epoch
Loss:[0.00000166]
Loading 7129th epoch
Loss:[0.00000166]
Loading 7130th epoch
Loss:[0.00000166]
Loading 7131th epoch
Loss:[0.00000166]
Loading 7132th epoch
Loss:[0.00000166]
Loading 7133th epoch
Loss:[0.00000166]
Loading 7134th epoch
Loss:[0.00000166]
Loading 7135th epoch
Loss:[0.00000165]
Loading 7136th epoch
Loss:[0.00000165]
Loading 7137th epoch
Loss:[0.00000165]
Loading 7138th epoch
Loss:[0.00000165]
Loading 7139th epoch
Loss:[0.00000165]
Loading 7140th epoch
Loss:[0.00000165]
Loading 7141th epoch
Loss:[0.00000165]
Loading 7142th epoch
Loss:[0.00000165]
Loading 7143th epoch
Loss:[0.00000165]
Loading 7144th epoch
Loss:[0.00000165]
Loading 7145th epoch
Loss:[0.00000165]
Loading 7146th epoch
Loss:[0.00000164]
Loading 7147th epoch
Loss:[0.00000164]
Loading 7148th epoch
Loss:[0.00000164]
Loading 7149th epoch
Loss:[0.00000164]
Loading 7150th epoch
Loss:[0.00000164]
Loading 7151th epoch
Loss:[0.00000164]
Loading 7152th epoch
Loss:[0.00000164]
Loading 7153th epoch
Loss:[0.00000164]
Loading 7154th epoch
Loss:[0.00000164]
Loading 7155th epoch
Loss:[0.00000164]
Loading 7156th epoch
Loss:[0.00000163]
Loading 7157th epoch
Loss:[0.00000163]
Loading 7158th epoch
Loss:[0.00000163]
Loading 7159th epoch
Loss:[0.00000163]
Loading 7160th epoch
Loss:[0.00000163]
Loading 7161th epoch
Loss:[0.00000163]
Loading 7162th epoch
Loss:[0.00000163]
Loading 7163th epoch
Loss:[0.00000163]
Loading 7164th epoch
Loss:[0.00000163]
Loading 7165th epoch
Loss:[0.00000163]
Loading 7166th epoch
Loss:[0.00000162]
Loading 7167th epoch
Loss:[0.00000162]
Loading 7168th epoch
Loss:[0.00000162]
Loading 7169th epoch
Loss:[0.00000162]
Loading 7170th epoch
Loss:[0.00000162]
Loading 7171th epoch
Loss:[0.00000162]
Loading 7172th epoch
Loss:[0.00000162]
Loading 7173th epoch
Loss:[0.00000162]
Loading 7174th epoch
Loss:[0.00000162]
Loading 7175th epoch
Loss:[0.00000162]
Loading 7176th epoch
Loss:[0.00000162]
Loading 7177th epoch
Loss:[0.00000161]
Loading 7178th epoch
Loss:[0.00000161]
Loading 7179th epoch
Loss:[0.00000161]
Loading 7180th epoch
Loss:[0.00000161]
Loading 7181th epoch
Loss:[0.00000161]
Loading 7182th epoch
Loss:[0.00000161]
Loading 7183th epoch
Loss:[0.00000161]
Loading 7184th epoch
Loss:[0.00000161]
Loading 7185th epoch
Loss:[0.00000161]
Loading 7186th epoch
Loss:[0.00000161]
Loading 7187th epoch
Loss:[0.00000160]
Loading 7188th epoch
Loss:[0.00000160]
Loading 7189th epoch
Loss:[0.00000160]
Loading 7190th epoch
Loss:[0.00000160]
Loading 7191th epoch
Loss:[0.00000160]
Loading 7192th epoch
Loss:[0.00000160]
Loading 7193th epoch
Loss:[0.00000160]
Loading 7194th epoch
Loss:[0.00000160]
Loading 7195th epoch
Loss:[0.00000160]
Loading 7196th epoch
Loss:[0.00000160]
Loading 7197th epoch
Loss:[0.00000160]
Loading 7198th epoch
Loss:[0.00000159]
Loading 7199th epoch
Loss:[0.00000159]
Loading 7200th epoch
Loss:[0.00000159]
Loading 7201th epoch
Loss:[0.00000159]
Loading 7202th epoch
Loss:[0.00000159]
Loading 7203th epoch
Loss:[0.00000159]
Loading 7204th epoch
Loss:[0.00000159]
Loading 7205th epoch
Loss:[0.00000159]
Loading 7206th epoch
Loss:[0.00000159]
Loading 7207th epoch
Loss:[0.00000159]
Loading 7208th epoch
Loss:[0.00000159]
Loading 7209th epoch
Loss:[0.00000158]
Loading 7210th epoch
Loss:[0.00000158]
Loading 7211th epoch
Loss:[0.00000158]
Loading 7212th epoch
Loss:[0.00000158]
Loading 7213th epoch
Loss:[0.00000158]
Loading 7214th epoch
Loss:[0.00000158]
Loading 7215th epoch
Loss:[0.00000158]
Loading 7216th epoch
Loss:[0.00000158]
Loading 7217th epoch
Loss:[0.00000158]
Loading 7218th epoch
Loss:[0.00000158]
Loading 7219th epoch
Loss:[0.00000158]
Loading 7220th epoch
Loss:[0.00000157]
Loading 7221th epoch
Loss:[0.00000157]
Loading 7222th epoch
Loss:[0.00000157]
Loading 7223th epoch
Loss:[0.00000157]
Loading 7224th epoch
Loss:[0.00000157]
Loading 7225th epoch
Loss:[0.00000157]
Loading 7226th epoch
Loss:[0.00000157]
Loading 7227th epoch
Loss:[0.00000157]
Loading 7228th epoch
Loss:[0.00000157]
Loading 7229th epoch
Loss:[0.00000157]
Loading 7230th epoch
Loss:[0.00000156]
Loading 7231th epoch
Loss:[0.00000156]
Loading 7232th epoch
Loss:[0.00000156]
Loading 7233th epoch
Loss:[0.00000156]
Loading 7234th epoch
Loss:[0.00000156]
Loading 7235th epoch
Loss:[0.00000156]
Loading 7236th epoch
Loss:[0.00000156]
Loading 7237th epoch
Loss:[0.00000156]
Loading 7238th epoch
Loss:[0.00000156]
Loading 7239th epoch
Loss:[0.00000156]
Loading 7240th epoch
Loss:[0.00000156]
Loading 7241th epoch
Loss:[0.00000156]
Loading 7242th epoch
Loss:[0.00000155]
Loading 7243th epoch
Loss:[0.00000155]
Loading 7244th epoch
Loss:[0.00000155]
Loading 7245th epoch
Loss:[0.00000155]
Loading 7246th epoch
Loss:[0.00000155]
Loading 7247th epoch
Loss:[0.00000155]
Loading 7248th epoch
Loss:[0.00000155]
Loading 7249th epoch
Loss:[0.00000155]
Loading 7250th epoch
Loss:[0.00000155]
Loading 7251th epoch
Loss:[0.00000155]
Loading 7252th epoch
Loss:[0.00000155]
Loading 7253th epoch
Loss:[0.00000154]
Loading 7254th epoch
Loss:[0.00000154]
Loading 7255th epoch
Loss:[0.00000154]
Loading 7256th epoch
Loss:[0.00000154]
Loading 7257th epoch
Loss:[0.00000154]
Loading 7258th epoch
Loss:[0.00000154]
Loading 7259th epoch
Loss:[0.00000154]
Loading 7260th epoch
Loss:[0.00000154]
Loading 7261th epoch
Loss:[0.00000154]
Loading 7262th epoch
Loss:[0.00000154]
Loading 7263th epoch
Loss:[0.00000154]
Loading 7264th epoch
Loss:[0.00000153]
Loading 7265th epoch
Loss:[0.00000153]
Loading 7266th epoch
Loss:[0.00000153]
Loading 7267th epoch
Loss:[0.00000153]
Loading 7268th epoch
Loss:[0.00000153]
Loading 7269th epoch
Loss:[0.00000153]
Loading 7270th epoch
Loss:[0.00000153]
Loading 7271th epoch
Loss:[0.00000153]
Loading 7272th epoch
Loss:[0.00000153]
Loading 7273th epoch
Loss:[0.00000153]
Loading 7274th epoch
Loss:[0.00000153]
Loading 7275th epoch
Loss:[0.00000152]
Loading 7276th epoch
Loss:[0.00000152]
Loading 7277th epoch
Loss:[0.00000152]
Loading 7278th epoch
Loss:[0.00000152]
Loading 7279th epoch
Loss:[0.00000152]
Loading 7280th epoch
Loss:[0.00000152]
Loading 7281th epoch
Loss:[0.00000152]
Loading 7282th epoch
Loss:[0.00000152]
Loading 7283th epoch
Loss:[0.00000152]
Loading 7284th epoch
Loss:[0.00000152]
Loading 7285th epoch
Loss:[0.00000152]
Loading 7286th epoch
Loss:[0.00000151]
Loading 7287th epoch
Loss:[0.00000151]
Loading 7288th epoch
Loss:[0.00000151]
Loading 7289th epoch
Loss:[0.00000151]
Loading 7290th epoch
Loss:[0.00000151]
Loading 7291th epoch
Loss:[0.00000151]
Loading 7292th epoch
Loss:[0.00000151]
Loading 7293th epoch
Loss:[0.00000151]
Loading 7294th epoch
Loss:[0.00000151]
Loading 7295th epoch
Loss:[0.00000151]
Loading 7296th epoch
Loss:[0.00000151]
Loading 7297th epoch
Loss:[0.00000151]
Loading 7298th epoch
Loss:[0.00000150]
Loading 7299th epoch
Loss:[0.00000150]
Loading 7300th epoch
Loss:[0.00000150]
Loading 7301th epoch
Loss:[0.00000150]
Loading 7302th epoch
Loss:[0.00000150]
Loading 7303th epoch
Loss:[0.00000150]
Loading 7304th epoch
Loss:[0.00000150]
Loading 7305th epoch
Loss:[0.00000150]
Loading 7306th epoch
Loss:[0.00000150]
Loading 7307th epoch
Loss:[0.00000150]
Loading 7308th epoch
Loss:[0.00000150]
Loading 7309th epoch
Loss:[0.00000150]
Loading 7310th epoch
Loss:[0.00000149]
Loading 7311th epoch
Loss:[0.00000149]
Loading 7312th epoch
Loss:[0.00000149]
Loading 7313th epoch
Loss:[0.00000149]
Loading 7314th epoch
Loss:[0.00000149]
Loading 7315th epoch
Loss:[0.00000149]
Loading 7316th epoch
Loss:[0.00000149]
Loading 7317th epoch
Loss:[0.00000149]
Loading 7318th epoch
Loss:[0.00000149]
Loading 7319th epoch
Loss:[0.00000149]
Loading 7320th epoch
Loss:[0.00000149]
Loading 7321th epoch
Loss:[0.00000149]
Loading 7322th epoch
Loss:[0.00000148]
Loading 7323th epoch
Loss:[0.00000148]
Loading 7324th epoch
Loss:[0.00000148]
Loading 7325th epoch
Loss:[0.00000148]
Loading 7326th epoch
Loss:[0.00000148]
Loading 7327th epoch
Loss:[0.00000148]
Loading 7328th epoch
Loss:[0.00000148]
Loading 7329th epoch
Loss:[0.00000148]
Loading 7330th epoch
Loss:[0.00000148]
Loading 7331th epoch
Loss:[0.00000148]
Loading 7332th epoch
Loss:[0.00000148]
Loading 7333th epoch
Loss:[0.00000147]
Loading 7334th epoch
Loss:[0.00000147]
Loading 7335th epoch
Loss:[0.00000147]
Loading 7336th epoch
Loss:[0.00000147]
Loading 7337th epoch
Loss:[0.00000147]
Loading 7338th epoch
Loss:[0.00000147]
Loading 7339th epoch
Loss:[0.00000147]
Loading 7340th epoch
Loss:[0.00000147]
Loading 7341th epoch
Loss:[0.00000147]
Loading 7342th epoch
Loss:[0.00000147]
Loading 7343th epoch
Loss:[0.00000147]
Loading 7344th epoch
Loss:[0.00000147]
Loading 7345th epoch
Loss:[0.00000146]
Loading 7346th epoch
Loss:[0.00000146]
Loading 7347th epoch
Loss:[0.00000146]
Loading 7348th epoch
Loss:[0.00000146]
Loading 7349th epoch
Loss:[0.00000146]
Loading 7350th epoch
Loss:[0.00000146]
Loading 7351th epoch
Loss:[0.00000146]
Loading 7352th epoch
Loss:[0.00000146]
Loading 7353th epoch
Loss:[0.00000146]
Loading 7354th epoch
Loss:[0.00000146]
Loading 7355th epoch
Loss:[0.00000146]
Loading 7356th epoch
Loss:[0.00000146]
Loading 7357th epoch
Loss:[0.00000146]
Loading 7358th epoch
Loss:[0.00000145]
Loading 7359th epoch
Loss:[0.00000145]
Loading 7360th epoch
Loss:[0.00000145]
Loading 7361th epoch
Loss:[0.00000145]
Loading 7362th epoch
Loss:[0.00000145]
Loading 7363th epoch
Loss:[0.00000145]
Loading 7364th epoch
Loss:[0.00000145]
Loading 7365th epoch
Loss:[0.00000145]
Loading 7366th epoch
Loss:[0.00000145]
Loading 7367th epoch
Loss:[0.00000145]
Loading 7368th epoch
Loss:[0.00000145]
Loading 7369th epoch
Loss:[0.00000144]
Loading 7370th epoch
Loss:[0.00000144]
Loading 7371th epoch
Loss:[0.00000144]
Loading 7372th epoch
Loss:[0.00000144]
Loading 7373th epoch
Loss:[0.00000144]
Loading 7374th epoch
Loss:[0.00000144]
Loading 7375th epoch
Loss:[0.00000144]
Loading 7376th epoch
Loss:[0.00000144]
Loading 7377th epoch
Loss:[0.00000144]
Loading 7378th epoch
Loss:[0.00000144]
Loading 7379th epoch
Loss:[0.00000144]
Loading 7380th epoch
Loss:[0.00000144]
Loading 7381th epoch
Loss:[0.00000144]
Loading 7382th epoch
Loss:[0.00000143]
Loading 7383th epoch
Loss:[0.00000143]
Loading 7384th epoch
Loss:[0.00000143]
Loading 7385th epoch
Loss:[0.00000143]
Loading 7386th epoch
Loss:[0.00000143]
Loading 7387th epoch
Loss:[0.00000143]
Loading 7388th epoch
Loss:[0.00000143]
Loading 7389th epoch
Loss:[0.00000143]
Loading 7390th epoch
Loss:[0.00000143]
Loading 7391th epoch
Loss:[0.00000143]
Loading 7392th epoch
Loss:[0.00000143]
Loading 7393th epoch
Loss:[0.00000142]
Loading 7394th epoch
Loss:[0.00000142]
Loading 7395th epoch
Loss:[0.00000142]
Loading 7396th epoch
Loss:[0.00000142]
Loading 7397th epoch
Loss:[0.00000142]
Loading 7398th epoch
Loss:[0.00000142]
Loading 7399th epoch
Loss:[0.00000142]
Loading 7400th epoch
Loss:[0.00000142]
Loading 7401th epoch
Loss:[0.00000142]
Loading 7402th epoch
Loss:[0.00000142]
Loading 7403th epoch
Loss:[0.00000142]
Loading 7404th epoch
Loss:[0.00000142]
Loading 7405th epoch
Loss:[0.00000142]
Loading 7406th epoch
Loss:[0.00000141]
Loading 7407th epoch
Loss:[0.00000141]
Loading 7408th epoch
Loss:[0.00000141]
Loading 7409th epoch
Loss:[0.00000141]
Loading 7410th epoch
Loss:[0.00000141]
Loading 7411th epoch
Loss:[0.00000141]
Loading 7412th epoch
Loss:[0.00000141]
Loading 7413th epoch
Loss:[0.00000141]
Loading 7414th epoch
Loss:[0.00000141]
Loading 7415th epoch
Loss:[0.00000141]
Loading 7416th epoch
Loss:[0.00000141]
Loading 7417th epoch
Loss:[0.00000140]
Loading 7418th epoch
Loss:[0.00000140]
Loading 7419th epoch
Loss:[0.00000140]
Loading 7420th epoch
Loss:[0.00000140]
Loading 7421th epoch
Loss:[0.00000140]
Loading 7422th epoch
Loss:[0.00000140]
Loading 7423th epoch
Loss:[0.00000140]
Loading 7424th epoch
Loss:[0.00000140]
Loading 7425th epoch
Loss:[0.00000140]
Loading 7426th epoch
Loss:[0.00000140]
Loading 7427th epoch
Loss:[0.00000140]
Loading 7428th epoch
Loss:[0.00000140]
Loading 7429th epoch
Loss:[0.00000139]
Loading 7430th epoch
Loss:[0.00000139]
Loading 7431th epoch
Loss:[0.00000139]
Loading 7432th epoch
Loss:[0.00000139]
Loading 7433th epoch
Loss:[0.00000139]
Loading 7434th epoch
Loss:[0.00000139]
Loading 7435th epoch
Loss:[0.00000139]
Loading 7436th epoch
Loss:[0.00000139]
Loading 7437th epoch
Loss:[0.00000139]
Loading 7438th epoch
Loss:[0.00000139]
Loading 7439th epoch
Loss:[0.00000139]
Loading 7440th epoch
Loss:[0.00000139]
Loading 7441th epoch
Loss:[0.00000139]
Loading 7442th epoch
Loss:[0.00000138]
Loading 7443th epoch
Loss:[0.00000138]
Loading 7444th epoch
Loss:[0.00000138]
Loading 7445th epoch
Loss:[0.00000138]
Loading 7446th epoch
Loss:[0.00000138]
Loading 7447th epoch
Loss:[0.00000138]
Loading 7448th epoch
Loss:[0.00000138]
Loading 7449th epoch
Loss:[0.00000138]
Loading 7450th epoch
Loss:[0.00000138]
Loading 7451th epoch
Loss:[0.00000138]
Loading 7452th epoch
Loss:[0.00000138]
Loading 7453th epoch
Loss:[0.00000138]
Loading 7454th epoch
Loss:[0.00000138]
Loading 7455th epoch
Loss:[0.00000137]
Loading 7456th epoch
Loss:[0.00000137]
Loading 7457th epoch
Loss:[0.00000137]
Loading 7458th epoch
Loss:[0.00000137]
Loading 7459th epoch
Loss:[0.00000137]
Loading 7460th epoch
Loss:[0.00000137]
Loading 7461th epoch
Loss:[0.00000137]
Loading 7462th epoch
Loss:[0.00000137]
Loading 7463th epoch
Loss:[0.00000137]
Loading 7464th epoch
Loss:[0.00000137]
Loading 7465th epoch
Loss:[0.00000137]
Loading 7466th epoch
Loss:[0.00000137]
Loading 7467th epoch
Loss:[0.00000137]
Loading 7468th epoch
Loss:[0.00000136]
Loading 7469th epoch
Loss:[0.00000136]
Loading 7470th epoch
Loss:[0.00000136]
Loading 7471th epoch
Loss:[0.00000136]
Loading 7472th epoch
Loss:[0.00000136]
Loading 7473th epoch
Loss:[0.00000136]
Loading 7474th epoch
Loss:[0.00000136]
Loading 7475th epoch
Loss:[0.00000136]
Loading 7476th epoch
Loss:[0.00000136]
Loading 7477th epoch
Loss:[0.00000136]
Loading 7478th epoch
Loss:[0.00000136]
Loading 7479th epoch
Loss:[0.00000136]
Loading 7480th epoch
Loss:[0.00000136]
Loading 7481th epoch
Loss:[0.00000135]
Loading 7482th epoch
Loss:[0.00000135]
Loading 7483th epoch
Loss:[0.00000135]
Loading 7484th epoch
Loss:[0.00000135]
Loading 7485th epoch
Loss:[0.00000135]
Loading 7486th epoch
Loss:[0.00000135]
Loading 7487th epoch
Loss:[0.00000135]
Loading 7488th epoch
Loss:[0.00000135]
Loading 7489th epoch
Loss:[0.00000135]
Loading 7490th epoch
Loss:[0.00000135]
Loading 7491th epoch
Loss:[0.00000135]
Loading 7492th epoch
Loss:[0.00000135]
Loading 7493th epoch
Loss:[0.00000135]
Loading 7494th epoch
Loss:[0.00000134]
Loading 7495th epoch
Loss:[0.00000134]
Loading 7496th epoch
Loss:[0.00000134]
Loading 7497th epoch
Loss:[0.00000134]
Loading 7498th epoch
[ReliabilityLoss] step=7500 mode=descriptor pos(mean/min/max)=0.9645/0.2441/1.0000 neg(mean/min/max)=0.6055/0.3046/0.9202 base_bce=0.000000 weighted_bce=0.000000 weighted/base=0.6886
Loss:[0.00000134]
Loading 7499th epoch
Loss:[0.00000134]
Loading 7500th epoch
Loss:[0.00000134]
Loading 7501th epoch
Loss:[0.00000134]
Loading 7502th epoch
Loss:[0.00000134]
Loading 7503th epoch
Loss:[0.00000134]
Loading 7504th epoch
Loss:[0.00000134]
Loading 7505th epoch
Loss:[0.00000134]
Loading 7506th epoch
Loss:[0.00000134]
Loading 7507th epoch
Loss:[0.00000133]
Loading 7508th epoch
Loss:[0.00000133]
Loading 7509th epoch
Loss:[0.00000133]
Loading 7510th epoch
Loss:[0.00000133]
Loading 7511th epoch
Loss:[0.00000133]
Loading 7512th epoch
Loss:[0.00000133]
Loading 7513th epoch
Loss:[0.00000133]
Loading 7514th epoch
Loss:[0.00000133]
Loading 7515th epoch
Loss:[0.00000133]
Loading 7516th epoch
Loss:[0.00000133]
Loading 7517th epoch
Loss:[0.00000133]
Loading 7518th epoch
Loss:[0.00000133]
Loading 7519th epoch
Loss:[0.00000133]
Loading 7520th epoch
Loss:[0.00000133]
Loading 7521th epoch
Loss:[0.00000132]
Loading 7522th epoch
Loss:[0.00000132]
Loading 7523th epoch
Loss:[0.00000132]
Loading 7524th epoch
Loss:[0.00000132]
Loading 7525th epoch
Loss:[0.00000132]
Loading 7526th epoch
Loss:[0.00000132]
Loading 7527th epoch
Loss:[0.00000132]
Loading 7528th epoch
Loss:[0.00000132]
Loading 7529th epoch
Loss:[0.00000132]
Loading 7530th epoch
Loss:[0.00000132]
Loading 7531th epoch
Loss:[0.00000132]
Loading 7532th epoch
Loss:[0.00000132]
Loading 7533th epoch
Loss:[0.00000132]
Loading 7534th epoch
Loss:[0.00000132]
Loading 7535th epoch
Loss:[0.00000131]
Loading 7536th epoch
Loss:[0.00000131]
Loading 7537th epoch
Loss:[0.00000131]
Loading 7538th epoch
Loss:[0.00000131]
Loading 7539th epoch
Loss:[0.00000131]
Loading 7540th epoch
Loss:[0.00000131]
Loading 7541th epoch
Loss:[0.00000131]
Loading 7542th epoch
Loss:[0.00000131]
Loading 7543th epoch
Loss:[0.00000131]
Loading 7544th epoch
Loss:[0.00000131]
Loading 7545th epoch
Loss:[0.00000131]
Loading 7546th epoch
Loss:[0.00000131]
Loading 7547th epoch
Loss:[0.00000131]
Loading 7548th epoch
Loss:[0.00000130]
Loading 7549th epoch
Loss:[0.00000130]
Loading 7550th epoch
Loss:[0.00000130]
Loading 7551th epoch
Loss:[0.00000130]
Loading 7552th epoch
Loss:[0.00000130]
Loading 7553th epoch
Loss:[0.00000130]
Loading 7554th epoch
Loss:[0.00000130]
Loading 7555th epoch
Loss:[0.00000130]
Loading 7556th epoch
Loss:[0.00000130]
Loading 7557th epoch
Loss:[0.00000130]
Loading 7558th epoch
Loss:[0.00000130]
Loading 7559th epoch
Loss:[0.00000130]
Loading 7560th epoch
Loss:[0.00000130]
Loading 7561th epoch
Loss:[0.00000129]
Loading 7562th epoch
Loss:[0.00000129]
Loading 7563th epoch
Loss:[0.00000129]
Loading 7564th epoch
Loss:[0.00000129]
Loading 7565th epoch
Loss:[0.00000129]
Loading 7566th epoch
Loss:[0.00000129]
Loading 7567th epoch
Loss:[0.00000129]
Loading 7568th epoch
Loss:[0.00000129]
Loading 7569th epoch
Loss:[0.00000129]
Loading 7570th epoch
Loss:[0.00000129]
Loading 7571th epoch
Loss:[0.00000129]
Loading 7572th epoch
Loss:[0.00000129]
Loading 7573th epoch
Loss:[0.00000129]
Loading 7574th epoch
Loss:[0.00000129]
Loading 7575th epoch
Loss:[0.00000128]
Loading 7576th epoch
Loss:[0.00000128]
Loading 7577th epoch
Loss:[0.00000128]
Loading 7578th epoch
Loss:[0.00000128]
Loading 7579th epoch
Loss:[0.00000128]
Loading 7580th epoch
Loss:[0.00000128]
Loading 7581th epoch
Loss:[0.00000128]
Loading 7582th epoch
Loss:[0.00000128]
Loading 7583th epoch
Loss:[0.00000128]
Loading 7584th epoch
Loss:[0.00000128]
Loading 7585th epoch
Loss:[0.00000128]
Loading 7586th epoch
Loss:[0.00000128]
Loading 7587th epoch
Loss:[0.00000128]
Loading 7588th epoch
Loss:[0.00000128]
Loading 7589th epoch
Loss:[0.00000127]
Loading 7590th epoch
Loss:[0.00000127]
Loading 7591th epoch
Loss:[0.00000127]
Loading 7592th epoch
Loss:[0.00000127]
Loading 7593th epoch
Loss:[0.00000127]
Loading 7594th epoch
Loss:[0.00000127]
Loading 7595th epoch
Loss:[0.00000127]
Loading 7596th epoch
Loss:[0.00000127]
Loading 7597th epoch
Loss:[0.00000127]
Loading 7598th epoch
Loss:[0.00000127]
Loading 7599th epoch
Loss:[0.00000127]
Loading 7600th epoch
Loss:[0.00000127]
Loading 7601th epoch
Loss:[0.00000127]
Loading 7602th epoch
Loss:[0.00000126]
Loading 7603th epoch
Loss:[0.00000126]
Loading 7604th epoch
Loss:[0.00000126]
Loading 7605th epoch
Loss:[0.00000126]
Loading 7606th epoch
Loss:[0.00000126]
Loading 7607th epoch
Loss:[0.00000126]
Loading 7608th epoch
Loss:[0.00000126]
Loading 7609th epoch
Loss:[0.00000126]
Loading 7610th epoch
Loss:[0.00000126]
Loading 7611th epoch
Loss:[0.00000126]
Loading 7612th epoch
Loss:[0.00000126]
Loading 7613th epoch
Loss:[0.00000126]
Loading 7614th epoch
Loss:[0.00000126]
Loading 7615th epoch
Loss:[0.00000125]
Loading 7616th epoch
Loss:[0.00000125]
Loading 7617th epoch
Loss:[0.00000125]
Loading 7618th epoch
Loss:[0.00000125]
Loading 7619th epoch
Loss:[0.00000125]
Loading 7620th epoch
Loss:[0.00000125]
Loading 7621th epoch
Loss:[0.00000125]
Loading 7622th epoch
Loss:[0.00000125]
Loading 7623th epoch
Loss:[0.00000125]
Loading 7624th epoch
Loss:[0.00000125]
Loading 7625th epoch
Loss:[0.00000125]
Loading 7626th epoch
Loss:[0.00000125]
Loading 7627th epoch
Loss:[0.00000125]
Loading 7628th epoch
Loss:[0.00000125]
Loading 7629th epoch
Loss:[0.00000124]
Loading 7630th epoch
Loss:[0.00000124]
Loading 7631th epoch
Loss:[0.00000124]
Loading 7632th epoch
Loss:[0.00000124]
Loading 7633th epoch
Loss:[0.00000124]
Loading 7634th epoch
Loss:[0.00000124]
Loading 7635th epoch
Loss:[0.00000124]
Loading 7636th epoch
Loss:[0.00000124]
Loading 7637th epoch
Loss:[0.00000124]
Loading 7638th epoch
Loss:[0.00000124]
Loading 7639th epoch
Loss:[0.00000124]
Loading 7640th epoch
Loss:[0.00000124]
Loading 7641th epoch
Loss:[0.00000124]
Loading 7642th epoch
Loss:[0.00000124]
Loading 7643th epoch
Loss:[0.00000124]
Loading 7644th epoch
Loss:[0.00000123]
Loading 7645th epoch
Loss:[0.00000123]
Loading 7646th epoch
Loss:[0.00000123]
Loading 7647th epoch
Loss:[0.00000123]
Loading 7648th epoch
Loss:[0.00000123]
Loading 7649th epoch
Loss:[0.00000123]
Loading 7650th epoch
Loss:[0.00000123]
Loading 7651th epoch
Loss:[0.00000123]
Loading 7652th epoch
Loss:[0.00000123]
Loading 7653th epoch
Loss:[0.00000123]
Loading 7654th epoch
Loss:[0.00000123]
Loading 7655th epoch
Loss:[0.00000123]
Loading 7656th epoch
Loss:[0.00000123]
Loading 7657th epoch
Loss:[0.00000123]
Loading 7658th epoch
Loss:[0.00000123]
Loading 7659th epoch
Loss:[0.00000122]
Loading 7660th epoch
Loss:[0.00000122]
Loading 7661th epoch
Loss:[0.00000122]
Loading 7662th epoch
Loss:[0.00000122]
Loading 7663th epoch
Loss:[0.00000122]
Loading 7664th epoch
Loss:[0.00000122]
Loading 7665th epoch
Loss:[0.00000122]
Loading 7666th epoch
Loss:[0.00000122]
Loading 7667th epoch
Loss:[0.00000122]
Loading 7668th epoch
Loss:[0.00000122]
Loading 7669th epoch
Loss:[0.00000122]
Loading 7670th epoch
Loss:[0.00000122]
Loading 7671th epoch
Loss:[0.00000122]
Loading 7672th epoch
Loss:[0.00000122]
Loading 7673th epoch
Loss:[0.00000121]
Loading 7674th epoch
Loss:[0.00000121]
Loading 7675th epoch
Loss:[0.00000121]
Loading 7676th epoch
Loss:[0.00000121]
Loading 7677th epoch
Loss:[0.00000121]
Loading 7678th epoch
Loss:[0.00000121]
Loading 7679th epoch
Loss:[0.00000121]
Loading 7680th epoch
Loss:[0.00000121]
Loading 7681th epoch
Loss:[0.00000121]
Loading 7682th epoch
Loss:[0.00000121]
Loading 7683th epoch
Loss:[0.00000121]
Loading 7684th epoch
Loss:[0.00000121]
Loading 7685th epoch
Loss:[0.00000121]
Loading 7686th epoch
Loss:[0.00000121]
Loading 7687th epoch
Loss:[0.00000121]
Loading 7688th epoch
Loss:[0.00000120]
Loading 7689th epoch
Loss:[0.00000120]
Loading 7690th epoch
Loss:[0.00000120]
Loading 7691th epoch
Loss:[0.00000120]
Loading 7692th epoch
Loss:[0.00000120]
Loading 7693th epoch
Loss:[0.00000120]
Loading 7694th epoch
Loss:[0.00000120]
Loading 7695th epoch
Loss:[0.00000120]
Loading 7696th epoch
Loss:[0.00000120]
Loading 7697th epoch
Loss:[0.00000120]
Loading 7698th epoch
Loss:[0.00000120]
Loading 7699th epoch
Loss:[0.00000120]
Loading 7700th epoch
Loss:[0.00000120]
Loading 7701th epoch
Loss:[0.00000120]
Loading 7702th epoch
Loss:[0.00000120]
Loading 7703th epoch
Loss:[0.00000120]
Loading 7704th epoch
Loss:[0.00000119]
Loading 7705th epoch
Loss:[0.00000119]
Loading 7706th epoch
Loss:[0.00000119]
Loading 7707th epoch
Loss:[0.00000119]
Loading 7708th epoch
Loss:[0.00000119]
Loading 7709th epoch
Loss:[0.00000119]
Loading 7710th epoch
Loss:[0.00000119]
Loading 7711th epoch
Loss:[0.00000119]
Loading 7712th epoch
Loss:[0.00000119]
Loading 7713th epoch
Loss:[0.00000119]
Loading 7714th epoch
Loss:[0.00000119]
Loading 7715th epoch
Loss:[0.00000119]
Loading 7716th epoch
Loss:[0.00000119]
Loading 7717th epoch
Loss:[0.00000119]
Loading 7718th epoch
Loss:[0.00000118]
Loading 7719th epoch
Loss:[0.00000118]
Loading 7720th epoch
Loss:[0.00000118]
Loading 7721th epoch
Loss:[0.00000118]
Loading 7722th epoch
Loss:[0.00000118]
Loading 7723th epoch
Loss:[0.00000118]
Loading 7724th epoch
Loss:[0.00000118]
Loading 7725th epoch
Loss:[0.00000118]
Loading 7726th epoch
Loss:[0.00000118]
Loading 7727th epoch
Loss:[0.00000118]
Loading 7728th epoch
Loss:[0.00000118]
Loading 7729th epoch
Loss:[0.00000118]
Loading 7730th epoch
Loss:[0.00000118]
Loading 7731th epoch
Loss:[0.00000118]
Loading 7732th epoch
Loss:[0.00000118]
Loading 7733th epoch
Loss:[0.00000117]
Loading 7734th epoch
Loss:[0.00000117]
Loading 7735th epoch
Loss:[0.00000117]
Loading 7736th epoch
Loss:[0.00000117]
Loading 7737th epoch
Loss:[0.00000117]
Loading 7738th epoch
Loss:[0.00000117]
Loading 7739th epoch
Loss:[0.00000117]
Loading 7740th epoch
Loss:[0.00000117]
Loading 7741th epoch
Loss:[0.00000117]
Loading 7742th epoch
Loss:[0.00000117]
Loading 7743th epoch
Loss:[0.00000117]
Loading 7744th epoch
Loss:[0.00000117]
Loading 7745th epoch
Loss:[0.00000117]
Loading 7746th epoch
Loss:[0.00000117]
Loading 7747th epoch
Loss:[0.00000117]
Loading 7748th epoch
Loss:[0.00000116]
Loading 7749th epoch
Loss:[0.00000116]
Loading 7750th epoch
Loss:[0.00000116]
Loading 7751th epoch
Loss:[0.00000116]
Loading 7752th epoch
Loss:[0.00000116]
Loading 7753th epoch
Loss:[0.00000116]
Loading 7754th epoch
Loss:[0.00000116]
Loading 7755th epoch
Loss:[0.00000116]
Loading 7756th epoch
Loss:[0.00000116]
Loading 7757th epoch
Loss:[0.00000116]
Loading 7758th epoch
Loss:[0.00000116]
Loading 7759th epoch
Loss:[0.00000116]
Loading 7760th epoch
Loss:[0.00000116]
Loading 7761th epoch
Loss:[0.00000116]
Loading 7762th epoch
Loss:[0.00000115]
Loading 7763th epoch
Loss:[0.00000115]
Loading 7764th epoch
Loss:[0.00000115]
Loading 7765th epoch
Loss:[0.00000115]
Loading 7766th epoch
Loss:[0.00000115]
Loading 7767th epoch
Loss:[0.00000115]
Loading 7768th epoch
Loss:[0.00000115]
Loading 7769th epoch
Loss:[0.00000115]
Loading 7770th epoch
Loss:[0.00000115]
Loading 7771th epoch
Loss:[0.00000115]
Loading 7772th epoch
Loss:[0.00000115]
Loading 7773th epoch
Loss:[0.00000115]
Loading 7774th epoch
Loss:[0.00000115]
Loading 7775th epoch
Loss:[0.00000115]
Loading 7776th epoch
Loss:[0.00000115]
Loading 7777th epoch
Loss:[0.00000114]
Loading 7778th epoch
Loss:[0.00000114]
Loading 7779th epoch
Loss:[0.00000114]
Loading 7780th epoch
Loss:[0.00000114]
Loading 7781th epoch
Loss:[0.00000114]
Loading 7782th epoch
Loss:[0.00000114]
Loading 7783th epoch
Loss:[0.00000114]
Loading 7784th epoch
Loss:[0.00000114]
Loading 7785th epoch
Loss:[0.00000114]
Loading 7786th epoch
Loss:[0.00000114]
Loading 7787th epoch
Loss:[0.00000114]
Loading 7788th epoch
Loss:[0.00000114]
Loading 7789th epoch
Loss:[0.00000114]
Loading 7790th epoch
Loss:[0.00000114]
Loading 7791th epoch
Loss:[0.00000114]
Loading 7792th epoch
Loss:[0.00000114]
Loading 7793th epoch
Loss:[0.00000113]
Loading 7794th epoch
Loss:[0.00000113]
Loading 7795th epoch
Loss:[0.00000113]
Loading 7796th epoch
Loss:[0.00000113]
Loading 7797th epoch
Loss:[0.00000113]
Loading 7798th epoch
Loss:[0.00000113]
Loading 7799th epoch
Loss:[0.00000113]
Loading 7800th epoch
Loss:[0.00000113]
Loading 7801th epoch
Loss:[0.00000113]
Loading 7802th epoch
Loss:[0.00000113]
Loading 7803th epoch
Loss:[0.00000113]
Loading 7804th epoch
Loss:[0.00000113]
Loading 7805th epoch
Loss:[0.00000113]
Loading 7806th epoch
Loss:[0.00000113]
Loading 7807th epoch
Loss:[0.00000113]
Loading 7808th epoch
Loss:[0.00000113]
Loading 7809th epoch
Loss:[0.00000112]
Loading 7810th epoch
Loss:[0.00000112]
Loading 7811th epoch
Loss:[0.00000112]
Loading 7812th epoch
Loss:[0.00000112]
Loading 7813th epoch
Loss:[0.00000112]
Loading 7814th epoch
Loss:[0.00000112]
Loading 7815th epoch
Loss:[0.00000112]
Loading 7816th epoch
Loss:[0.00000112]
Loading 7817th epoch
Loss:[0.00000112]
Loading 7818th epoch
Loss:[0.00000112]
Loading 7819th epoch
Loss:[0.00000112]
Loading 7820th epoch
Loss:[0.00000112]
Loading 7821th epoch
Loss:[0.00000112]
Loading 7822th epoch
Loss:[0.00000112]
Loading 7823th epoch
Loss:[0.00000112]
Loading 7824th epoch
Loss:[0.00000111]
Loading 7825th epoch
Loss:[0.00000111]
Loading 7826th epoch
Loss:[0.00000111]
Loading 7827th epoch
Loss:[0.00000111]
Loading 7828th epoch
Loss:[0.00000111]
Loading 7829th epoch
Loss:[0.00000111]
Loading 7830th epoch
Loss:[0.00000111]
Loading 7831th epoch
Loss:[0.00000111]
Loading 7832th epoch
Loss:[0.00000111]
Loading 7833th epoch
Loss:[0.00000111]
Loading 7834th epoch
Loss:[0.00000111]
Loading 7835th epoch
Loss:[0.00000111]
Loading 7836th epoch
Loss:[0.00000111]
Loading 7837th epoch
Loss:[0.00000111]
Loading 7838th epoch
Loss:[0.00000111]
Loading 7839th epoch
Loss:[0.00000111]
Loading 7840th epoch
Loss:[0.00000110]
Loading 7841th epoch
Loss:[0.00000110]
Loading 7842th epoch
Loss:[0.00000110]
Loading 7843th epoch
Loss:[0.00000110]
Loading 7844th epoch
Loss:[0.00000110]
Loading 7845th epoch
Loss:[0.00000110]
Loading 7846th epoch
Loss:[0.00000110]
Loading 7847th epoch
Loss:[0.00000110]
Loading 7848th epoch
Loss:[0.00000110]
Loading 7849th epoch
Loss:[0.00000110]
Loading 7850th epoch
Loss:[0.00000110]
Loading 7851th epoch
Loss:[0.00000110]
Loading 7852th epoch
Loss:[0.00000110]
Loading 7853th epoch
Loss:[0.00000110]
Loading 7854th epoch
Loss:[0.00000110]
Loading 7855th epoch
Loss:[0.00000110]
Loading 7856th epoch
Loss:[0.00000109]
Loading 7857th epoch
Loss:[0.00000109]
Loading 7858th epoch
Loss:[0.00000109]
Loading 7859th epoch
Loss:[0.00000109]
Loading 7860th epoch
Loss:[0.00000109]
Loading 7861th epoch
Loss:[0.00000109]
Loading 7862th epoch
Loss:[0.00000109]
Loading 7863th epoch
Loss:[0.00000109]
Loading 7864th epoch
Loss:[0.00000109]
Loading 7865th epoch
Loss:[0.00000109]
Loading 7866th epoch
Loss:[0.00000109]
Loading 7867th epoch
Loss:[0.00000109]
Loading 7868th epoch
Loss:[0.00000109]
Loading 7869th epoch
Loss:[0.00000109]
Loading 7870th epoch
Loss:[0.00000109]
Loading 7871th epoch
Loss:[0.00000108]
Loading 7872th epoch
Loss:[0.00000108]
Loading 7873th epoch
Loss:[0.00000108]
Loading 7874th epoch
Loss:[0.00000108]
Loading 7875th epoch
Loss:[0.00000108]
Loading 7876th epoch
Loss:[0.00000108]
Loading 7877th epoch
Loss:[0.00000108]
Loading 7878th epoch
Loss:[0.00000108]
Loading 7879th epoch
Loss:[0.00000108]
Loading 7880th epoch
Loss:[0.00000108]
Loading 7881th epoch
Loss:[0.00000108]
Loading 7882th epoch
Loss:[0.00000108]
Loading 7883th epoch
Loss:[0.00000108]
Loading 7884th epoch
Loss:[0.00000108]
Loading 7885th epoch
Loss:[0.00000108]
Loading 7886th epoch
Loss:[0.00000108]
Loading 7887th epoch
Loss:[0.00000107]
Loading 7888th epoch
Loss:[0.00000107]
Loading 7889th epoch
Loss:[0.00000107]
Loading 7890th epoch
Loss:[0.00000107]
Loading 7891th epoch
Loss:[0.00000107]
Loading 7892th epoch
Loss:[0.00000107]
Loading 7893th epoch
Loss:[0.00000107]
Loading 7894th epoch
Loss:[0.00000107]
Loading 7895th epoch
Loss:[0.00000107]
Loading 7896th epoch
Loss:[0.00000107]
Loading 7897th epoch
Loss:[0.00000107]
Loading 7898th epoch
Loss:[0.00000107]
Loading 7899th epoch
Loss:[0.00000107]
Loading 7900th epoch
Loss:[0.00000107]
Loading 7901th epoch
Loss:[0.00000107]
Loading 7902th epoch
Loss:[0.00000107]
Loading 7903th epoch
Loss:[0.00000107]
Loading 7904th epoch
Loss:[0.00000106]
Loading 7905th epoch
Loss:[0.00000106]
Loading 7906th epoch
Loss:[0.00000106]
Loading 7907th epoch
Loss:[0.00000106]
Loading 7908th epoch
Loss:[0.00000106]
Loading 7909th epoch
Loss:[0.00000106]
Loading 7910th epoch
Loss:[0.00000106]
Loading 7911th epoch
Loss:[0.00000106]
Loading 7912th epoch
Loss:[0.00000106]
Loading 7913th epoch
Loss:[0.00000106]
Loading 7914th epoch
Loss:[0.00000106]
Loading 7915th epoch
Loss:[0.00000106]
Loading 7916th epoch
Loss:[0.00000106]
Loading 7917th epoch
Loss:[0.00000106]
Loading 7918th epoch
Loss:[0.00000106]
Loading 7919th epoch
Loss:[0.00000106]
Loading 7920th epoch
Loss:[0.00000105]
Loading 7921th epoch
Loss:[0.00000105]
Loading 7922th epoch
Loss:[0.00000105]
Loading 7923th epoch
Loss:[0.00000105]
Loading 7924th epoch
Loss:[0.00000105]
Loading 7925th epoch
Loss:[0.00000105]
Loading 7926th epoch
Loss:[0.00000105]
Loading 7927th epoch
Loss:[0.00000105]
Loading 7928th epoch
Loss:[0.00000105]
Loading 7929th epoch
Loss:[0.00000105]
Loading 7930th epoch
Loss:[0.00000105]
Loading 7931th epoch
Loss:[0.00000105]
Loading 7932th epoch
Loss:[0.00000105]
Loading 7933th epoch
Loss:[0.00000105]
Loading 7934th epoch
Loss:[0.00000105]
Loading 7935th epoch
Loss:[0.00000105]
Loading 7936th epoch
Loss:[0.00000105]
Loading 7937th epoch
Loss:[0.00000104]
Loading 7938th epoch
Loss:[0.00000104]
Loading 7939th epoch
Loss:[0.00000104]
Loading 7940th epoch
Loss:[0.00000104]
Loading 7941th epoch
Loss:[0.00000104]
Loading 7942th epoch
Loss:[0.00000104]
Loading 7943th epoch
Loss:[0.00000104]
Loading 7944th epoch
Loss:[0.00000104]
Loading 7945th epoch
Loss:[0.00000104]
Loading 7946th epoch
Loss:[0.00000104]
Loading 7947th epoch
Loss:[0.00000104]
Loading 7948th epoch
Loss:[0.00000104]
Loading 7949th epoch
Loss:[0.00000104]
Loading 7950th epoch
Loss:[0.00000104]
Loading 7951th epoch
Loss:[0.00000104]
Loading 7952th epoch
Loss:[0.00000104]
Loading 7953th epoch
Loss:[0.00000103]
Loading 7954th epoch
Loss:[0.00000103]
Loading 7955th epoch
Loss:[0.00000103]
Loading 7956th epoch
Loss:[0.00000103]
Loading 7957th epoch
Loss:[0.00000103]
Loading 7958th epoch
Loss:[0.00000103]
Loading 7959th epoch
Loss:[0.00000103]
Loading 7960th epoch
Loss:[0.00000103]
Loading 7961th epoch
Loss:[0.00000103]
Loading 7962th epoch
Loss:[0.00000103]
Loading 7963th epoch
Loss:[0.00000103]
Loading 7964th epoch
Loss:[0.00000103]
Loading 7965th epoch
Loss:[0.00000103]
Loading 7966th epoch
Loss:[0.00000103]
Loading 7967th epoch
Loss:[0.00000103]
Loading 7968th epoch
Loss:[0.00000103]
Loading 7969th epoch
Loss:[0.00000103]
Loading 7970th epoch
Loss:[0.00000102]
Loading 7971th epoch
Loss:[0.00000102]
Loading 7972th epoch
Loss:[0.00000102]
Loading 7973th epoch
Loss:[0.00000102]
Loading 7974th epoch
Loss:[0.00000102]
Loading 7975th epoch
Loss:[0.00000102]
Loading 7976th epoch
Loss:[0.00000102]
Loading 7977th epoch
Loss:[0.00000102]
Loading 7978th epoch
Loss:[0.00000102]
Loading 7979th epoch
Loss:[0.00000102]
Loading 7980th epoch
Loss:[0.00000102]
Loading 7981th epoch
Loss:[0.00000102]
Loading 7982th epoch
Loss:[0.00000102]
Loading 7983th epoch
Loss:[0.00000102]
Loading 7984th epoch
Loss:[0.00000102]
Loading 7985th epoch
Loss:[0.00000102]
Loading 7986th epoch
Loss:[0.00000102]
Loading 7987th epoch
Loss:[0.00000101]
Loading 7988th epoch
Loss:[0.00000101]
Loading 7989th epoch
Loss:[0.00000101]
Loading 7990th epoch
Loss:[0.00000101]
Loading 7991th epoch
Loss:[0.00000101]
Loading 7992th epoch
Loss:[0.00000101]
Loading 7993th epoch
Loss:[0.00000101]
Loading 7994th epoch
Loss:[0.00000101]
Loading 7995th epoch
Loss:[0.00000101]
Loading 7996th epoch
Loss:[0.00000101]
Loading 7997th epoch
Loss:[0.00000101]
Loading 7998th epoch
[ReliabilityLoss] step=8000 mode=descriptor pos(mean/min/max)=0.9645/0.2441/1.0000 neg(mean/min/max)=0.6056/0.3046/0.9202 base_bce=0.000000 weighted_bce=0.000000 weighted/base=0.6897
Loss:[0.00000101]
Loading 7999th epoch
Loss:[0.00000101]
Loading 8000th epoch
Loss:[0.00000101]
Loading 8001th epoch
Loss:[0.00000101]
Loading 8002th epoch
Loss:[0.00000101]
Loading 8003th epoch
Loss:[0.00000101]
Loading 8004th epoch
Loss:[0.00000100]
Loading 8005th epoch
Loss:[0.00000100]
Loading 8006th epoch
Loss:[0.00000100]
Loading 8007th epoch
Loss:[0.00000100]
Loading 8008th epoch
Loss:[0.00000100]
Loading 8009th epoch
Loss:[0.00000100]
Loading 8010th epoch
Loss:[0.00000100]
Loading 8011th epoch
Loss:[0.00000100]
Loading 8012th epoch
Loss:[0.00000100]
Loading 8013th epoch
Loss:[0.00000100]
Loading 8014th epoch
Loss:[0.00000100]
Loading 8015th epoch
Loss:[0.00000100]
Loading 8016th epoch
Loss:[0.00000100]
Loading 8017th epoch
Loss:[0.00000100]
Loading 8018th epoch
Loss:[0.00000100]
Loading 8019th epoch
Loss:[0.00000100]
Loading 8020th epoch
Loss:[0.00000100]
Loading 8021th epoch
Loss:[0.00000100]
Loading 8022th epoch
Loss:[0.00000100]
Loading 8023th epoch
Loss:[0.00000099]
Loading 8024th epoch
Loss:[0.00000099]
Loading 8025th epoch
Loss:[0.00000099]
Loading 8026th epoch
Loss:[0.00000099]
Loading 8027th epoch
Loss:[0.00000099]
Loading 8028th epoch
Loss:[0.00000099]
Loading 8029th epoch
Loss:[0.00000099]
Loading 8030th epoch
Loss:[0.00000099]
Loading 8031th epoch
Loss:[0.00000099]
Loading 8032th epoch
Loss:[0.00000099]
Loading 8033th epoch
Loss:[0.00000099]
Loading 8034th epoch
Loss:[0.00000099]
Loading 8035th epoch
Loss:[0.00000099]
Loading 8036th epoch
Loss:[0.00000099]
Loading 8037th epoch
Loss:[0.00000099]
Loading 8038th epoch
Loss:[0.00000099]
Loading 8039th epoch
Loss:[0.00000099]
Loading 8040th epoch
Loss:[0.00000098]
Loading 8041th epoch
Loss:[0.00000098]
Loading 8042th epoch
Loss:[0.00000098]
Loading 8043th epoch
Loss:[0.00000098]
Loading 8044th epoch
Loss:[0.00000098]
Loading 8045th epoch
Loss:[0.00000098]
Loading 8046th epoch
Loss:[0.00000098]
Loading 8047th epoch
Loss:[0.00000098]
Loading 8048th epoch
Loss:[0.00000098]
Loading 8049th epoch
Loss:[0.00000098]
Loading 8050th epoch
Loss:[0.00000098]
Loading 8051th epoch
Loss:[0.00000098]
Loading 8052th epoch
Loss:[0.00000098]
Loading 8053th epoch
Loss:[0.00000098]
Loading 8054th epoch
Loss:[0.00000098]
Loading 8055th epoch
Loss:[0.00000098]
Loading 8056th epoch
Loss:[0.00000098]
Loading 8057th epoch
Loss:[0.00000098]
Loading 8058th epoch
Loss:[0.00000097]
Loading 8059th epoch
Loss:[0.00000097]
Loading 8060th epoch
Loss:[0.00000097]
Loading 8061th epoch
Loss:[0.00000097]
Loading 8062th epoch
Loss:[0.00000097]
Loading 8063th epoch
Loss:[0.00000097]
Loading 8064th epoch
Loss:[0.00000097]
Loading 8065th epoch
Loss:[0.00000097]
Loading 8066th epoch
Loss:[0.00000097]
Loading 8067th epoch
Loss:[0.00000097]
Loading 8068th epoch
Loss:[0.00000097]
Loading 8069th epoch
Loss:[0.00000097]
Loading 8070th epoch
Loss:[0.00000097]
Loading 8071th epoch
Loss:[0.00000097]
Loading 8072th epoch
Loss:[0.00000097]
Loading 8073th epoch
Loss:[0.00000097]
Loading 8074th epoch
Loss:[0.00000097]
Loading 8075th epoch
Loss:[0.00000097]
Loading 8076th epoch
Loss:[0.00000097]
Loading 8077th epoch
Loss:[0.00000096]
Loading 8078th epoch
Loss:[0.00000096]
Loading 8079th epoch
Loss:[0.00000096]
Loading 8080th epoch
Loss:[0.00000096]
Loading 8081th epoch
Loss:[0.00000096]
Loading 8082th epoch
Loss:[0.00000096]
Loading 8083th epoch
Loss:[0.00000096]
Loading 8084th epoch
Loss:[0.00000096]
Loading 8085th epoch
Loss:[0.00000096]
Loading 8086th epoch
Loss:[0.00000096]
Loading 8087th epoch
Loss:[0.00000096]
Loading 8088th epoch
Loss:[0.00000096]
Loading 8089th epoch
Loss:[0.00000096]
Loading 8090th epoch
Loss:[0.00000096]
Loading 8091th epoch
Loss:[0.00000096]
Loading 8092th epoch
Loss:[0.00000096]
Loading 8093th epoch
Loss:[0.00000096]
Loading 8094th epoch
Loss:[0.00000096]
Loading 8095th epoch
Loss:[0.00000095]
Loading 8096th epoch
Loss:[0.00000095]
Loading 8097th epoch
Loss:[0.00000095]
Loading 8098th epoch
Loss:[0.00000095]
Loading 8099th epoch
Loss:[0.00000095]
Loading 8100th epoch
Loss:[0.00000095]
Loading 8101th epoch
Loss:[0.00000095]
Loading 8102th epoch
Loss:[0.00000095]
Loading 8103th epoch
Loss:[0.00000095]
Loading 8104th epoch
Loss:[0.00000095]
Loading 8105th epoch
Loss:[0.00000095]
Loading 8106th epoch
Loss:[0.00000095]
Loading 8107th epoch
Loss:[0.00000095]
Loading 8108th epoch
Loss:[0.00000095]
Loading 8109th epoch
Loss:[0.00000095]
Loading 8110th epoch
Loss:[0.00000095]
Loading 8111th epoch
Loss:[0.00000095]
Loading 8112th epoch
Loss:[0.00000095]
Loading 8113th epoch
Loss:[0.00000095]
Loading 8114th epoch
Loss:[0.00000094]
Loading 8115th epoch
Loss:[0.00000094]
Loading 8116th epoch
Loss:[0.00000094]
Loading 8117th epoch
Loss:[0.00000094]
Loading 8118th epoch
Loss:[0.00000094]
Loading 8119th epoch
Loss:[0.00000094]
Loading 8120th epoch
Loss:[0.00000094]
Loading 8121th epoch
Loss:[0.00000094]
Loading 8122th epoch
Loss:[0.00000094]
Loading 8123th epoch
Loss:[0.00000094]
Loading 8124th epoch
Loss:[0.00000094]
Loading 8125th epoch
Loss:[0.00000094]
Loading 8126th epoch
Loss:[0.00000094]
Loading 8127th epoch
Loss:[0.00000094]
Loading 8128th epoch
Loss:[0.00000094]
Loading 8129th epoch
Loss:[0.00000094]
Loading 8130th epoch
Loss:[0.00000094]
Loading 8131th epoch
Loss:[0.00000094]
Loading 8132th epoch
Loss:[0.00000094]
Loading 8133th epoch
Loss:[0.00000093]
Loading 8134th epoch
Loss:[0.00000093]
Loading 8135th epoch
Loss:[0.00000093]
Loading 8136th epoch
Loss:[0.00000093]
Loading 8137th epoch
Loss:[0.00000093]
Loading 8138th epoch
Loss:[0.00000093]
Loading 8139th epoch
Loss:[0.00000093]
Loading 8140th epoch
Loss:[0.00000093]
Loading 8141th epoch
Loss:[0.00000093]
Loading 8142th epoch
Loss:[0.00000093]
Loading 8143th epoch
Loss:[0.00000093]
Loading 8144th epoch
Loss:[0.00000093]
Loading 8145th epoch
Loss:[0.00000093]
Loading 8146th epoch
Loss:[0.00000093]
Loading 8147th epoch
Loss:[0.00000093]
Loading 8148th epoch
Loss:[0.00000093]
Loading 8149th epoch
Loss:[0.00000093]
Loading 8150th epoch
Loss:[0.00000093]
Loading 8151th epoch
Loss:[0.00000093]
Loading 8152th epoch
Loss:[0.00000092]
Loading 8153th epoch
Loss:[0.00000092]
Loading 8154th epoch
Loss:[0.00000092]
Loading 8155th epoch
Loss:[0.00000092]
Loading 8156th epoch
Loss:[0.00000092]
Loading 8157th epoch
Loss:[0.00000092]
Loading 8158th epoch
Loss:[0.00000092]
Loading 8159th epoch
Loss:[0.00000092]
Loading 8160th epoch
Loss:[0.00000092]
Loading 8161th epoch
Loss:[0.00000092]
Loading 8162th epoch
Loss:[0.00000092]
Loading 8163th epoch
Loss:[0.00000092]
Loading 8164th epoch
Loss:[0.00000092]
Loading 8165th epoch
Loss:[0.00000092]
Loading 8166th epoch
Loss:[0.00000092]
Loading 8167th epoch
Loss:[0.00000092]
Loading 8168th epoch
Loss:[0.00000092]
Loading 8169th epoch
Loss:[0.00000092]
Loading 8170th epoch
Loss:[0.00000092]
Loading 8171th epoch
Loss:[0.00000091]
Loading 8172th epoch
Loss:[0.00000091]
Loading 8173th epoch
Loss:[0.00000091]
Loading 8174th epoch
Loss:[0.00000091]
Loading 8175th epoch
Loss:[0.00000091]
Loading 8176th epoch
Loss:[0.00000091]
Loading 8177th epoch
Loss:[0.00000091]
Loading 8178th epoch
Loss:[0.00000091]
Loading 8179th epoch
Loss:[0.00000091]
Loading 8180th epoch
Loss:[0.00000091]
Loading 8181th epoch
Loss:[0.00000091]
Loading 8182th epoch
Loss:[0.00000091]
Loading 8183th epoch
Loss:[0.00000091]
Loading 8184th epoch
Loss:[0.00000091]
Loading 8185th epoch
Loss:[0.00000091]
Loading 8186th epoch
Loss:[0.00000091]
Loading 8187th epoch
Loss:[0.00000091]
Loading 8188th epoch
Loss:[0.00000091]
Loading 8189th epoch
Loss:[0.00000090]
Loading 8190th epoch
Loss:[0.00000090]
Loading 8191th epoch
Loss:[0.00000090]
Loading 8192th epoch
Loss:[0.00000090]
Loading 8193th epoch
Loss:[0.00000090]
Loading 8194th epoch
Loss:[0.00000090]
Loading 8195th epoch
Loss:[0.00000090]
Loading 8196th epoch
Loss:[0.00000090]
Loading 8197th epoch
Loss:[0.00000090]
Loading 8198th epoch
Loss:[0.00000090]
Loading 8199th epoch
Loss:[0.00000090]
Loading 8200th epoch
Loss:[0.00000090]
Loading 8201th epoch
Loss:[0.00000090]
Loading 8202th epoch
Loss:[0.00000090]
Loading 8203th epoch
Loss:[0.00000090]
Loading 8204th epoch
Loss:[0.00000090]
Loading 8205th epoch
Loss:[0.00000090]
Loading 8206th epoch
Loss:[0.00000090]
Loading 8207th epoch
Loss:[0.00000090]
Loading 8208th epoch
Loss:[0.00000090]
Loading 8209th epoch
Loss:[0.00000089]
Loading 8210th epoch
Loss:[0.00000089]
Loading 8211th epoch
Loss:[0.00000089]
Loading 8212th epoch
Loss:[0.00000089]
Loading 8213th epoch
Loss:[0.00000089]
Loading 8214th epoch
Loss:[0.00000089]
Loading 8215th epoch
Loss:[0.00000089]
Loading 8216th epoch
Loss:[0.00000089]
Loading 8217th epoch
Loss:[0.00000089]
Loading 8218th epoch
Loss:[0.00000089]
Loading 8219th epoch
Loss:[0.00000089]
Loading 8220th epoch
Loss:[0.00000089]
Loading 8221th epoch
Loss:[0.00000089]
Loading 8222th epoch
Loss:[0.00000089]
Loading 8223th epoch
Loss:[0.00000089]
Loading 8224th epoch
Loss:[0.00000089]
Loading 8225th epoch
Loss:[0.00000089]
Loading 8226th epoch
Loss:[0.00000089]
Loading 8227th epoch
Loss:[0.00000089]
Loading 8228th epoch
Loss:[0.00000088]
Loading 8229th epoch
Loss:[0.00000088]
Loading 8230th epoch
Loss:[0.00000088]
Loading 8231th epoch
Loss:[0.00000088]
Loading 8232th epoch
Loss:[0.00000088]
Loading 8233th epoch
Loss:[0.00000088]
Loading 8234th epoch
Loss:[0.00000088]
Loading 8235th epoch
Loss:[0.00000088]
Loading 8236th epoch
Loss:[0.00000088]
Loading 8237th epoch
Loss:[0.00000088]
Loading 8238th epoch
Loss:[0.00000088]
Loading 8239th epoch
Loss:[0.00000088]
Loading 8240th epoch
Loss:[0.00000088]
Loading 8241th epoch
Loss:[0.00000088]
Loading 8242th epoch
Loss:[0.00000088]
Loading 8243th epoch
Loss:[0.00000088]
Loading 8244th epoch
Loss:[0.00000088]
Loading 8245th epoch
Loss:[0.00000088]
Loading 8246th epoch
Loss:[0.00000088]
Loading 8247th epoch
Loss:[0.00000088]
Loading 8248th epoch
Loss:[0.00000087]
Loading 8249th epoch
Loss:[0.00000087]
Loading 8250th epoch
Loss:[0.00000087]
Loading 8251th epoch
Loss:[0.00000087]
Loading 8252th epoch
Loss:[0.00000087]
Loading 8253th epoch
Loss:[0.00000087]
Loading 8254th epoch
Loss:[0.00000087]
Loading 8255th epoch
Loss:[0.00000087]
Loading 8256th epoch
Loss:[0.00000087]
Loading 8257th epoch
Loss:[0.00000087]
Loading 8258th epoch
Loss:[0.00000087]
Loading 8259th epoch
Loss:[0.00000087]
Loading 8260th epoch
Loss:[0.00000087]
Loading 8261th epoch
Loss:[0.00000087]
Loading 8262th epoch
Loss:[0.00000087]
Loading 8263th epoch
Loss:[0.00000087]
Loading 8264th epoch
Loss:[0.00000087]
Loading 8265th epoch
Loss:[0.00000087]
Loading 8266th epoch
Loss:[0.00000087]
Loading 8267th epoch
Loss:[0.00000087]
Loading 8268th epoch
Loss:[0.00000086]
Loading 8269th epoch
Loss:[0.00000086]
Loading 8270th epoch
Loss:[0.00000086]
Loading 8271th epoch
Loss:[0.00000086]
Loading 8272th epoch
Loss:[0.00000086]
Loading 8273th epoch
Loss:[0.00000086]
Loading 8274th epoch
Loss:[0.00000086]
Loading 8275th epoch
Loss:[0.00000086]
Loading 8276th epoch
Loss:[0.00000086]
Loading 8277th epoch
Loss:[0.00000086]
Loading 8278th epoch
Loss:[0.00000086]
Loading 8279th epoch
Loss:[0.00000086]
Loading 8280th epoch
Loss:[0.00000086]
Loading 8281th epoch
Loss:[0.00000086]
Loading 8282th epoch
Loss:[0.00000086]
Loading 8283th epoch
Loss:[0.00000086]
Loading 8284th epoch
Loss:[0.00000086]
Loading 8285th epoch
Loss:[0.00000086]
Loading 8286th epoch
Loss:[0.00000086]
Loading 8287th epoch
Loss:[0.00000086]
Loading 8288th epoch
Loss:[0.00000086]
Loading 8289th epoch
Loss:[0.00000086]
Loading 8290th epoch
Loss:[0.00000085]
Loading 8291th epoch
Loss:[0.00000085]
Loading 8292th epoch
Loss:[0.00000085]
Loading 8293th epoch
Loss:[0.00000085]
Loading 8294th epoch
Loss:[0.00000085]
Loading 8295th epoch
Loss:[0.00000085]
Loading 8296th epoch
Loss:[0.00000085]
Loading 8297th epoch
Loss:[0.00000085]
Loading 8298th epoch
Loss:[0.00000085]
Loading 8299th epoch
Loss:[0.00000085]
Loading 8300th epoch
Loss:[0.00000085]
Loading 8301th epoch
Loss:[0.00000085]
Loading 8302th epoch
Loss:[0.00000085]
Loading 8303th epoch
Loss:[0.00000085]
Loading 8304th epoch
Loss:[0.00000085]
Loading 8305th epoch
Loss:[0.00000085]
Loading 8306th epoch
Loss:[0.00000085]
Loading 8307th epoch
Loss:[0.00000085]
Loading 8308th epoch
Loss:[0.00000085]
Loading 8309th epoch
Loss:[0.00000085]
Loading 8310th epoch
Loss:[0.00000084]
Loading 8311th epoch
Loss:[0.00000084]
Loading 8312th epoch
Loss:[0.00000084]
Loading 8313th epoch
Loss:[0.00000084]
Loading 8314th epoch
Loss:[0.00000084]
Loading 8315th epoch
Loss:[0.00000084]
Loading 8316th epoch
Loss:[0.00000084]
Loading 8317th epoch
Loss:[0.00000084]
Loading 8318th epoch
Loss:[0.00000084]
Loading 8319th epoch
Loss:[0.00000084]
Loading 8320th epoch
Loss:[0.00000084]
Loading 8321th epoch
Loss:[0.00000084]
Loading 8322th epoch
Loss:[0.00000084]
Loading 8323th epoch
Loss:[0.00000084]
Loading 8324th epoch
Loss:[0.00000084]
Loading 8325th epoch
Loss:[0.00000084]
Loading 8326th epoch
Loss:[0.00000084]
Loading 8327th epoch
Loss:[0.00000084]
Loading 8328th epoch
Loss:[0.00000084]
Loading 8329th epoch
Loss:[0.00000084]
Loading 8330th epoch
Loss:[0.00000084]
Loading 8331th epoch
Loss:[0.00000084]
Loading 8332th epoch
Loss:[0.00000083]
Loading 8333th epoch
Loss:[0.00000083]
Loading 8334th epoch
Loss:[0.00000083]
Loading 8335th epoch
Loss:[0.00000083]
Loading 8336th epoch
Loss:[0.00000083]
Loading 8337th epoch
Loss:[0.00000083]
Loading 8338th epoch
Loss:[0.00000083]
Loading 8339th epoch
Loss:[0.00000083]
Loading 8340th epoch
Loss:[0.00000083]
Loading 8341th epoch
Loss:[0.00000083]
Loading 8342th epoch
Loss:[0.00000083]
Loading 8343th epoch
Loss:[0.00000083]
Loading 8344th epoch
Loss:[0.00000083]
Loading 8345th epoch
Loss:[0.00000083]
Loading 8346th epoch
Loss:[0.00000083]
Loading 8347th epoch
Loss:[0.00000083]
Loading 8348th epoch
Loss:[0.00000083]
Loading 8349th epoch
Loss:[0.00000083]
Loading 8350th epoch
Loss:[0.00000083]
Loading 8351th epoch
Loss:[0.00000083]
Loading 8352th epoch
Loss:[0.00000083]
Loading 8353th epoch
Loss:[0.00000082]
Loading 8354th epoch
Loss:[0.00000082]
Loading 8355th epoch
Loss:[0.00000082]
Loading 8356th epoch
Loss:[0.00000082]
Loading 8357th epoch
Loss:[0.00000082]
Loading 8358th epoch
Loss:[0.00000082]
Loading 8359th epoch
Loss:[0.00000082]
Loading 8360th epoch
Loss:[0.00000082]
Loading 8361th epoch
Loss:[0.00000082]
Loading 8362th epoch
Loss:[0.00000082]
Loading 8363th epoch
Loss:[0.00000082]
Loading 8364th epoch
Loss:[0.00000082]
Loading 8365th epoch
Loss:[0.00000082]
Loading 8366th epoch
Loss:[0.00000082]
Loading 8367th epoch
Loss:[0.00000082]
Loading 8368th epoch
Loss:[0.00000082]
Loading 8369th epoch
Loss:[0.00000082]
Loading 8370th epoch
Loss:[0.00000082]
Loading 8371th epoch
Loss:[0.00000082]
Loading 8372th epoch
Loss:[0.00000082]
Loading 8373th epoch
Loss:[0.00000082]
Loading 8374th epoch
Loss:[0.00000082]
Loading 8375th epoch
Loss:[0.00000081]
Loading 8376th epoch
Loss:[0.00000081]
Loading 8377th epoch
Loss:[0.00000081]
Loading 8378th epoch
Loss:[0.00000081]
Loading 8379th epoch
Loss:[0.00000081]
Loading 8380th epoch
Loss:[0.00000081]
Loading 8381th epoch
Loss:[0.00000081]
Loading 8382th epoch
Loss:[0.00000081]
Loading 8383th epoch
Loss:[0.00000081]
Loading 8384th epoch
Loss:[0.00000081]
Loading 8385th epoch
Loss:[0.00000081]
Loading 8386th epoch
Loss:[0.00000081]
Loading 8387th epoch
Loss:[0.00000081]
Loading 8388th epoch
Loss:[0.00000081]
Loading 8389th epoch
Loss:[0.00000081]
Loading 8390th epoch
Loss:[0.00000081]
Loading 8391th epoch
Loss:[0.00000081]
Loading 8392th epoch
Loss:[0.00000081]
Loading 8393th epoch
Loss:[0.00000081]
Loading 8394th epoch
Loss:[0.00000081]
Loading 8395th epoch
Loss:[0.00000081]
Loading 8396th epoch
Loss:[0.00000081]
Loading 8397th epoch
Loss:[0.00000080]
Loading 8398th epoch
Loss:[0.00000080]
Loading 8399th epoch
Loss:[0.00000080]
Loading 8400th epoch
Loss:[0.00000080]
Loading 8401th epoch
Loss:[0.00000080]
Loading 8402th epoch
Loss:[0.00000080]
Loading 8403th epoch
Loss:[0.00000080]
Loading 8404th epoch
Loss:[0.00000080]
Loading 8405th epoch
Loss:[0.00000080]
Loading 8406th epoch
Loss:[0.00000080]
Loading 8407th epoch
Loss:[0.00000080]
Loading 8408th epoch
Loss:[0.00000080]
Loading 8409th epoch
Loss:[0.00000080]
Loading 8410th epoch
Loss:[0.00000080]
Loading 8411th epoch
Loss:[0.00000080]
Loading 8412th epoch
Loss:[0.00000080]
Loading 8413th epoch
Loss:[0.00000080]
Loading 8414th epoch
Loss:[0.00000080]
Loading 8415th epoch
Loss:[0.00000080]
Loading 8416th epoch
Loss:[0.00000080]
Loading 8417th epoch
Loss:[0.00000080]
Loading 8418th epoch
Loss:[0.00000080]
Loading 8419th epoch
Loss:[0.00000079]
Loading 8420th epoch
Loss:[0.00000079]
Loading 8421th epoch
Loss:[0.00000079]
Loading 8422th epoch
Loss:[0.00000079]
Loading 8423th epoch
Loss:[0.00000079]
Loading 8424th epoch
Loss:[0.00000079]
Loading 8425th epoch
Loss:[0.00000079]
Loading 8426th epoch
Loss:[0.00000079]
Loading 8427th epoch
Loss:[0.00000079]
Loading 8428th epoch
Loss:[0.00000079]
Loading 8429th epoch
Loss:[0.00000079]
Loading 8430th epoch
Loss:[0.00000079]
Loading 8431th epoch
Loss:[0.00000079]
Loading 8432th epoch
Loss:[0.00000079]
Loading 8433th epoch
Loss:[0.00000079]
Loading 8434th epoch
Loss:[0.00000079]
Loading 8435th epoch
Loss:[0.00000079]
Loading 8436th epoch
Loss:[0.00000079]
Loading 8437th epoch
Loss:[0.00000079]
Loading 8438th epoch
Loss:[0.00000079]
Loading 8439th epoch
Loss:[0.00000079]
Loading 8440th epoch
Loss:[0.00000079]
Loading 8441th epoch
Loss:[0.00000078]
Loading 8442th epoch
Loss:[0.00000078]
Loading 8443th epoch
Loss:[0.00000078]
Loading 8444th epoch
Loss:[0.00000078]
Loading 8445th epoch
Loss:[0.00000078]
Loading 8446th epoch
Loss:[0.00000078]
Loading 8447th epoch
Loss:[0.00000078]
Loading 8448th epoch
Loss:[0.00000078]
Loading 8449th epoch
Loss:[0.00000078]
Loading 8450th epoch
Loss:[0.00000078]
Loading 8451th epoch
Loss:[0.00000078]
Loading 8452th epoch
Loss:[0.00000078]
Loading 8453th epoch
Loss:[0.00000078]
Loading 8454th epoch
Loss:[0.00000078]
Loading 8455th epoch
Loss:[0.00000078]
Loading 8456th epoch
Loss:[0.00000078]
Loading 8457th epoch
Loss:[0.00000078]
Loading 8458th epoch
Loss:[0.00000078]
Loading 8459th epoch
Loss:[0.00000078]
Loading 8460th epoch
Loss:[0.00000078]
Loading 8461th epoch
Loss:[0.00000078]
Loading 8462th epoch
Loss:[0.00000078]
Loading 8463th epoch
Loss:[0.00000078]
Loading 8464th epoch
Loss:[0.00000077]
Loading 8465th epoch
Loss:[0.00000077]
Loading 8466th epoch
Loss:[0.00000077]
Loading 8467th epoch
Loss:[0.00000077]
Loading 8468th epoch
Loss:[0.00000077]
Loading 8469th epoch
Loss:[0.00000077]
Loading 8470th epoch
Loss:[0.00000077]
Loading 8471th epoch
Loss:[0.00000077]
Loading 8472th epoch
Loss:[0.00000077]
Loading 8473th epoch
Loss:[0.00000077]
Loading 8474th epoch
Loss:[0.00000077]
Loading 8475th epoch
Loss:[0.00000077]
Loading 8476th epoch
Loss:[0.00000077]
Loading 8477th epoch
Loss:[0.00000077]
Loading 8478th epoch
Loss:[0.00000077]
Loading 8479th epoch
Loss:[0.00000077]
Loading 8480th epoch
Loss:[0.00000077]
Loading 8481th epoch
Loss:[0.00000077]
Loading 8482th epoch
Loss:[0.00000077]
Loading 8483th epoch
Loss:[0.00000077]
Loading 8484th epoch
Loss:[0.00000077]
Loading 8485th epoch
Loss:[0.00000077]
Loading 8486th epoch
Loss:[0.00000076]
Loading 8487th epoch
Loss:[0.00000076]
Loading 8488th epoch
Loss:[0.00000076]
Loading 8489th epoch
Loss:[0.00000076]
Loading 8490th epoch
Loss:[0.00000076]
Loading 8491th epoch
Loss:[0.00000076]
Loading 8492th epoch
Loss:[0.00000076]
Loading 8493th epoch
Loss:[0.00000076]
Loading 8494th epoch
Loss:[0.00000076]
Loading 8495th epoch
Loss:[0.00000076]
Loading 8496th epoch
Loss:[0.00000076]
Loading 8497th epoch
Loss:[0.00000076]
Loading 8498th epoch
[ReliabilityLoss] step=8500 mode=descriptor pos(mean/min/max)=0.9645/0.2441/1.0000 neg(mean/min/max)=0.6057/0.3046/0.9202 base_bce=0.000000 weighted_bce=0.000000 weighted/base=0.6908
Loss:[0.00000076]
Loading 8499th epoch
Loss:[0.00000076]
Loading 8500th epoch
Loss:[0.00000076]
Loading 8501th epoch
Loss:[0.00000076]
Loading 8502th epoch
Loss:[0.00000076]
Loading 8503th epoch
Loss:[0.00000076]
Loading 8504th epoch
Loss:[0.00000076]
Loading 8505th epoch
Loss:[0.00000076]
Loading 8506th epoch
Loss:[0.00000076]
Loading 8507th epoch
Loss:[0.00000076]
Loading 8508th epoch
Loss:[0.00000076]
Loading 8509th epoch
Loss:[0.00000076]
Loading 8510th epoch
Loss:[0.00000075]
Loading 8511th epoch
Loss:[0.00000075]
Loading 8512th epoch
Loss:[0.00000075]
Loading 8513th epoch
Loss:[0.00000075]
Loading 8514th epoch
Loss:[0.00000075]
Loading 8515th epoch
Loss:[0.00000075]
Loading 8516th epoch
Loss:[0.00000075]
Loading 8517th epoch
Loss:[0.00000075]
Loading 8518th epoch
Loss:[0.00000075]
Loading 8519th epoch
Loss:[0.00000075]
Loading 8520th epoch
Loss:[0.00000075]
Loading 8521th epoch
Loss:[0.00000075]
Loading 8522th epoch
Loss:[0.00000075]
Loading 8523th epoch
Loss:[0.00000075]
Loading 8524th epoch
Loss:[0.00000075]
Loading 8525th epoch
Loss:[0.00000075]
Loading 8526th epoch
Loss:[0.00000075]
Loading 8527th epoch
Loss:[0.00000075]
Loading 8528th epoch
Loss:[0.00000075]
Loading 8529th epoch
Loss:[0.00000075]
Loading 8530th epoch
Loss:[0.00000075]
Loading 8531th epoch
Loss:[0.00000075]
Loading 8532th epoch
Loss:[0.00000075]
Loading 8533th epoch
Loss:[0.00000074]
Loading 8534th epoch
Loss:[0.00000074]
Loading 8535th epoch
Loss:[0.00000074]
Loading 8536th epoch
Loss:[0.00000074]
Loading 8537th epoch
Loss:[0.00000074]
Loading 8538th epoch
Loss:[0.00000074]
Loading 8539th epoch
Loss:[0.00000074]
Loading 8540th epoch
Loss:[0.00000074]
Loading 8541th epoch
Loss:[0.00000074]
Loading 8542th epoch
Loss:[0.00000074]
Loading 8543th epoch
Loss:[0.00000074]
Loading 8544th epoch
Loss:[0.00000074]
Loading 8545th epoch
Loss:[0.00000074]
Loading 8546th epoch
Loss:[0.00000074]
Loading 8547th epoch
Loss:[0.00000074]
Loading 8548th epoch
Loss:[0.00000074]
Loading 8549th epoch
Loss:[0.00000074]
Loading 8550th epoch
Loss:[0.00000074]
Loading 8551th epoch
Loss:[0.00000074]
Loading 8552th epoch
Loss:[0.00000074]
Loading 8553th epoch
Loss:[0.00000074]
Loading 8554th epoch
Loss:[0.00000074]
Loading 8555th epoch
Loss:[0.00000074]
Loading 8556th epoch
Loss:[0.00000074]
Loading 8557th epoch
Loss:[0.00000074]
Loading 8558th epoch
Loss:[0.00000074]
Loading 8559th epoch
Loss:[0.00000073]
Loading 8560th epoch
Loss:[0.00000073]
Loading 8561th epoch
Loss:[0.00000073]
Loading 8562th epoch
Loss:[0.00000073]
Loading 8563th epoch
Loss:[0.00000073]
Loading 8564th epoch
Loss:[0.00000073]
Loading 8565th epoch
Loss:[0.00000073]
Loading 8566th epoch
Loss:[0.00000073]
Loading 8567th epoch
Loss:[0.00000073]
Loading 8568th epoch
Loss:[0.00000073]
Loading 8569th epoch
Loss:[0.00000073]
Loading 8570th epoch
Loss:[0.00000073]
Loading 8571th epoch
Loss:[0.00000073]
Loading 8572th epoch
Loss:[0.00000073]
Loading 8573th epoch
Loss:[0.00000073]
Loading 8574th epoch
Loss:[0.00000073]
Loading 8575th epoch
Loss:[0.00000073]
Loading 8576th epoch
Loss:[0.00000073]
Loading 8577th epoch
Loss:[0.00000073]
Loading 8578th epoch
Loss:[0.00000073]
Loading 8579th epoch
Loss:[0.00000073]
Loading 8580th epoch
Loss:[0.00000073]
Loading 8581th epoch
Loss:[0.00000073]
Loading 8582th epoch
Loss:[0.00000072]
Loading 8583th epoch
Loss:[0.00000072]
Loading 8584th epoch
Loss:[0.00000072]
Loading 8585th epoch
Loss:[0.00000072]
Loading 8586th epoch
Loss:[0.00000072]
Loading 8587th epoch
Loss:[0.00000072]
Loading 8588th epoch
Loss:[0.00000072]
Loading 8589th epoch
Loss:[0.00000072]
Loading 8590th epoch
Loss:[0.00000072]
Loading 8591th epoch
Loss:[0.00000072]
Loading 8592th epoch
Loss:[0.00000072]
Loading 8593th epoch
Loss:[0.00000072]
Loading 8594th epoch
Loss:[0.00000072]
Loading 8595th epoch
Loss:[0.00000072]
Loading 8596th epoch
Loss:[0.00000072]
Loading 8597th epoch
Loss:[0.00000072]
Loading 8598th epoch
Loss:[0.00000072]
Loading 8599th epoch
Loss:[0.00000072]
Loading 8600th epoch
Loss:[0.00000072]
Loading 8601th epoch
Loss:[0.00000072]
Loading 8602th epoch
Loss:[0.00000072]
Loading 8603th epoch
Loss:[0.00000072]
Loading 8604th epoch
Loss:[0.00000072]
Loading 8605th epoch
Loss:[0.00000072]
Loading 8606th epoch
Loss:[0.00000072]
Loading 8607th epoch
Loss:[0.00000072]
Loading 8608th epoch
Loss:[0.00000071]
Loading 8609th epoch
Loss:[0.00000071]
Loading 8610th epoch
Loss:[0.00000071]
Loading 8611th epoch
Loss:[0.00000071]
Loading 8612th epoch
Loss:[0.00000071]
Loading 8613th epoch
Loss:[0.00000071]
Loading 8614th epoch
Loss:[0.00000071]
Loading 8615th epoch
Loss:[0.00000071]
Loading 8616th epoch
Loss:[0.00000071]
Loading 8617th epoch
Loss:[0.00000071]
Loading 8618th epoch
Loss:[0.00000071]
Loading 8619th epoch
Loss:[0.00000071]
Loading 8620th epoch
Loss:[0.00000071]
Loading 8621th epoch
Loss:[0.00000071]
Loading 8622th epoch
Loss:[0.00000071]
Loading 8623th epoch
Loss:[0.00000071]
Loading 8624th epoch
Loss:[0.00000071]
Loading 8625th epoch
Loss:[0.00000071]
Loading 8626th epoch
Loss:[0.00000071]
Loading 8627th epoch
Loss:[0.00000071]
Loading 8628th epoch
Loss:[0.00000071]
Loading 8629th epoch
Loss:[0.00000071]
Loading 8630th epoch
Loss:[0.00000071]
Loading 8631th epoch
Loss:[0.00000071]
Loading 8632th epoch
Loss:[0.00000071]
Loading 8633th epoch
Loss:[0.00000071]
Loading 8634th epoch
Loss:[0.00000070]
Loading 8635th epoch
Loss:[0.00000070]
Loading 8636th epoch
Loss:[0.00000070]
Loading 8637th epoch
Loss:[0.00000070]
Loading 8638th epoch
Loss:[0.00000070]
Loading 8639th epoch
Loss:[0.00000070]
Loading 8640th epoch
Loss:[0.00000070]
Loading 8641th epoch
Loss:[0.00000070]
Loading 8642th epoch
Loss:[0.00000070]
Loading 8643th epoch
Loss:[0.00000070]
Loading 8644th epoch
Loss:[0.00000070]
Loading 8645th epoch
Loss:[0.00000070]
Loading 8646th epoch
Loss:[0.00000070]
Loading 8647th epoch
Loss:[0.00000070]
Loading 8648th epoch
Loss:[0.00000070]
Loading 8649th epoch
Loss:[0.00000070]
Loading 8650th epoch
Loss:[0.00000070]
Loading 8651th epoch
Loss:[0.00000070]
Loading 8652th epoch
Loss:[0.00000070]
Loading 8653th epoch
Loss:[0.00000070]
Loading 8654th epoch
Loss:[0.00000070]
Loading 8655th epoch
Loss:[0.00000070]
Loading 8656th epoch
Loss:[0.00000070]
Loading 8657th epoch
Loss:[0.00000070]
Loading 8658th epoch
Loss:[0.00000069]
Loading 8659th epoch
Loss:[0.00000069]
Loading 8660th epoch
Loss:[0.00000069]
Loading 8661th epoch
Loss:[0.00000069]
Loading 8662th epoch
Loss:[0.00000069]
Loading 8663th epoch
Loss:[0.00000069]
Loading 8664th epoch
Loss:[0.00000069]
Loading 8665th epoch
Loss:[0.00000069]
Loading 8666th epoch
Loss:[0.00000069]
Loading 8667th epoch
Loss:[0.00000069]
Loading 8668th epoch
Loss:[0.00000069]
Loading 8669th epoch
Loss:[0.00000069]
Loading 8670th epoch
Loss:[0.00000069]
Loading 8671th epoch
Loss:[0.00000069]
Loading 8672th epoch
Loss:[0.00000069]
Loading 8673th epoch
Loss:[0.00000069]
Loading 8674th epoch
Loss:[0.00000069]
Loading 8675th epoch
Loss:[0.00000069]
Loading 8676th epoch
Loss:[0.00000069]
Loading 8677th epoch
Loss:[0.00000069]
Loading 8678th epoch
Loss:[0.00000069]
Loading 8679th epoch
Loss:[0.00000069]
Loading 8680th epoch
Loss:[0.00000069]
Loading 8681th epoch
Loss:[0.00000069]
Loading 8682th epoch
Loss:[0.00000069]
Loading 8683th epoch
Loss:[0.00000069]
Loading 8684th epoch
Loss:[0.00000069]
Loading 8685th epoch
Loss:[0.00000068]
Loading 8686th epoch
Loss:[0.00000068]
Loading 8687th epoch
Loss:[0.00000068]
Loading 8688th epoch
Loss:[0.00000068]
Loading 8689th epoch
Loss:[0.00000068]
Loading 8690th epoch
Loss:[0.00000068]
Loading 8691th epoch
Loss:[0.00000068]
Loading 8692th epoch
Loss:[0.00000068]
Loading 8693th epoch
Loss:[0.00000068]
Loading 8694th epoch
Loss:[0.00000068]
Loading 8695th epoch
Loss:[0.00000068]
Loading 8696th epoch
Loss:[0.00000068]
Loading 8697th epoch
Loss:[0.00000068]
Loading 8698th epoch
Loss:[0.00000068]
Loading 8699th epoch
Loss:[0.00000068]
Loading 8700th epoch
Loss:[0.00000068]
Loading 8701th epoch
Loss:[0.00000068]
Loading 8702th epoch
Loss:[0.00000068]
Loading 8703th epoch
Loss:[0.00000068]
Loading 8704th epoch
Loss:[0.00000068]
Loading 8705th epoch
Loss:[0.00000068]
Loading 8706th epoch
Loss:[0.00000068]
Loading 8707th epoch
Loss:[0.00000068]
Loading 8708th epoch
Loss:[0.00000068]
Loading 8709th epoch
Loss:[0.00000067]
Loading 8710th epoch
Loss:[0.00000067]
Loading 8711th epoch
Loss:[0.00000067]
Loading 8712th epoch
Loss:[0.00000067]
Loading 8713th epoch
Loss:[0.00000067]
Loading 8714th epoch
Loss:[0.00000067]
Loading 8715th epoch
Loss:[0.00000067]
Loading 8716th epoch
Loss:[0.00000067]
Loading 8717th epoch
Loss:[0.00000067]
Loading 8718th epoch
Loss:[0.00000067]
Loading 8719th epoch
Loss:[0.00000067]
Loading 8720th epoch
Loss:[0.00000067]
Loading 8721th epoch
Loss:[0.00000067]
Loading 8722th epoch
Loss:[0.00000067]
Loading 8723th epoch
Loss:[0.00000067]
Loading 8724th epoch
Loss:[0.00000067]
Loading 8725th epoch
Loss:[0.00000067]
Loading 8726th epoch
Loss:[0.00000067]
Loading 8727th epoch
Loss:[0.00000067]
Loading 8728th epoch
Loss:[0.00000067]
Loading 8729th epoch
Loss:[0.00000067]
Loading 8730th epoch
Loss:[0.00000067]
Loading 8731th epoch
Loss:[0.00000067]
Loading 8732th epoch
Loss:[0.00000067]
Loading 8733th epoch
Loss:[0.00000067]
Loading 8734th epoch
Loss:[0.00000067]
Loading 8735th epoch
Loss:[0.00000067]
Loading 8736th epoch
Loss:[0.00000067]
Loading 8737th epoch
Loss:[0.00000067]
Loading 8738th epoch
Loss:[0.00000066]
Loading 8739th epoch
Loss:[0.00000066]
Loading 8740th epoch
Loss:[0.00000066]
Loading 8741th epoch
Loss:[0.00000066]
Loading 8742th epoch
Loss:[0.00000066]
Loading 8743th epoch
Loss:[0.00000066]
Loading 8744th epoch
Loss:[0.00000066]
Loading 8745th epoch
Loss:[0.00000066]
Loading 8746th epoch
Loss:[0.00000066]
Loading 8747th epoch
Loss:[0.00000066]
Loading 8748th epoch
Loss:[0.00000066]
Loading 8749th epoch
Loss:[0.00000066]
Loading 8750th epoch
Loss:[0.00000066]
Loading 8751th epoch
Loss:[0.00000066]
Loading 8752th epoch
Loss:[0.00000066]
Loading 8753th epoch
Loss:[0.00000066]
Loading 8754th epoch
Loss:[0.00000066]
Loading 8755th epoch
Loss:[0.00000066]
Loading 8756th epoch
Loss:[0.00000066]
Loading 8757th epoch
Loss:[0.00000066]
Loading 8758th epoch
Loss:[0.00000066]
Loading 8759th epoch
Loss:[0.00000066]
Loading 8760th epoch
Loss:[0.00000066]
Loading 8761th epoch
Loss:[0.00000066]
Loading 8762th epoch
Loss:[0.00000066]
Loading 8763th epoch
Loss:[0.00000066]
Loading 8764th epoch
Loss:[0.00000066]
Loading 8765th epoch
Loss:[0.00000065]
Loading 8766th epoch
Loss:[0.00000065]
Loading 8767th epoch
Loss:[0.00000065]
Loading 8768th epoch
Loss:[0.00000065]
Loading 8769th epoch
Loss:[0.00000065]
Loading 8770th epoch
Loss:[0.00000065]
Loading 8771th epoch
Loss:[0.00000065]
Loading 8772th epoch
Loss:[0.00000065]
Loading 8773th epoch
Loss:[0.00000065]
Loading 8774th epoch
Loss:[0.00000065]
Loading 8775th epoch
Loss:[0.00000065]
Loading 8776th epoch
Loss:[0.00000065]
Loading 8777th epoch
Loss:[0.00000065]
Loading 8778th epoch
Loss:[0.00000065]
Loading 8779th epoch
Loss:[0.00000065]
Loading 8780th epoch
Loss:[0.00000065]
Loading 8781th epoch
Loss:[0.00000065]
Loading 8782th epoch
Loss:[0.00000065]
Loading 8783th epoch
Loss:[0.00000065]
Loading 8784th epoch
Loss:[0.00000065]
Loading 8785th epoch
Loss:[0.00000065]
Loading 8786th epoch
Loss:[0.00000065]
Loading 8787th epoch
Loss:[0.00000065]
Loading 8788th epoch
Loss:[0.00000065]
Loading 8789th epoch
Loss:[0.00000065]
Loading 8790th epoch
Loss:[0.00000065]
Loading 8791th epoch
Loss:[0.00000065]
Loading 8792th epoch
Loss:[0.00000065]
Loading 8793th epoch
Loss:[0.00000064]
Loading 8794th epoch
Loss:[0.00000064]
Loading 8795th epoch
Loss:[0.00000064]
Loading 8796th epoch
Loss:[0.00000064]
Loading 8797th epoch
Loss:[0.00000064]
Loading 8798th epoch
Loss:[0.00000064]
Loading 8799th epoch
Loss:[0.00000064]
Loading 8800th epoch
Loss:[0.00000064]
Loading 8801th epoch
Loss:[0.00000064]
Loading 8802th epoch
Loss:[0.00000064]
Loading 8803th epoch
Loss:[0.00000064]
Loading 8804th epoch
Loss:[0.00000064]
Loading 8805th epoch
Loss:[0.00000064]
Loading 8806th epoch
Loss:[0.00000064]
Loading 8807th epoch
Loss:[0.00000064]
Loading 8808th epoch
Loss:[0.00000064]
Loading 8809th epoch
Loss:[0.00000064]
Loading 8810th epoch
Loss:[0.00000064]
Loading 8811th epoch
Loss:[0.00000064]
Loading 8812th epoch
Loss:[0.00000064]
Loading 8813th epoch
Loss:[0.00000064]
Loading 8814th epoch
Loss:[0.00000064]
Loading 8815th epoch
Loss:[0.00000064]
Loading 8816th epoch
Loss:[0.00000064]
Loading 8817th epoch
Loss:[0.00000064]
Loading 8818th epoch
Loss:[0.00000064]
Loading 8819th epoch
Loss:[0.00000063]
Loading 8820th epoch
Loss:[0.00000063]
Loading 8821th epoch
Loss:[0.00000063]
Loading 8822th epoch
Loss:[0.00000063]
Loading 8823th epoch
Loss:[0.00000063]
Loading 8824th epoch
Loss:[0.00000063]
Loading 8825th epoch
Loss:[0.00000063]
Loading 8826th epoch
Loss:[0.00000063]
Loading 8827th epoch
Loss:[0.00000063]
Loading 8828th epoch
Loss:[0.00000063]
Loading 8829th epoch
Loss:[0.00000063]
Loading 8830th epoch
Loss:[0.00000063]
Loading 8831th epoch
Loss:[0.00000063]
Loading 8832th epoch
Loss:[0.00000063]
Loading 8833th epoch
Loss:[0.00000063]
Loading 8834th epoch
Loss:[0.00000063]
Loading 8835th epoch
Loss:[0.00000063]
Loading 8836th epoch
Loss:[0.00000063]
Loading 8837th epoch
Loss:[0.00000063]
Loading 8838th epoch
Loss:[0.00000063]
Loading 8839th epoch
Loss:[0.00000063]
Loading 8840th epoch
Loss:[0.00000063]
Loading 8841th epoch
Loss:[0.00000063]
Loading 8842th epoch
Loss:[0.00000063]
Loading 8843th epoch
Loss:[0.00000063]
Loading 8844th epoch
Loss:[0.00000063]
Loading 8845th epoch
Loss:[0.00000063]
Loading 8846th epoch
Loss:[0.00000063]
Loading 8847th epoch
Loss:[0.00000062]
Loading 8848th epoch
Loss:[0.00000062]
Loading 8849th epoch
Loss:[0.00000062]
Loading 8850th epoch
Loss:[0.00000062]
Loading 8851th epoch
Loss:[0.00000062]
Loading 8852th epoch
Loss:[0.00000062]
Loading 8853th epoch
Loss:[0.00000062]
Loading 8854th epoch
Loss:[0.00000062]
Loading 8855th epoch
Loss:[0.00000062]
Loading 8856th epoch
Loss:[0.00000062]
Loading 8857th epoch
Loss:[0.00000062]
Loading 8858th epoch
Loss:[0.00000062]
Loading 8859th epoch
Loss:[0.00000062]
Loading 8860th epoch
Loss:[0.00000062]
Loading 8861th epoch
Loss:[0.00000062]
Loading 8862th epoch
Loss:[0.00000062]
Loading 8863th epoch
Loss:[0.00000062]
Loading 8864th epoch
Loss:[0.00000062]
Loading 8865th epoch
Loss:[0.00000062]
Loading 8866th epoch
Loss:[0.00000062]
Loading 8867th epoch
Loss:[0.00000062]
Loading 8868th epoch
Loss:[0.00000062]
Loading 8869th epoch
Loss:[0.00000062]
Loading 8870th epoch
Loss:[0.00000062]
Loading 8871th epoch
Loss:[0.00000062]
Loading 8872th epoch
Loss:[0.00000062]
Loading 8873th epoch
Loss:[0.00000062]
Loading 8874th epoch
Loss:[0.00000061]
Loading 8875th epoch
Loss:[0.00000061]
Loading 8876th epoch
Loss:[0.00000061]
Loading 8877th epoch
Loss:[0.00000061]
Loading 8878th epoch
Loss:[0.00000061]
Loading 8879th epoch
Loss:[0.00000061]
Loading 8880th epoch
Loss:[0.00000061]
Loading 8881th epoch
Loss:[0.00000061]
Loading 8882th epoch
Loss:[0.00000061]
Loading 8883th epoch
Loss:[0.00000061]
Loading 8884th epoch
Loss:[0.00000061]
Loading 8885th epoch
Loss:[0.00000061]
Loading 8886th epoch
Loss:[0.00000061]
Loading 8887th epoch
Loss:[0.00000061]
Loading 8888th epoch
Loss:[0.00000061]
Loading 8889th epoch
Loss:[0.00000061]
Loading 8890th epoch
Loss:[0.00000061]
Loading 8891th epoch
Loss:[0.00000061]
Loading 8892th epoch
Loss:[0.00000061]
Loading 8893th epoch
Loss:[0.00000061]
Loading 8894th epoch
Loss:[0.00000061]
Loading 8895th epoch
Loss:[0.00000061]
Loading 8896th epoch
Loss:[0.00000061]
Loading 8897th epoch
Loss:[0.00000061]
Loading 8898th epoch
Loss:[0.00000061]
Loading 8899th epoch
Loss:[0.00000061]
Loading 8900th epoch
Loss:[0.00000061]
Loading 8901th epoch
Loss:[0.00000061]
Loading 8902th epoch
Loss:[0.00000061]
Loading 8903th epoch
Loss:[0.00000060]
Loading 8904th epoch
Loss:[0.00000060]
Loading 8905th epoch
Loss:[0.00000060]
Loading 8906th epoch
Loss:[0.00000060]
Loading 8907th epoch
Loss:[0.00000060]
Loading 8908th epoch
Loss:[0.00000060]
Loading 8909th epoch
Loss:[0.00000060]
Loading 8910th epoch
Loss:[0.00000060]
Loading 8911th epoch
Loss:[0.00000060]
Loading 8912th epoch
Loss:[0.00000060]
Loading 8913th epoch
Loss:[0.00000060]
Loading 8914th epoch
Loss:[0.00000060]
Loading 8915th epoch
Loss:[0.00000060]
Loading 8916th epoch
Loss:[0.00000060]
Loading 8917th epoch
Loss:[0.00000060]
Loading 8918th epoch
Loss:[0.00000060]
Loading 8919th epoch
Loss:[0.00000060]
Loading 8920th epoch
Loss:[0.00000060]
Loading 8921th epoch
Loss:[0.00000060]
Loading 8922th epoch
Loss:[0.00000060]
Loading 8923th epoch
Loss:[0.00000060]
Loading 8924th epoch
Loss:[0.00000060]
Loading 8925th epoch
Loss:[0.00000060]
Loading 8926th epoch
Loss:[0.00000060]
Loading 8927th epoch
Loss:[0.00000060]
Loading 8928th epoch
Loss:[0.00000060]
Loading 8929th epoch
Loss:[0.00000060]
Loading 8930th epoch
Loss:[0.00000060]
Loading 8931th epoch
Loss:[0.00000060]
Loading 8932th epoch
Loss:[0.00000059]
Loading 8933th epoch
Loss:[0.00000059]
Loading 8934th epoch
Loss:[0.00000059]
Loading 8935th epoch
Loss:[0.00000059]
Loading 8936th epoch
Loss:[0.00000059]
Loading 8937th epoch
Loss:[0.00000059]
Loading 8938th epoch
Loss:[0.00000059]
Loading 8939th epoch
Loss:[0.00000059]
Loading 8940th epoch
Loss:[0.00000059]
Loading 8941th epoch
Loss:[0.00000059]
Loading 8942th epoch
Loss:[0.00000059]
Loading 8943th epoch
Loss:[0.00000059]
Loading 8944th epoch
Loss:[0.00000059]
Loading 8945th epoch
Loss:[0.00000059]
Loading 8946th epoch
Loss:[0.00000059]
Loading 8947th epoch
Loss:[0.00000059]
Loading 8948th epoch
Loss:[0.00000059]
Loading 8949th epoch
Loss:[0.00000059]
Loading 8950th epoch
Loss:[0.00000059]
Loading 8951th epoch
Loss:[0.00000059]
Loading 8952th epoch
Loss:[0.00000059]
Loading 8953th epoch
Loss:[0.00000059]
Loading 8954th epoch
Loss:[0.00000059]
Loading 8955th epoch
Loss:[0.00000059]
Loading 8956th epoch
Loss:[0.00000059]
Loading 8957th epoch
Loss:[0.00000059]
Loading 8958th epoch
Loss:[0.00000059]
Loading 8959th epoch
Loss:[0.00000059]
Loading 8960th epoch
Loss:[0.00000059]
Loading 8961th epoch
Loss:[0.00000059]
Loading 8962th epoch
Loss:[0.00000058]
Loading 8963th epoch
Loss:[0.00000058]
Loading 8964th epoch
Loss:[0.00000058]
Loading 8965th epoch
Loss:[0.00000058]
Loading 8966th epoch
Loss:[0.00000058]
Loading 8967th epoch
Loss:[0.00000058]
Loading 8968th epoch
Loss:[0.00000058]
Loading 8969th epoch
Loss:[0.00000058]
Loading 8970th epoch
Loss:[0.00000058]
Loading 8971th epoch
Loss:[0.00000058]
Loading 8972th epoch
Loss:[0.00000058]
Loading 8973th epoch
Loss:[0.00000058]
Loading 8974th epoch
Loss:[0.00000058]
Loading 8975th epoch
Loss:[0.00000058]
Loading 8976th epoch
Loss:[0.00000058]
Loading 8977th epoch
Loss:[0.00000058]
Loading 8978th epoch
Loss:[0.00000058]
Loading 8979th epoch
Loss:[0.00000058]
Loading 8980th epoch
Loss:[0.00000058]
Loading 8981th epoch
Loss:[0.00000058]
Loading 8982th epoch
Loss:[0.00000058]
Loading 8983th epoch
Loss:[0.00000058]
Loading 8984th epoch
Loss:[0.00000058]
Loading 8985th epoch
Loss:[0.00000058]
Loading 8986th epoch
Loss:[0.00000058]
Loading 8987th epoch
Loss:[0.00000058]
Loading 8988th epoch
Loss:[0.00000058]
Loading 8989th epoch
Loss:[0.00000058]
Loading 8990th epoch
Loss:[0.00000058]
Loading 8991th epoch
Loss:[0.00000058]
Loading 8992th epoch
Loss:[0.00000058]
Loading 8993th epoch
Loss:[0.00000058]
Loading 8994th epoch
Loss:[0.00000057]
Loading 8995th epoch
Loss:[0.00000057]
Loading 8996th epoch
Loss:[0.00000057]
Loading 8997th epoch
Loss:[0.00000057]
Loading 8998th epoch
[ReliabilityLoss] step=9000 mode=descriptor pos(mean/min/max)=0.9645/0.2441/1.0000 neg(mean/min/max)=0.6057/0.3046/0.9202 base_bce=0.000000 weighted_bce=0.000000 weighted/base=0.6923
Loss:[0.00000057]
Loading 8999th epoch
Loss:[0.00000057]
Loading 9000th epoch
Loss:[0.00000057]
Loading 9001th epoch
Loss:[0.00000057]
Loading 9002th epoch
Loss:[0.00000057]
Loading 9003th epoch
Loss:[0.00000057]
Loading 9004th epoch
Loss:[0.00000057]
Loading 9005th epoch
Loss:[0.00000057]
Loading 9006th epoch
Loss:[0.00000057]
Loading 9007th epoch
Loss:[0.00000057]
Loading 9008th epoch
Loss:[0.00000057]
Loading 9009th epoch
Loss:[0.00000057]
Loading 9010th epoch
Loss:[0.00000057]
Loading 9011th epoch
Loss:[0.00000057]
Loading 9012th epoch
Loss:[0.00000057]
Loading 9013th epoch
Loss:[0.00000057]
Loading 9014th epoch
Loss:[0.00000057]
Loading 9015th epoch
Loss:[0.00000057]
Loading 9016th epoch
Loss:[0.00000057]
Loading 9017th epoch
Loss:[0.00000057]
Loading 9018th epoch
Loss:[0.00000057]
Loading 9019th epoch
Loss:[0.00000057]
Loading 9020th epoch
Loss:[0.00000057]
Loading 9021th epoch
Loss:[0.00000057]
Loading 9022th epoch
Loss:[0.00000057]
Loading 9023th epoch
Loss:[0.00000057]
Loading 9024th epoch
Loss:[0.00000056]
Loading 9025th epoch
Loss:[0.00000056]
Loading 9026th epoch
Loss:[0.00000056]
Loading 9027th epoch
Loss:[0.00000056]
Loading 9028th epoch
Loss:[0.00000056]
Loading 9029th epoch
Loss:[0.00000056]
Loading 9030th epoch
Loss:[0.00000056]
Loading 9031th epoch
Loss:[0.00000056]
Loading 9032th epoch
Loss:[0.00000056]
Loading 9033th epoch
Loss:[0.00000056]
Loading 9034th epoch
Loss:[0.00000056]
Loading 9035th epoch
Loss:[0.00000056]
Loading 9036th epoch
Loss:[0.00000056]
Loading 9037th epoch
Loss:[0.00000056]
Loading 9038th epoch
Loss:[0.00000056]
Loading 9039th epoch
Loss:[0.00000056]
Loading 9040th epoch
Loss:[0.00000056]
Loading 9041th epoch
Loss:[0.00000056]
Loading 9042th epoch
Loss:[0.00000056]
Loading 9043th epoch
Loss:[0.00000056]
Loading 9044th epoch
Loss:[0.00000056]
Loading 9045th epoch
Loss:[0.00000056]
Loading 9046th epoch
Loss:[0.00000056]
Loading 9047th epoch
Loss:[0.00000056]
Loading 9048th epoch
Loss:[0.00000056]
Loading 9049th epoch
Loss:[0.00000056]
Loading 9050th epoch
Loss:[0.00000056]
Loading 9051th epoch
Loss:[0.00000056]
Loading 9052th epoch
Loss:[0.00000056]
Loading 9053th epoch
Loss:[0.00000056]
Loading 9054th epoch
Loss:[0.00000056]
Loading 9055th epoch
Loss:[0.00000056]
Loading 9056th epoch
Loss:[0.00000056]
Loading 9057th epoch
Loss:[0.00000056]
Loading 9058th epoch
Loss:[0.00000055]
Loading 9059th epoch
Loss:[0.00000055]
Loading 9060th epoch
Loss:[0.00000055]
Loading 9061th epoch
Loss:[0.00000055]
Loading 9062th epoch
Loss:[0.00000055]
Loading 9063th epoch
Loss:[0.00000055]
Loading 9064th epoch
Loss:[0.00000055]
Loading 9065th epoch
Loss:[0.00000055]
Loading 9066th epoch
Loss:[0.00000055]
Loading 9067th epoch
Loss:[0.00000055]
Loading 9068th epoch
Loss:[0.00000055]
Loading 9069th epoch
Loss:[0.00000055]
Loading 9070th epoch
Loss:[0.00000055]
Loading 9071th epoch
Loss:[0.00000055]
Loading 9072th epoch
Loss:[0.00000055]
Loading 9073th epoch
Loss:[0.00000055]
Loading 9074th epoch
Loss:[0.00000055]
Loading 9075th epoch
Loss:[0.00000055]
Loading 9076th epoch
Loss:[0.00000055]
Loading 9077th epoch
Loss:[0.00000055]
Loading 9078th epoch
Loss:[0.00000055]
Loading 9079th epoch
Loss:[0.00000055]
Loading 9080th epoch
Loss:[0.00000055]
Loading 9081th epoch
Loss:[0.00000055]
Loading 9082th epoch
Loss:[0.00000055]
Loading 9083th epoch
Loss:[0.00000055]
Loading 9084th epoch
Loss:[0.00000055]
Loading 9085th epoch
Loss:[0.00000055]
Loading 9086th epoch
Loss:[0.00000055]
Loading 9087th epoch
Loss:[0.00000055]
Loading 9088th epoch
Loss:[0.00000054]
Loading 9089th epoch
Loss:[0.00000054]
Loading 9090th epoch
Loss:[0.00000054]
Loading 9091th epoch
Loss:[0.00000054]
Loading 9092th epoch
Loss:[0.00000054]
Loading 9093th epoch
Loss:[0.00000054]
Loading 9094th epoch
Loss:[0.00000054]
Loading 9095th epoch
Loss:[0.00000054]
Loading 9096th epoch
Loss:[0.00000054]
Loading 9097th epoch
Loss:[0.00000054]
Loading 9098th epoch
Loss:[0.00000054]
Loading 9099th epoch
Loss:[0.00000054]
Loading 9100th epoch
Loss:[0.00000054]
Loading 9101th epoch
Loss:[0.00000054]
Loading 9102th epoch
Loss:[0.00000054]
Loading 9103th epoch
Loss:[0.00000054]
Loading 9104th epoch
Loss:[0.00000054]
Loading 9105th epoch
Loss:[0.00000054]
Loading 9106th epoch
Loss:[0.00000054]
Loading 9107th epoch
Loss:[0.00000054]
Loading 9108th epoch
Loss:[0.00000054]
Loading 9109th epoch
Loss:[0.00000054]
Loading 9110th epoch
Loss:[0.00000054]
Loading 9111th epoch
Loss:[0.00000054]
Loading 9112th epoch
Loss:[0.00000054]
Loading 9113th epoch
Loss:[0.00000054]
Loading 9114th epoch
Loss:[0.00000054]
Loading 9115th epoch
Loss:[0.00000054]
Loading 9116th epoch
Loss:[0.00000054]
Loading 9117th epoch
Loss:[0.00000054]
Loading 9118th epoch
Loss:[0.00000054]
Loading 9119th epoch
Loss:[0.00000054]
Loading 9120th epoch
Loss:[0.00000054]
Loading 9121th epoch
Loss:[0.00000054]
Loading 9122th epoch
Loss:[0.00000053]
Loading 9123th epoch
Loss:[0.00000053]
Loading 9124th epoch
Loss:[0.00000053]
Loading 9125th epoch
Loss:[0.00000053]
Loading 9126th epoch
Loss:[0.00000053]
Loading 9127th epoch
Loss:[0.00000053]
Loading 9128th epoch
Loss:[0.00000053]
Loading 9129th epoch
Loss:[0.00000053]
Loading 9130th epoch
Loss:[0.00000053]
Loading 9131th epoch
Loss:[0.00000053]
Loading 9132th epoch
Loss:[0.00000053]
Loading 9133th epoch
Loss:[0.00000053]
Loading 9134th epoch
Loss:[0.00000053]
Loading 9135th epoch
Loss:[0.00000053]
Loading 9136th epoch
Loss:[0.00000053]
Loading 9137th epoch
Loss:[0.00000053]
Loading 9138th epoch
Loss:[0.00000053]
Loading 9139th epoch
Loss:[0.00000053]
Loading 9140th epoch
Loss:[0.00000053]
Loading 9141th epoch
Loss:[0.00000053]
Loading 9142th epoch
Loss:[0.00000053]
Loading 9143th epoch
Loss:[0.00000053]
Loading 9144th epoch
Loss:[0.00000053]
Loading 9145th epoch
Loss:[0.00000053]
Loading 9146th epoch
Loss:[0.00000053]
Loading 9147th epoch
Loss:[0.00000053]
Loading 9148th epoch
Loss:[0.00000053]
Loading 9149th epoch
Loss:[0.00000053]
Loading 9150th epoch
Loss:[0.00000053]
Loading 9151th epoch
Loss:[0.00000053]
Loading 9152th epoch
Loss:[0.00000053]
Loading 9153th epoch
Loss:[0.00000053]
Loading 9154th epoch
Loss:[0.00000053]
Loading 9155th epoch
Loss:[0.00000052]
Loading 9156th epoch
Loss:[0.00000052]
Loading 9157th epoch
Loss:[0.00000052]
Loading 9158th epoch
Loss:[0.00000052]
Loading 9159th epoch
Loss:[0.00000052]
Loading 9160th epoch
Loss:[0.00000052]
Loading 9161th epoch
Loss:[0.00000052]
Loading 9162th epoch
Loss:[0.00000052]
Loading 9163th epoch
Loss:[0.00000052]
Loading 9164th epoch
Loss:[0.00000052]
Loading 9165th epoch
Loss:[0.00000052]
Loading 9166th epoch
Loss:[0.00000052]
Loading 9167th epoch
Loss:[0.00000052]
Loading 9168th epoch
Loss:[0.00000052]
Loading 9169th epoch
Loss:[0.00000052]
Loading 9170th epoch
Loss:[0.00000052]
Loading 9171th epoch
Loss:[0.00000052]
Loading 9172th epoch
Loss:[0.00000052]
Loading 9173th epoch
Loss:[0.00000052]
Loading 9174th epoch
Loss:[0.00000052]
Loading 9175th epoch
Loss:[0.00000052]
Loading 9176th epoch
Loss:[0.00000052]
Loading 9177th epoch
Loss:[0.00000052]
Loading 9178th epoch
Loss:[0.00000052]
Loading 9179th epoch
Loss:[0.00000052]
Loading 9180th epoch
Loss:[0.00000052]
Loading 9181th epoch
Loss:[0.00000052]
Loading 9182th epoch
Loss:[0.00000052]
Loading 9183th epoch
Loss:[0.00000052]
Loading 9184th epoch
Loss:[0.00000052]
Loading 9185th epoch
Loss:[0.00000052]
Loading 9186th epoch
Loss:[0.00000052]
Loading 9187th epoch
Loss:[0.00000051]
Loading 9188th epoch
Loss:[0.00000051]
Loading 9189th epoch
Loss:[0.00000051]
Loading 9190th epoch
Loss:[0.00000051]
Loading 9191th epoch
Loss:[0.00000051]
Loading 9192th epoch
Loss:[0.00000051]
Loading 9193th epoch
Loss:[0.00000051]
Loading 9194th epoch
Loss:[0.00000051]
Loading 9195th epoch
Loss:[0.00000051]
Loading 9196th epoch
Loss:[0.00000051]
Loading 9197th epoch
Loss:[0.00000051]
Loading 9198th epoch
Loss:[0.00000051]
Loading 9199th epoch
Loss:[0.00000051]
Loading 9200th epoch
Loss:[0.00000051]
Loading 9201th epoch
Loss:[0.00000051]
Loading 9202th epoch
Loss:[0.00000051]
Loading 9203th epoch
Loss:[0.00000051]
Loading 9204th epoch
Loss:[0.00000051]
Loading 9205th epoch
Loss:[0.00000051]
Loading 9206th epoch
Loss:[0.00000051]
Loading 9207th epoch
Loss:[0.00000051]
Loading 9208th epoch
Loss:[0.00000051]
Loading 9209th epoch
Loss:[0.00000051]
Loading 9210th epoch
Loss:[0.00000051]
Loading 9211th epoch
Loss:[0.00000051]
Loading 9212th epoch
Loss:[0.00000051]
Loading 9213th epoch
Loss:[0.00000051]
Loading 9214th epoch
Loss:[0.00000051]
Loading 9215th epoch
Loss:[0.00000051]
Loading 9216th epoch
Loss:[0.00000051]
Loading 9217th epoch
Loss:[0.00000051]
Loading 9218th epoch
Loss:[0.00000051]
Loading 9219th epoch
Loss:[0.00000051]
Loading 9220th epoch
Loss:[0.00000051]
Loading 9221th epoch
Loss:[0.00000051]
Loading 9222th epoch
Loss:[0.00000050]
Loading 9223th epoch
Loss:[0.00000050]
Loading 9224th epoch
Loss:[0.00000050]
Loading 9225th epoch
Loss:[0.00000050]
Loading 9226th epoch
Loss:[0.00000050]
Loading 9227th epoch
Loss:[0.00000050]
Loading 9228th epoch
Loss:[0.00000050]
Loading 9229th epoch
Loss:[0.00000050]
Loading 9230th epoch
Loss:[0.00000050]
Loading 9231th epoch
Loss:[0.00000050]
Loading 9232th epoch
Loss:[0.00000050]
Loading 9233th epoch
Loss:[0.00000050]
Loading 9234th epoch
Loss:[0.00000050]
Loading 9235th epoch
Loss:[0.00000050]
Loading 9236th epoch
Loss:[0.00000050]
Loading 9237th epoch
Loss:[0.00000050]
Loading 9238th epoch
Loss:[0.00000050]
Loading 9239th epoch
Loss:[0.00000050]
Loading 9240th epoch
Loss:[0.00000050]
Loading 9241th epoch
Loss:[0.00000050]
Loading 9242th epoch
Loss:[0.00000050]
Loading 9243th epoch
Loss:[0.00000050]
Loading 9244th epoch
Loss:[0.00000050]
Loading 9245th epoch
Loss:[0.00000050]
Loading 9246th epoch
Loss:[0.00000050]
Loading 9247th epoch
Loss:[0.00000050]
Loading 9248th epoch
Loss:[0.00000050]
Loading 9249th epoch
Loss:[0.00000050]
Loading 9250th epoch
Loss:[0.00000050]
Loading 9251th epoch
Loss:[0.00000050]
Loading 9252th epoch
Loss:[0.00000050]
Loading 9253th epoch
Loss:[0.00000050]
Loading 9254th epoch
Loss:[0.00000050]
Loading 9255th epoch
Loss:[0.00000050]
Loading 9256th epoch
Loss:[0.00000050]
Loading 9257th epoch
Loss:[0.00000049]
Loading 9258th epoch
Loss:[0.00000049]
Loading 9259th epoch
Loss:[0.00000049]
Loading 9260th epoch
Loss:[0.00000049]
Loading 9261th epoch
Loss:[0.00000049]
Loading 9262th epoch
Loss:[0.00000049]
Loading 9263th epoch
Loss:[0.00000049]
Loading 9264th epoch
Loss:[0.00000049]
Loading 9265th epoch
Loss:[0.00000049]
Loading 9266th epoch
Loss:[0.00000049]
Loading 9267th epoch
Loss:[0.00000049]
Loading 9268th epoch
Loss:[0.00000049]
Loading 9269th epoch
Loss:[0.00000049]
Loading 9270th epoch
Loss:[0.00000049]
Loading 9271th epoch
Loss:[0.00000049]
Loading 9272th epoch
Loss:[0.00000049]
Loading 9273th epoch
Loss:[0.00000049]
Loading 9274th epoch
Loss:[0.00000049]
Loading 9275th epoch
Loss:[0.00000049]
Loading 9276th epoch
Loss:[0.00000049]
Loading 9277th epoch
Loss:[0.00000049]
Loading 9278th epoch
Loss:[0.00000049]
Loading 9279th epoch
Loss:[0.00000049]
Loading 9280th epoch
Loss:[0.00000049]
Loading 9281th epoch
Loss:[0.00000049]
Loading 9282th epoch
Loss:[0.00000049]
Loading 9283th epoch
Loss:[0.00000049]
Loading 9284th epoch
Loss:[0.00000049]
Loading 9285th epoch
Loss:[0.00000049]
Loading 9286th epoch
Loss:[0.00000049]
Loading 9287th epoch
Loss:[0.00000049]
Loading 9288th epoch
Loss:[0.00000049]
Loading 9289th epoch
Loss:[0.00000049]
Loading 9290th epoch
Loss:[0.00000049]
Loading 9291th epoch
Loss:[0.00000049]
Loading 9292th epoch
Loss:[0.00000049]
Loading 9293th epoch
Loss:[0.00000049]
Loading 9294th epoch
Loss:[0.00000049]
Loading 9295th epoch
Loss:[0.00000048]
Loading 9296th epoch
Loss:[0.00000048]
Loading 9297th epoch
Loss:[0.00000048]
Loading 9298th epoch
Loss:[0.00000048]
Loading 9299th epoch
Loss:[0.00000048]
Loading 9300th epoch
Loss:[0.00000048]
Loading 9301th epoch
Loss:[0.00000048]
Loading 9302th epoch
Loss:[0.00000048]
Loading 9303th epoch
Loss:[0.00000048]
Loading 9304th epoch
Loss:[0.00000048]
Loading 9305th epoch
Loss:[0.00000048]
Loading 9306th epoch
Loss:[0.00000048]
Loading 9307th epoch
Loss:[0.00000048]
Loading 9308th epoch
Loss:[0.00000048]
Loading 9309th epoch
Loss:[0.00000048]
Loading 9310th epoch
Loss:[0.00000048]
Loading 9311th epoch
Loss:[0.00000048]
Loading 9312th epoch
Loss:[0.00000048]
Loading 9313th epoch
Loss:[0.00000048]
Loading 9314th epoch
Loss:[0.00000048]
Loading 9315th epoch
Loss:[0.00000048]
Loading 9316th epoch
Loss:[0.00000048]
Loading 9317th epoch
Loss:[0.00000048]
Loading 9318th epoch
Loss:[0.00000048]
Loading 9319th epoch
Loss:[0.00000048]
Loading 9320th epoch
Loss:[0.00000048]
Loading 9321th epoch
Loss:[0.00000048]
Loading 9322th epoch
Loss:[0.00000048]
Loading 9323th epoch
Loss:[0.00000048]
Loading 9324th epoch
Loss:[0.00000048]
Loading 9325th epoch
Loss:[0.00000048]
Loading 9326th epoch
Loss:[0.00000048]
Loading 9327th epoch
Loss:[0.00000048]
Loading 9328th epoch
Loss:[0.00000048]
Loading 9329th epoch
Loss:[0.00000048]
Loading 9330th epoch
Loss:[0.00000047]
Loading 9331th epoch
Loss:[0.00000047]
Loading 9332th epoch
Loss:[0.00000047]
Loading 9333th epoch
Loss:[0.00000047]
Loading 9334th epoch
Loss:[0.00000047]
Loading 9335th epoch
Loss:[0.00000047]
Loading 9336th epoch
Loss:[0.00000047]
Loading 9337th epoch
Loss:[0.00000047]
Loading 9338th epoch
Loss:[0.00000047]
Loading 9339th epoch
Loss:[0.00000047]
Loading 9340th epoch
Loss:[0.00000047]
Loading 9341th epoch
Loss:[0.00000047]
Loading 9342th epoch
Loss:[0.00000047]
Loading 9343th epoch
Loss:[0.00000047]
Loading 9344th epoch
Loss:[0.00000047]
Loading 9345th epoch
Loss:[0.00000047]
Loading 9346th epoch
Loss:[0.00000047]
Loading 9347th epoch
Loss:[0.00000047]
Loading 9348th epoch
Loss:[0.00000047]
Loading 9349th epoch
Loss:[0.00000047]
Loading 9350th epoch
Loss:[0.00000047]
Loading 9351th epoch
Loss:[0.00000047]
Loading 9352th epoch
Loss:[0.00000047]
Loading 9353th epoch
Loss:[0.00000047]
Loading 9354th epoch
Loss:[0.00000047]
Loading 9355th epoch
Loss:[0.00000047]
Loading 9356th epoch
Loss:[0.00000047]
Loading 9357th epoch
Loss:[0.00000047]
Loading 9358th epoch
Loss:[0.00000047]
Loading 9359th epoch
Loss:[0.00000047]
Loading 9360th epoch
Loss:[0.00000047]
Loading 9361th epoch
Loss:[0.00000047]
Loading 9362th epoch
Loss:[0.00000047]
Loading 9363th epoch
Loss:[0.00000047]
Loading 9364th epoch
Loss:[0.00000047]
Loading 9365th epoch
Loss:[0.00000047]
Loading 9366th epoch
Loss:[0.00000047]
Loading 9367th epoch
Loss:[0.00000047]
Loading 9368th epoch
Loss:[0.00000047]
Loading 9369th epoch
Loss:[0.00000047]
Loading 9370th epoch
Loss:[0.00000046]
Loading 9371th epoch
Loss:[0.00000046]
Loading 9372th epoch
Loss:[0.00000046]
Loading 9373th epoch
Loss:[0.00000046]
Loading 9374th epoch
Loss:[0.00000046]
Loading 9375th epoch
Loss:[0.00000046]
Loading 9376th epoch
Loss:[0.00000046]
Loading 9377th epoch
Loss:[0.00000046]
Loading 9378th epoch
Loss:[0.00000046]
Loading 9379th epoch
Loss:[0.00000046]
Loading 9380th epoch
Loss:[0.00000046]
Loading 9381th epoch
Loss:[0.00000046]
Loading 9382th epoch
Loss:[0.00000046]
Loading 9383th epoch
Loss:[0.00000046]
Loading 9384th epoch
Loss:[0.00000046]
Loading 9385th epoch
Loss:[0.00000046]
Loading 9386th epoch
Loss:[0.00000046]
Loading 9387th epoch
Loss:[0.00000046]
Loading 9388th epoch
Loss:[0.00000046]
Loading 9389th epoch
Loss:[0.00000046]
Loading 9390th epoch
Loss:[0.00000046]
Loading 9391th epoch
Loss:[0.00000046]
Loading 9392th epoch
Loss:[0.00000046]
Loading 9393th epoch
Loss:[0.00000046]
Loading 9394th epoch
Loss:[0.00000046]
Loading 9395th epoch
Loss:[0.00000046]
Loading 9396th epoch
Loss:[0.00000046]
Loading 9397th epoch
Loss:[0.00000046]
Loading 9398th epoch
Loss:[0.00000046]
Loading 9399th epoch
Loss:[0.00000046]
Loading 9400th epoch
Loss:[0.00000046]
Loading 9401th epoch
Loss:[0.00000046]
Loading 9402th epoch
Loss:[0.00000046]
Loading 9403th epoch
Loss:[0.00000046]
Loading 9404th epoch
Loss:[0.00000046]
Loading 9405th epoch
Loss:[0.00000046]
Loading 9406th epoch
Loss:[0.00000046]
Loading 9407th epoch
Loss:[0.00000046]
Loading 9408th epoch
Loss:[0.00000046]
Loading 9409th epoch
Loss:[0.00000046]
Loading 9410th epoch
Loss:[0.00000045]
Loading 9411th epoch
Loss:[0.00000045]
Loading 9412th epoch
Loss:[0.00000045]
Loading 9413th epoch
Loss:[0.00000045]
Loading 9414th epoch
Loss:[0.00000045]
Loading 9415th epoch
Loss:[0.00000045]
Loading 9416th epoch
Loss:[0.00000045]
Loading 9417th epoch
Loss:[0.00000045]
Loading 9418th epoch
Loss:[0.00000045]
Loading 9419th epoch
Loss:[0.00000045]
Loading 9420th epoch
Loss:[0.00000045]
Loading 9421th epoch
Loss:[0.00000045]
Loading 9422th epoch
Loss:[0.00000045]
Loading 9423th epoch
Loss:[0.00000045]
Loading 9424th epoch
Loss:[0.00000045]
Loading 9425th epoch
Loss:[0.00000045]
Loading 9426th epoch
Loss:[0.00000045]
Loading 9427th epoch
Loss:[0.00000045]
Loading 9428th epoch
Loss:[0.00000045]
Loading 9429th epoch
Loss:[0.00000045]
Loading 9430th epoch
Loss:[0.00000045]
Loading 9431th epoch
Loss:[0.00000045]
Loading 9432th epoch
Loss:[0.00000045]
Loading 9433th epoch
Loss:[0.00000045]
Loading 9434th epoch
Loss:[0.00000045]
Loading 9435th epoch
Loss:[0.00000045]
Loading 9436th epoch
Loss:[0.00000045]
Loading 9437th epoch
Loss:[0.00000045]
Loading 9438th epoch
Loss:[0.00000045]
Loading 9439th epoch
Loss:[0.00000045]
Loading 9440th epoch
Loss:[0.00000045]
Loading 9441th epoch
Loss:[0.00000045]
Loading 9442th epoch
Loss:[0.00000045]
Loading 9443th epoch
Loss:[0.00000045]
Loading 9444th epoch
Loss:[0.00000045]
Loading 9445th epoch
Loss:[0.00000045]
Loading 9446th epoch
Loss:[0.00000045]
Loading 9447th epoch
Loss:[0.00000045]
Loading 9448th epoch
Loss:[0.00000045]
Loading 9449th epoch
Loss:[0.00000045]
Loading 9450th epoch
Loss:[0.00000045]
Loading 9451th epoch
Loss:[0.00000045]
Loading 9452th epoch
Loss:[0.00000044]
Loading 9453th epoch
Loss:[0.00000044]
Loading 9454th epoch
Loss:[0.00000044]
Loading 9455th epoch
Loss:[0.00000044]
Loading 9456th epoch
Loss:[0.00000044]
Loading 9457th epoch
Loss:[0.00000044]
Loading 9458th epoch
Loss:[0.00000044]
Loading 9459th epoch
Loss:[0.00000044]
Loading 9460th epoch
Loss:[0.00000044]
Loading 9461th epoch
Loss:[0.00000044]
Loading 9462th epoch
Loss:[0.00000044]
Loading 9463th epoch
Loss:[0.00000044]
Loading 9464th epoch
Loss:[0.00000044]
Loading 9465th epoch
Loss:[0.00000044]
Loading 9466th epoch
Loss:[0.00000044]
Loading 9467th epoch
Loss:[0.00000044]
Loading 9468th epoch
Loss:[0.00000044]
Loading 9469th epoch
Loss:[0.00000044]
Loading 9470th epoch
Loss:[0.00000044]
Loading 9471th epoch
Loss:[0.00000044]
Loading 9472th epoch
Loss:[0.00000044]
Loading 9473th epoch
Loss:[0.00000044]
Loading 9474th epoch
Loss:[0.00000044]
Loading 9475th epoch
Loss:[0.00000044]
Loading 9476th epoch
Loss:[0.00000044]
Loading 9477th epoch
Loss:[0.00000044]
Loading 9478th epoch
Loss:[0.00000044]
Loading 9479th epoch
Loss:[0.00000044]
Loading 9480th epoch
Loss:[0.00000044]
Loading 9481th epoch
Loss:[0.00000044]
Loading 9482th epoch
Loss:[0.00000044]
Loading 9483th epoch
Loss:[0.00000044]
Loading 9484th epoch
Loss:[0.00000044]
Loading 9485th epoch
Loss:[0.00000044]
Loading 9486th epoch
Loss:[0.00000044]
Loading 9487th epoch
Loss:[0.00000044]
Loading 9488th epoch
Loss:[0.00000044]
Loading 9489th epoch
Loss:[0.00000044]
Loading 9490th epoch
Loss:[0.00000044]
Loading 9491th epoch
Loss:[0.00000044]
Loading 9492th epoch
Loss:[0.00000043]
Loading 9493th epoch
Loss:[0.00000043]
Loading 9494th epoch
Loss:[0.00000043]
Loading 9495th epoch
Loss:[0.00000043]
Loading 9496th epoch
Loss:[0.00000043]
Loading 9497th epoch
Loss:[0.00000043]
Loading 9498th epoch
[ReliabilityLoss] step=9500 mode=descriptor pos(mean/min/max)=0.9645/0.2441/1.0000 neg(mean/min/max)=0.6058/0.3046/0.9202 base_bce=0.000000 weighted_bce=0.000000 weighted/base=0.6949
Loss:[0.00000043]
Loading 9499th epoch
Loss:[0.00000043]
Loading 9500th epoch
Loss:[0.00000043]
Loading 9501th epoch
Loss:[0.00000043]
Loading 9502th epoch
Loss:[0.00000043]
Loading 9503th epoch
Loss:[0.00000043]
Loading 9504th epoch
Loss:[0.00000043]
Loading 9505th epoch
Loss:[0.00000043]
Loading 9506th epoch
Loss:[0.00000043]
Loading 9507th epoch
Loss:[0.00000043]
Loading 9508th epoch
Loss:[0.00000043]
Loading 9509th epoch
Loss:[0.00000043]
Loading 9510th epoch
Loss:[0.00000043]
Loading 9511th epoch
Loss:[0.00000043]
Loading 9512th epoch
Loss:[0.00000043]
Loading 9513th epoch
Loss:[0.00000043]
Loading 9514th epoch
Loss:[0.00000043]
Loading 9515th epoch
Loss:[0.00000043]
Loading 9516th epoch
Loss:[0.00000043]
Loading 9517th epoch
Loss:[0.00000043]
Loading 9518th epoch
Loss:[0.00000043]
Loading 9519th epoch
Loss:[0.00000043]
Loading 9520th epoch
Loss:[0.00000043]
Loading 9521th epoch
Loss:[0.00000043]
Loading 9522th epoch
Loss:[0.00000043]
Loading 9523th epoch
Loss:[0.00000043]
Loading 9524th epoch
Loss:[0.00000043]
Loading 9525th epoch
Loss:[0.00000043]
Loading 9526th epoch
Loss:[0.00000043]
Loading 9527th epoch
Loss:[0.00000043]
Loading 9528th epoch
Loss:[0.00000043]
Loading 9529th epoch
Loss:[0.00000043]
Loading 9530th epoch
Loss:[0.00000043]
Loading 9531th epoch
Loss:[0.00000043]
Loading 9532th epoch
Loss:[0.00000043]
Loading 9533th epoch
Loss:[0.00000043]
Loading 9534th epoch
Loss:[0.00000042]
Loading 9535th epoch
Loss:[0.00000042]
Loading 9536th epoch
Loss:[0.00000042]
Loading 9537th epoch
Loss:[0.00000042]
Loading 9538th epoch
Loss:[0.00000042]
Loading 9539th epoch
Loss:[0.00000042]
Loading 9540th epoch
Loss:[0.00000042]
Loading 9541th epoch
Loss:[0.00000042]
Loading 9542th epoch
Loss:[0.00000042]
Loading 9543th epoch
Loss:[0.00000042]
Loading 9544th epoch
Loss:[0.00000042]
Loading 9545th epoch
Loss:[0.00000042]
Loading 9546th epoch
Loss:[0.00000042]
Loading 9547th epoch
Loss:[0.00000042]
Loading 9548th epoch
Loss:[0.00000042]
Loading 9549th epoch
Loss:[0.00000042]
Loading 9550th epoch
Loss:[0.00000042]
Loading 9551th epoch
Loss:[0.00000042]
Loading 9552th epoch
Loss:[0.00000042]
Loading 9553th epoch
Loss:[0.00000042]
Loading 9554th epoch
Loss:[0.00000042]
Loading 9555th epoch
Loss:[0.00000042]
Loading 9556th epoch
Loss:[0.00000042]
Loading 9557th epoch
Loss:[0.00000042]
Loading 9558th epoch
Loss:[0.00000042]
Loading 9559th epoch
Loss:[0.00000042]
Loading 9560th epoch
Loss:[0.00000042]
Loading 9561th epoch
Loss:[0.00000042]
Loading 9562th epoch
Loss:[0.00000042]
Loading 9563th epoch
Loss:[0.00000042]
Loading 9564th epoch
Loss:[0.00000042]
Loading 9565th epoch
Loss:[0.00000042]
Loading 9566th epoch
Loss:[0.00000042]
Loading 9567th epoch
Loss:[0.00000042]
Loading 9568th epoch
Loss:[0.00000042]
Loading 9569th epoch
Loss:[0.00000042]
Loading 9570th epoch
Loss:[0.00000042]
Loading 9571th epoch
Loss:[0.00000042]
Loading 9572th epoch
Loss:[0.00000042]
Loading 9573th epoch
Loss:[0.00000042]
Loading 9574th epoch
Loss:[0.00000042]
Loading 9575th epoch
Loss:[0.00000042]
Loading 9576th epoch
Loss:[0.00000042]
Loading 9577th epoch
Loss:[0.00000041]
Loading 9578th epoch
Loss:[0.00000041]
Loading 9579th epoch
Loss:[0.00000041]
Loading 9580th epoch
Loss:[0.00000041]
Loading 9581th epoch
Loss:[0.00000041]
Loading 9582th epoch
Loss:[0.00000041]
Loading 9583th epoch
Loss:[0.00000041]
Loading 9584th epoch
Loss:[0.00000041]
Loading 9585th epoch
Loss:[0.00000041]
Loading 9586th epoch
Loss:[0.00000041]
Loading 9587th epoch
Loss:[0.00000041]
Loading 9588th epoch
Loss:[0.00000041]
Loading 9589th epoch
Loss:[0.00000041]
Loading 9590th epoch
Loss:[0.00000041]
Loading 9591th epoch
Loss:[0.00000041]
Loading 9592th epoch
Loss:[0.00000041]
Loading 9593th epoch
Loss:[0.00000041]
Loading 9594th epoch
Loss:[0.00000041]
Loading 9595th epoch
Loss:[0.00000041]
Loading 9596th epoch
Loss:[0.00000041]
Loading 9597th epoch
Loss:[0.00000041]
Loading 9598th epoch
Loss:[0.00000041]
Loading 9599th epoch
Loss:[0.00000041]
Loading 9600th epoch
Loss:[0.00000041]
Loading 9601th epoch
Loss:[0.00000041]
Loading 9602th epoch
Loss:[0.00000041]
Loading 9603th epoch
Loss:[0.00000041]
Loading 9604th epoch
Loss:[0.00000041]
Loading 9605th epoch
Loss:[0.00000041]
Loading 9606th epoch
Loss:[0.00000041]
Loading 9607th epoch
Loss:[0.00000041]
Loading 9608th epoch
Loss:[0.00000041]
Loading 9609th epoch
Loss:[0.00000041]
Loading 9610th epoch
Loss:[0.00000041]
Loading 9611th epoch
Loss:[0.00000041]
Loading 9612th epoch
Loss:[0.00000041]
Loading 9613th epoch
Loss:[0.00000041]
Loading 9614th epoch
Loss:[0.00000041]
Loading 9615th epoch
Loss:[0.00000041]
Loading 9616th epoch
Loss:[0.00000041]
Loading 9617th epoch
Loss:[0.00000041]
Loading 9618th epoch
Loss:[0.00000041]
Loading 9619th epoch
Loss:[0.00000040]
Loading 9620th epoch
Loss:[0.00000040]
Loading 9621th epoch
Loss:[0.00000040]
Loading 9622th epoch
Loss:[0.00000040]
Loading 9623th epoch
Loss:[0.00000040]
Loading 9624th epoch
Loss:[0.00000040]
Loading 9625th epoch
Loss:[0.00000040]
Loading 9626th epoch
Loss:[0.00000040]
Loading 9627th epoch
Loss:[0.00000040]
Loading 9628th epoch
Loss:[0.00000040]
Loading 9629th epoch
Loss:[0.00000040]
Loading 9630th epoch
Loss:[0.00000040]
Loading 9631th epoch
Loss:[0.00000040]
Loading 9632th epoch
Loss:[0.00000040]
Loading 9633th epoch
Loss:[0.00000040]
Loading 9634th epoch
Loss:[0.00000040]
Loading 9635th epoch
Loss:[0.00000040]
Loading 9636th epoch
Loss:[0.00000040]
Loading 9637th epoch
Loss:[0.00000040]
Loading 9638th epoch
Loss:[0.00000040]
Loading 9639th epoch
Loss:[0.00000040]
Loading 9640th epoch
Loss:[0.00000040]
Loading 9641th epoch
Loss:[0.00000040]
Loading 9642th epoch
Loss:[0.00000040]
Loading 9643th epoch
Loss:[0.00000040]
Loading 9644th epoch
Loss:[0.00000040]
Loading 9645th epoch
Loss:[0.00000040]
Loading 9646th epoch
Loss:[0.00000040]
Loading 9647th epoch
Loss:[0.00000040]
Loading 9648th epoch
Loss:[0.00000040]
Loading 9649th epoch
Loss:[0.00000040]
Loading 9650th epoch
Loss:[0.00000040]
Loading 9651th epoch
Loss:[0.00000040]
Loading 9652th epoch
Loss:[0.00000040]
Loading 9653th epoch
Loss:[0.00000040]
Loading 9654th epoch
Loss:[0.00000040]
Loading 9655th epoch
Loss:[0.00000040]
Loading 9656th epoch
Loss:[0.00000040]
Loading 9657th epoch
Loss:[0.00000040]
Loading 9658th epoch
Loss:[0.00000040]
Loading 9659th epoch
Loss:[0.00000040]
Loading 9660th epoch
Loss:[0.00000040]
Loading 9661th epoch
Loss:[0.00000040]
Loading 9662th epoch
Loss:[0.00000039]
Loading 9663th epoch
Loss:[0.00000039]
Loading 9664th epoch
Loss:[0.00000039]
Loading 9665th epoch
Loss:[0.00000039]
Loading 9666th epoch
Loss:[0.00000039]
Loading 9667th epoch
Loss:[0.00000039]
Loading 9668th epoch
Loss:[0.00000039]
Loading 9669th epoch
Loss:[0.00000039]
Loading 9670th epoch
Loss:[0.00000039]
Loading 9671th epoch
Loss:[0.00000039]
Loading 9672th epoch
Loss:[0.00000039]
Loading 9673th epoch
Loss:[0.00000039]
Loading 9674th epoch
Loss:[0.00000039]
Loading 9675th epoch
Loss:[0.00000039]
Loading 9676th epoch
Loss:[0.00000039]
Loading 9677th epoch
Loss:[0.00000039]
Loading 9678th epoch
Loss:[0.00000039]
Loading 9679th epoch
Loss:[0.00000039]
Loading 9680th epoch
Loss:[0.00000039]
Loading 9681th epoch
Loss:[0.00000039]
Loading 9682th epoch
Loss:[0.00000039]
Loading 9683th epoch
Loss:[0.00000039]
Loading 9684th epoch
Loss:[0.00000039]
Loading 9685th epoch
Loss:[0.00000039]
Loading 9686th epoch
Loss:[0.00000039]
Loading 9687th epoch
Loss:[0.00000039]
Loading 9688th epoch
Loss:[0.00000039]
Loading 9689th epoch
Loss:[0.00000039]
Loading 9690th epoch
Loss:[0.00000039]
Loading 9691th epoch
Loss:[0.00000039]
Loading 9692th epoch
Loss:[0.00000039]
Loading 9693th epoch
Loss:[0.00000039]
Loading 9694th epoch
Loss:[0.00000039]
Loading 9695th epoch
Loss:[0.00000039]
Loading 9696th epoch
Loss:[0.00000039]
Loading 9697th epoch
Loss:[0.00000039]
Loading 9698th epoch
Loss:[0.00000039]
Loading 9699th epoch
Loss:[0.00000039]
Loading 9700th epoch
Loss:[0.00000039]
Loading 9701th epoch
Loss:[0.00000039]
Loading 9702th epoch
Loss:[0.00000039]
Loading 9703th epoch
Loss:[0.00000039]
Loading 9704th epoch
Loss:[0.00000038]
Loading 9705th epoch
Loss:[0.00000038]
Loading 9706th epoch
Loss:[0.00000038]
Loading 9707th epoch
Loss:[0.00000038]
Loading 9708th epoch
Loss:[0.00000038]
Loading 9709th epoch
Loss:[0.00000038]
Loading 9710th epoch
Loss:[0.00000038]
Loading 9711th epoch
Loss:[0.00000038]
Loading 9712th epoch
Loss:[0.00000038]
Loading 9713th epoch
Loss:[0.00000038]
Loading 9714th epoch
Loss:[0.00000038]
Loading 9715th epoch
Loss:[0.00000038]
Loading 9716th epoch
Loss:[0.00000038]
Loading 9717th epoch
Loss:[0.00000038]
Loading 9718th epoch
Loss:[0.00000038]
Loading 9719th epoch
Loss:[0.00000038]
Loading 9720th epoch
Loss:[0.00000038]
Loading 9721th epoch
Loss:[0.00000038]
Loading 9722th epoch
Loss:[0.00000038]
Loading 9723th epoch
Loss:[0.00000038]
Loading 9724th epoch
Loss:[0.00000038]
Loading 9725th epoch
Loss:[0.00000038]
Loading 9726th epoch
Loss:[0.00000038]
Loading 9727th epoch
Loss:[0.00000038]
Loading 9728th epoch
Loss:[0.00000038]
Loading 9729th epoch
Loss:[0.00000038]
Loading 9730th epoch
Loss:[0.00000038]
Loading 9731th epoch
Loss:[0.00000038]
Loading 9732th epoch
Loss:[0.00000038]
Loading 9733th epoch
Loss:[0.00000038]
Loading 9734th epoch
Loss:[0.00000038]
Loading 9735th epoch
Loss:[0.00000038]
Loading 9736th epoch
Loss:[0.00000038]
Loading 9737th epoch
Loss:[0.00000038]
Loading 9738th epoch
Loss:[0.00000038]
Loading 9739th epoch
Loss:[0.00000038]
Loading 9740th epoch
Loss:[0.00000038]
Loading 9741th epoch
Loss:[0.00000038]
Loading 9742th epoch
Loss:[0.00000038]
Loading 9743th epoch
Loss:[0.00000038]
Loading 9744th epoch
Loss:[0.00000038]
Loading 9745th epoch
Loss:[0.00000038]
Loading 9746th epoch
Loss:[0.00000038]
Loading 9747th epoch
Loss:[0.00000038]
Loading 9748th epoch
Loss:[0.00000038]
Loading 9749th epoch
Loss:[0.00000038]
Loading 9750th epoch
Loss:[0.00000038]
Loading 9751th epoch
Loss:[0.00000037]
Loading 9752th epoch
Loss:[0.00000037]
Loading 9753th epoch
Loss:[0.00000037]
Loading 9754th epoch
Loss:[0.00000037]
Loading 9755th epoch
Loss:[0.00000037]
Loading 9756th epoch
Loss:[0.00000037]
Loading 9757th epoch
Loss:[0.00000037]
Loading 9758th epoch
Loss:[0.00000037]
Loading 9759th epoch
Loss:[0.00000037]
Loading 9760th epoch
Loss:[0.00000037]
Loading 9761th epoch
Loss:[0.00000037]
Loading 9762th epoch
Loss:[0.00000037]
Loading 9763th epoch
Loss:[0.00000037]
Loading 9764th epoch
Loss:[0.00000037]
Loading 9765th epoch
Loss:[0.00000037]
Loading 9766th epoch
Loss:[0.00000037]
Loading 9767th epoch
Loss:[0.00000037]
Loading 9768th epoch
Loss:[0.00000037]
Loading 9769th epoch
Loss:[0.00000037]
Loading 9770th epoch
Loss:[0.00000037]
Loading 9771th epoch
Loss:[0.00000037]
Loading 9772th epoch
Loss:[0.00000037]
Loading 9773th epoch
Loss:[0.00000037]
Loading 9774th epoch
Loss:[0.00000037]
Loading 9775th epoch
Loss:[0.00000037]
Loading 9776th epoch
Loss:[0.00000037]
Loading 9777th epoch
Loss:[0.00000037]
Loading 9778th epoch
Loss:[0.00000037]
Loading 9779th epoch
Loss:[0.00000037]
Loading 9780th epoch
Loss:[0.00000037]
Loading 9781th epoch
Loss:[0.00000037]
Loading 9782th epoch
Loss:[0.00000037]
Loading 9783th epoch
Loss:[0.00000037]
Loading 9784th epoch
Loss:[0.00000037]
Loading 9785th epoch
Loss:[0.00000037]
Loading 9786th epoch
Loss:[0.00000037]
Loading 9787th epoch
Loss:[0.00000037]
Loading 9788th epoch
Loss:[0.00000037]
Loading 9789th epoch
Loss:[0.00000037]
Loading 9790th epoch
Loss:[0.00000037]
Loading 9791th epoch
Loss:[0.00000037]
Loading 9792th epoch
Loss:[0.00000037]
Loading 9793th epoch
Loss:[0.00000037]
Loading 9794th epoch
Loss:[0.00000037]
Loading 9795th epoch
Loss:[0.00000037]
Loading 9796th epoch
Loss:[0.00000037]
Loading 9797th epoch
Loss:[0.00000036]
Loading 9798th epoch
Loss:[0.00000036]
Loading 9799th epoch
Loss:[0.00000036]
Loading 9800th epoch
Loss:[0.00000036]
Loading 9801th epoch
Loss:[0.00000036]
Loading 9802th epoch
Loss:[0.00000036]
Loading 9803th epoch
Loss:[0.00000036]
Loading 9804th epoch
Loss:[0.00000036]
Loading 9805th epoch
Loss:[0.00000036]
Loading 9806th epoch
Loss:[0.00000036]
Loading 9807th epoch
Loss:[0.00000036]
Loading 9808th epoch
Loss:[0.00000036]
Loading 9809th epoch
Loss:[0.00000036]
Loading 9810th epoch
Loss:[0.00000036]
Loading 9811th epoch
Loss:[0.00000036]
Loading 9812th epoch
Loss:[0.00000036]
Loading 9813th epoch
Loss:[0.00000036]
Loading 9814th epoch
Loss:[0.00000036]
Loading 9815th epoch
Loss:[0.00000036]
Loading 9816th epoch
Loss:[0.00000036]
Loading 9817th epoch
Loss:[0.00000036]
Loading 9818th epoch
Loss:[0.00000036]
Loading 9819th epoch
Loss:[0.00000036]
Loading 9820th epoch
Loss:[0.00000036]
Loading 9821th epoch
Loss:[0.00000036]
Loading 9822th epoch
Loss:[0.00000036]
Loading 9823th epoch
Loss:[0.00000036]
Loading 9824th epoch
Loss:[0.00000036]
Loading 9825th epoch
Loss:[0.00000036]
Loading 9826th epoch
Loss:[0.00000036]
Loading 9827th epoch
Loss:[0.00000036]
Loading 9828th epoch
Loss:[0.00000036]
Loading 9829th epoch
Loss:[0.00000036]
Loading 9830th epoch
Loss:[0.00000036]
Loading 9831th epoch
Loss:[0.00000036]
Loading 9832th epoch
Loss:[0.00000036]
Loading 9833th epoch
Loss:[0.00000036]
Loading 9834th epoch
Loss:[0.00000036]
Loading 9835th epoch
Loss:[0.00000036]
Loading 9836th epoch
Loss:[0.00000036]
Loading 9837th epoch
Loss:[0.00000036]
Loading 9838th epoch
Loss:[0.00000036]
Loading 9839th epoch
Loss:[0.00000036]
Loading 9840th epoch
Loss:[0.00000036]
Loading 9841th epoch
Loss:[0.00000036]
Loading 9842th epoch
Loss:[0.00000036]
Loading 9843th epoch
Loss:[0.00000036]
Loading 9844th epoch
Loss:[0.00000036]
Loading 9845th epoch
Loss:[0.00000036]
Loading 9846th epoch
Loss:[0.00000035]
Loading 9847th epoch
Loss:[0.00000035]
Loading 9848th epoch
Loss:[0.00000035]
Loading 9849th epoch
Loss:[0.00000035]
Loading 9850th epoch
Loss:[0.00000035]
Loading 9851th epoch
Loss:[0.00000035]
Loading 9852th epoch
Loss:[0.00000035]
Loading 9853th epoch
Loss:[0.00000035]
Loading 9854th epoch
Loss:[0.00000035]
Loading 9855th epoch
Loss:[0.00000035]
Loading 9856th epoch
Loss:[0.00000035]
Loading 9857th epoch
Loss:[0.00000035]
Loading 9858th epoch
Loss:[0.00000035]
Loading 9859th epoch
Loss:[0.00000035]
Loading 9860th epoch
Loss:[0.00000035]
Loading 9861th epoch
Loss:[0.00000035]
Loading 9862th epoch
Loss:[0.00000035]
Loading 9863th epoch
Loss:[0.00000035]
Loading 9864th epoch
Loss:[0.00000035]
Loading 9865th epoch
Loss:[0.00000035]
Loading 9866th epoch
Loss:[0.00000035]
Loading 9867th epoch
Loss:[0.00000035]
Loading 9868th epoch
Loss:[0.00000035]
Loading 9869th epoch
Loss:[0.00000035]
Loading 9870th epoch
Loss:[0.00000035]
Loading 9871th epoch
Loss:[0.00000035]
Loading 9872th epoch
Loss:[0.00000035]
Loading 9873th epoch
Loss:[0.00000035]
Loading 9874th epoch
Loss:[0.00000035]
Loading 9875th epoch
Loss:[0.00000035]
Loading 9876th epoch
Loss:[0.00000035]
Loading 9877th epoch
Loss:[0.00000035]
Loading 9878th epoch
Loss:[0.00000035]
Loading 9879th epoch
Loss:[0.00000035]
Loading 9880th epoch
Loss:[0.00000035]
Loading 9881th epoch
Loss:[0.00000035]
Loading 9882th epoch
Loss:[0.00000035]
Loading 9883th epoch
Loss:[0.00000035]
Loading 9884th epoch
Loss:[0.00000035]
Loading 9885th epoch
Loss:[0.00000035]
Loading 9886th epoch
Loss:[0.00000035]
Loading 9887th epoch
Loss:[0.00000035]
Loading 9888th epoch
Loss:[0.00000035]
Loading 9889th epoch
Loss:[0.00000035]
Loading 9890th epoch
Loss:[0.00000035]
Loading 9891th epoch
Loss:[0.00000035]
Loading 9892th epoch
Loss:[0.00000035]
Loading 9893th epoch
Loss:[0.00000035]
Loading 9894th epoch
Loss:[0.00000035]
Loading 9895th epoch
Loss:[0.00000034]
Loading 9896th epoch
Loss:[0.00000034]
Loading 9897th epoch
Loss:[0.00000034]
Loading 9898th epoch
Loss:[0.00000034]
Loading 9899th epoch
Loss:[0.00000034]
Loading 9900th epoch
Loss:[0.00000034]
Loading 9901th epoch
Loss:[0.00000034]
Loading 9902th epoch
Loss:[0.00000034]
Loading 9903th epoch
Loss:[0.00000034]
Loading 9904th epoch
Loss:[0.00000034]
Loading 9905th epoch
Loss:[0.00000034]
Loading 9906th epoch
Loss:[0.00000034]
Loading 9907th epoch
Loss:[0.00000034]
Loading 9908th epoch
Loss:[0.00000034]
Loading 9909th epoch
Loss:[0.00000034]
Loading 9910th epoch
Loss:[0.00000034]
Loading 9911th epoch
Loss:[0.00000034]
Loading 9912th epoch
Loss:[0.00000034]
Loading 9913th epoch
Loss:[0.00000034]
Loading 9914th epoch
Loss:[0.00000034]
Loading 9915th epoch
Loss:[0.00000034]
Loading 9916th epoch
Loss:[0.00000034]
Loading 9917th epoch
Loss:[0.00000034]
Loading 9918th epoch
Loss:[0.00000034]
Loading 9919th epoch
Loss:[0.00000034]
Loading 9920th epoch
Loss:[0.00000034]
Loading 9921th epoch
Loss:[0.00000034]
Loading 9922th epoch
Loss:[0.00000034]
Loading 9923th epoch
Loss:[0.00000034]
Loading 9924th epoch
Loss:[0.00000034]
Loading 9925th epoch
Loss:[0.00000034]
Loading 9926th epoch
Loss:[0.00000034]
Loading 9927th epoch
Loss:[0.00000034]
Loading 9928th epoch
Loss:[0.00000034]
Loading 9929th epoch
Loss:[0.00000034]
Loading 9930th epoch
Loss:[0.00000034]
Loading 9931th epoch
Loss:[0.00000034]
Loading 9932th epoch
Loss:[0.00000034]
Loading 9933th epoch
Loss:[0.00000034]
Loading 9934th epoch
Loss:[0.00000034]
Loading 9935th epoch
Loss:[0.00000034]
Loading 9936th epoch
Loss:[0.00000034]
Loading 9937th epoch
Loss:[0.00000034]
Loading 9938th epoch
Loss:[0.00000034]
Loading 9939th epoch
Loss:[0.00000034]
Loading 9940th epoch
Loss:[0.00000034]
Loading 9941th epoch
Loss:[0.00000034]
Loading 9942th epoch
Loss:[0.00000034]
Loading 9943th epoch
Loss:[0.00000034]
Loading 9944th epoch
Loss:[0.00000034]
Loading 9945th epoch
Loss:[0.00000034]
Loading 9946th epoch
Loss:[0.00000034]
Loading 9947th epoch
Loss:[0.00000034]
Loading 9948th epoch
Loss:[0.00000033]
Loading 9949th epoch
Loss:[0.00000033]
Loading 9950th epoch
Loss:[0.00000033]
Loading 9951th epoch
Loss:[0.00000033]
Loading 9952th epoch
Loss:[0.00000033]
Loading 9953th epoch
Loss:[0.00000033]
Loading 9954th epoch
Loss:[0.00000033]
Loading 9955th epoch
Loss:[0.00000033]
Loading 9956th epoch
Loss:[0.00000033]
Loading 9957th epoch
Loss:[0.00000033]
Loading 9958th epoch
Loss:[0.00000033]
Loading 9959th epoch
Loss:[0.00000033]
Loading 9960th epoch
Loss:[0.00000033]
Loading 9961th epoch
Loss:[0.00000033]
Loading 9962th epoch
Loss:[0.00000033]
Loading 9963th epoch
Loss:[0.00000033]
Loading 9964th epoch
Loss:[0.00000033]
Loading 9965th epoch
Loss:[0.00000033]
Loading 9966th epoch
Loss:[0.00000033]
Loading 9967th epoch
Loss:[0.00000033]
Loading 9968th epoch
Loss:[0.00000033]
Loading 9969th epoch
Loss:[0.00000033]
Loading 9970th epoch
Loss:[0.00000033]
Loading 9971th epoch
Loss:[0.00000033]
Loading 9972th epoch
Loss:[0.00000033]
Loading 9973th epoch
Loss:[0.00000033]
Loading 9974th epoch
Loss:[0.00000033]
Loading 9975th epoch
Loss:[0.00000033]
Loading 9976th epoch
Loss:[0.00000033]
Loading 9977th epoch
Loss:[0.00000033]
Loading 9978th epoch
Loss:[0.00000033]
Loading 9979th epoch
Loss:[0.00000033]
Loading 9980th epoch
Loss:[0.00000033]
Loading 9981th epoch
Loss:[0.00000033]
Loading 9982th epoch
Loss:[0.00000033]
Loading 9983th epoch
Loss:[0.00000033]
Loading 9984th epoch
Loss:[0.00000033]
Loading 9985th epoch
Loss:[0.00000033]
Loading 9986th epoch
Loss:[0.00000033]
Loading 9987th epoch
Loss:[0.00000033]
Loading 9988th epoch
Loss:[0.00000033]
Loading 9989th epoch
Loss:[0.00000033]
Loading 9990th epoch
Loss:[0.00000033]
Loading 9991th epoch
Loss:[0.00000033]
Loading 9992th epoch
Loss:[0.00000033]
Loading 9993th epoch
Loss:[0.00000033]
Loading 9994th epoch
Loss:[0.00000033]
Loading 9995th epoch
Loss:[0.00000033]
Loading 9996th epoch
Loss:[0.00000033]
Loading 9997th epoch
Loss:[0.00000033]
Loading 9998th epoch
[ReliabilityLoss] step=10000 mode=descriptor pos(mean/min/max)=0.9645/0.2441/1.0000 neg(mean/min/max)=0.6058/0.3045/0.9202 base_bce=0.000000 weighted_bce=0.000000 weighted/base=0.6970
Loss:[0.00000033]
Loading 9999th epoch
##################################################
PreTrain datasets are  ['Citeseer', 'Pubmed', 'Photo', 'Computers', 'FacebookPagePage', 'LastFMAsia']
Downastream dataset is  Cora
Cora()
DataBatch(x=[2708, 1433], edge_index=[2, 10556], y=[2708], train_mask=[2708], val_mask=[2708], test_mask=[2708], batch=[2708], ptr=[2])
process done
0.3031178182672808
nb_classes 7
loading model from /home/ustc1958/lxy/graph/1/SAMGPT0516/checkpoints/model_node_GRAPHCL__Citeseer_Pubmed_Photo_Computers_FacebookPagePage_LastFMAsia_1.0_1.0_all_all_50_256_0.001_gcn_rel1_descriptor.pkl
----------------------------------------------------------------------------------------------------
shotnum 1
  0%|          | 0/100 [00:00<?, ?it/s]  1%|          | 1/100 [00:05<09:43,  5.89s/it]  2%|▏         | 2/100 [00:13<10:58,  6.72s/it]  3%|▎         | 3/100 [00:19<10:30,  6.50s/it]  4%|▍         | 4/100 [00:26<10:52,  6.80s/it]  5%|▌         | 5/100 [00:32<10:14,  6.47s/it]  6%|▌         | 6/100 [00:38<09:59,  6.38s/it]  7%|▋         | 7/100 [00:45<10:12,  6.58s/it]  8%|▊         | 8/100 [00:52<10:20,  6.75s/it]  9%|▉         | 9/100 [01:01<11:09,  7.35s/it] 10%|█         | 10/100 [01:08<11:03,  7.37s/it] 11%|█         | 11/100 [01:16<10:52,  7.33s/it] 12%|█▏        | 12/100 [01:23<10:31,  7.17s/it] 13%|█▎        | 13/100 [01:29<10:01,  6.91s/it] 14%|█▍        | 14/100 [01:34<09:12,  6.42s/it] 15%|█▌        | 15/100 [01:41<09:14,  6.52s/it] 16%|█▌        | 16/100 [01:48<09:20,  6.67s/it] 17%|█▋        | 17/100 [01:55<09:14,  6.68s/it] 18%|█▊        | 18/100 [02:01<09:11,  6.72s/it] 19%|█▉        | 19/100 [02:06<08:23,  6.21s/it] 20%|██        | 20/100 [02:12<07:56,  5.96s/it] 21%|██        | 21/100 [02:18<07:46,  5.90s/it] 22%|██▏       | 22/100 [02:25<08:20,  6.41s/it] 23%|██▎       | 23/100 [02:34<09:08,  7.12s/it] 24%|██▍       | 24/100 [02:43<09:36,  7.58s/it] 25%|██▌       | 25/100 [02:51<09:48,  7.85s/it] 26%|██▌       | 26/100 [03:00<09:54,  8.03s/it] 27%|██▋       | 27/100 [03:08<09:57,  8.18s/it] 28%|██▊       | 28/100 [03:17<09:55,  8.27s/it] 29%|██▉       | 29/100 [03:25<09:51,  8.33s/it] 30%|███       | 30/100 [03:31<08:50,  7.58s/it] 31%|███       | 31/100 [03:36<08:02,  6.99s/it] 32%|███▏      | 32/100 [03:44<08:07,  7.16s/it] 33%|███▎      | 33/100 [03:52<08:18,  7.43s/it] 34%|███▍      | 34/100 [04:00<08:25,  7.65s/it] 35%|███▌      | 35/100 [04:09<08:33,  7.90s/it] 36%|███▌      | 36/100 [04:17<08:36,  8.07s/it] 37%|███▋      | 37/100 [04:26<08:38,  8.23s/it] 38%|███▊      | 38/100 [04:34<08:32,  8.27s/it] 39%|███▉      | 39/100 [04:43<08:25,  8.29s/it] 40%|████      | 40/100 [04:50<08:07,  8.13s/it] 41%|████      | 41/100 [04:58<07:47,  7.93s/it] 42%|████▏     | 42/100 [05:02<06:41,  6.93s/it] 43%|████▎     | 43/100 [05:08<06:12,  6.54s/it] 44%|████▍     | 44/100 [05:14<05:59,  6.43s/it] 45%|████▌     | 45/100 [05:21<06:02,  6.60s/it] 46%|████▌     | 46/100 [05:30<06:26,  7.15s/it] 47%|████▋     | 47/100 [05:38<06:39,  7.54s/it] 48%|████▊     | 48/100 [05:46<06:46,  7.82s/it] 49%|████▉     | 49/100 [05:55<06:48,  8.01s/it] 50%|█████     | 50/100 [06:03<06:47,  8.14s/it] 51%|█████     | 51/100 [06:12<06:43,  8.24s/it] 52%|█████▏    | 52/100 [06:20<06:38,  8.30s/it] 53%|█████▎    | 53/100 [06:29<06:32,  8.35s/it] 54%|█████▍    | 54/100 [06:37<06:25,  8.38s/it] 55%|█████▌    | 55/100 [06:46<06:18,  8.42s/it] 56%|█████▌    | 56/100 [06:53<05:51,  7.99s/it] 57%|█████▋    | 57/100 [06:58<05:05,  7.11s/it] 58%|█████▊    | 58/100 [07:05<05:06,  7.29s/it] 59%|█████▉    | 59/100 [07:14<05:12,  7.62s/it] 60%|██████    | 60/100 [07:22<05:11,  7.78s/it] 61%|██████    | 61/100 [07:28<04:47,  7.38s/it] 62%|██████▏   | 62/100 [07:36<04:46,  7.54s/it] 63%|██████▎   | 63/100 [07:44<04:38,  7.51s/it] 64%|██████▍   | 64/100 [07:51<04:24,  7.34s/it] 65%|██████▌   | 65/100 [07:59<04:21,  7.47s/it] 66%|██████▌   | 66/100 [08:06<04:11,  7.39s/it] 67%|██████▋   | 67/100 [08:14<04:15,  7.73s/it] 68%|██████▊   | 68/100 [08:23<04:15,  7.98s/it] 69%|██████▉   | 69/100 [08:31<04:05,  7.92s/it] 70%|███████   | 70/100 [08:38<03:53,  7.77s/it] 71%|███████   | 71/100 [08:45<03:38,  7.53s/it] 72%|███████▏  | 72/100 [08:52<03:22,  7.23s/it] 73%|███████▎  | 73/100 [09:00<03:23,  7.52s/it] 74%|███████▍  | 74/100 [09:06<03:09,  7.29s/it] 75%|███████▌  | 75/100 [09:15<03:09,  7.57s/it] 76%|███████▌  | 76/100 [09:23<03:08,  7.86s/it] 77%|███████▋  | 77/100 [09:32<03:05,  8.05s/it] 78%|███████▊  | 78/100 [09:40<02:59,  8.18s/it] 79%|███████▉  | 79/100 [09:49<02:53,  8.28s/it] 80%|████████  | 80/100 [09:57<02:46,  8.35s/it] 81%|████████  | 81/100 [10:06<02:39,  8.39s/it] 82%|████████▏ | 82/100 [10:14<02:31,  8.42s/it] 83%|████████▎ | 83/100 [10:23<02:24,  8.49s/it] 84%|████████▍ | 84/100 [10:31<02:12,  8.29s/it] 85%|████████▌ | 85/100 [10:39<02:04,  8.30s/it] 86%|████████▌ | 86/100 [10:46<01:49,  7.84s/it] 87%|████████▋ | 87/100 [10:52<01:35,  7.32s/it] 88%|████████▊ | 88/100 [10:58<01:23,  6.95s/it] 89%|████████▉ | 89/100 [11:04<01:14,  6.73s/it] 90%|█████████ | 90/100 [11:13<01:12,  7.29s/it] 91%|█████████ | 91/100 [11:21<01:09,  7.68s/it] 92%|█████████▏| 92/100 [11:30<01:02,  7.82s/it] 93%|█████████▎| 93/100 [11:38<00:56,  8.02s/it] 94%|█████████▍| 94/100 [11:47<00:49,  8.17s/it] 95%|█████████▌| 95/100 [11:54<00:40,  8.01s/it] 96%|█████████▌| 96/100 [11:59<00:28,  7.05s/it] 97%|█████████▋| 97/100 [12:03<00:18,  6.25s/it] 98%|█████████▊| 98/100 [12:08<00:11,  5.84s/it] 99%|█████████▉| 99/100 [12:14<00:05,  5.88s/it]100%|██████████| 100/100 [12:21<00:00,  6.04s/it]100%|██████████| 100/100 [12:21<00:00,  7.41s/it]
----------------------------------------------------------------------------------------------------
Average accuracy:[0.4782]
Mean:[47.8200]
Std :[12.3692]
----------------------------------------------------------------------------------------------------
